title,author,journal,number,cites,year,cid,pubid,scholar_name,scholar_id
Sok: Preventing transaction reordering manipulations in decentralized finance,"L Heimbach, R Wattenhofer",Proceedings of the,4th ACM Conference on Advances in Financial Technologies …,97,2022,4851859544929246894,Y0pCki6q_DkC,Lioba Heimbach,CJgiaf0AAAAJ
Risks and returns of uniswap v3 liquidity providers,"L Heimbach, E Schertenleib, R Wattenhofer",Proceedings of the,4th ACM Conference on Advances in Financial Technologies …,90,2022,917660983561336178,_FxGoFyzp5QC,Lioba Heimbach,CJgiaf0AAAAJ
Eliminating Sandwich Attacks with the Help of Game Theory,"L Heimbach, R Wattenhofer",,2022 ACM Asia Conference on Computer and Communications Security (ASIA CCS …,75,2022,10314673415943694329,zYLM7Y9cAGgC,Lioba Heimbach,CJgiaf0AAAAJ
Behavior of liquidity providers in decentralized exchanges,"L Heimbach, Y Wang, R Wattenhofer",,"2021 Crypto Valley Conference on Blockchain Technology (CVCBT), Rotkreuz …",72,2021,93995474768875627,u-x6o8ySG0sC,Lioba Heimbach,CJgiaf0AAAAJ
Ethereum's Proposer-Builder Separation: Promises and Realities,"L Heimbach, L Kiffer, C Ferreira Torres, R Wattenhofer",Proceedings of the,"2023 ACM on Internet Measurement Conference, 406-420",60,2023,10581142431940111554,7PzlFSSx8tAC,Lioba Heimbach,CJgiaf0AAAAJ
Ride the lightning: The game theory of payment channels,"Z Avarikioti, L Heimbach, Y Wang, R Wattenhofer",Financial Cryptography and Data Security:,"24th International Conference, FC …",50,2020,"12665978203693825619,11045339156420192321",qjMakFHDy7sC,Lioba Heimbach,CJgiaf0AAAAJ
An Empirical Study of Market Inefficiencies in Uniswap and SushiSwap,"JA Berg, R Fritsch, L Heimbach, R Wattenhofer",The,"2nd Workshop on Decentralized Finance (DeFi), Grenada",45,2022,"8023136457067148937,16344704281012451112",Tyk-4Ss8FVUC,Lioba Heimbach,CJgiaf0AAAAJ
FnF-BFT: A BFT Protocol with Provable Performance Under Attack,"Z Avarikioti, L Heimbach, R Schmid, L Vanbever, R Wattenhofer, ...",Structural Information and Communication Complexity:,30th International …,44,2023,"16046682704499040612,2618868090220268741",L8Ckcad2t8MC,Lioba Heimbach,CJgiaf0AAAAJ
Ethereum proof-of-stake consensus layer: Participation and decentralization,"D Grandjean, L Heimbach, R Wattenhofer",International Conference on Financial Cryptography and Data Security,253-280,37,2024,11216961081647720189,IWHjjKOFINEC,Lioba Heimbach,CJgiaf0AAAAJ
Non-atomic arbitrage in decentralized finance,"L Heimbach, V Pahari, E Schertenleib",,"2024 IEEE Symposium on Security and Privacy (SP), 3866-3884",25,2024,11175343883572998255,mB3voiENLucC,Lioba Heimbach,CJgiaf0AAAAJ
DeFi Lending During The Merge,"L Heimbach, E Schertenleib, R Wattenhofer",Proceedings of the,5th Conference on Advances in Financial Technologies,20,2023,14416722898351440838,qxL8FJ1GzNcC,Lioba Heimbach,CJgiaf0AAAAJ
Defi and nfts hinder blockchain scalability,"L Heimbach, Q Kniep, Y Vonlanthen, R Wattenhofer",International Conference on Financial Cryptography and Data Security,291-309,18,2023,8038190646010662783,4DMP91E08xMC,Lioba Heimbach,CJgiaf0AAAAJ
Base Fee Manipulation In Ethereum's EIP-1559 Transaction Fee Mechanism,"S Azouvi, G Goren, L Heimbach, A Hicks",arXiv preprint arXiv:,:2304.11478,16,2023,4568545611073738917,QIV2ME_5wuYC,Lioba Heimbach,CJgiaf0AAAAJ
Sok: Attacks on DAOs,"R Feichtinger, R Fritsch, L Heimbach, Y Vonlanthen, R Wattenhofer",Proceedings of the,6th Conference on Advances in Financial Technologies,12,2024,"11389648721030847750,2309801137387697376",HDshCWvjkbEC,Lioba Heimbach,CJgiaf0AAAAJ
A fair and resilient decentralized clock network for transaction ordering,"A Constantinescu, D Ghinea, L Heimbach, Z Wang, R Wattenhofer",arXiv preprint arXiv:,:2305.05206,11,2023,12013619758342560167,9ZlFYXVOiuMC,Lioba Heimbach,CJgiaf0AAAAJ
Defi leverage,"L Heimbach, W Huang",Available at SSRN,4459384,10,2023,9012927520714199740,dhFuZR0502QC,Lioba Heimbach,CJgiaf0AAAAJ
Exploring price accuracy on uniswap v3 in times of distress,"L Heimbach, E Schertenleib, R Wattenhofer",Proceedings of the,2022 ACM CCS Workshop on Decentralized Finance and …,8,2022,15346618772117818058,ULOm3_A8WrAC,Lioba Heimbach,CJgiaf0AAAAJ
The potential of self-regulation for front-running prevention on dexes,"L Heimbach, E Schertenleib, R Wattenhofer",arXiv preprint arXiv:,:2306.05756,7,2023,3150839492790531454,ZeXyd9-uunAC,Lioba Heimbach,CJgiaf0AAAAJ
Short squeeze in defi lending market: Decentralization in jeopardy?,"L Heimbach, EG Schertenleib, R Wattenhofer",arXiv preprint arXiv:,:2302.04068,7,2023,13694186019300591418,aqlVkmm33-oC,Lioba Heimbach,CJgiaf0AAAAJ
Dissecting the eip-2930 optional access lists,"L Heimbach, Q Kniep, Y Vonlanthen, R Wattenhofer, P Züst",International Conference on Financial Cryptography and Data Security,292-302,5,2024,14994936375907733783,hFOr9nPyWt4C,Lioba Heimbach,CJgiaf0AAAAJ
The Early Days of the Ethereum Blob Fee Market and Lessons Learnt,"L Heimbach, J Milionis",arXiv preprint arXiv:,:2502.12966,1,2025,6415776673509583079,k_IJM867U9cC,Lioba Heimbach,CJgiaf0AAAAJ
On the Lifecycle of a Lightning Network Payment Channel,"F Grötschla, L Heimbach, S Richner, R Wattenhofer",arXiv preprint arXiv:,:2409.15930,1,2024,17055554813738950151,RHpTSmoSYBkC,Lioba Heimbach,CJgiaf0AAAAJ
Deanonymizing ethereum validators: The p2p network has a privacy issue,"L Heimbach, Y Vonlanthen, J Villacis, L Kiffer, R Wattenhofer",arXiv preprint arXiv:,:2409.04366,1,2024,9493565413086810250,_Qo2XoVZTnwC,Lioba Heimbach,CJgiaf0AAAAJ
Benchmarking GNNs Using Lightning Network Data,"R Feichtinger, F Grötschla, L Heimbach, R Wattenhofer",arXiv preprint arXiv:,:2407.07916,1,2024,188721606714248553,R3hNpaxXUhUC,Lioba Heimbach,CJgiaf0AAAAJ
PIBES-A Competing-Flow-Aware Protocol for Real-Time Video Applications,"L Heimbach, L Guo, RKH Ngan, JYB Lee",IEEE Open Journal of the Communications Society,"1, 1267-1277",1,2020,13137928814746649101,UeHWp8X0CEIC,Lioba Heimbach,CJgiaf0AAAAJ
Transaction Fee Market Design for Parallel Execution,"B Acilan, A Constantinescu, L Heimbach, R Wattenhofer",arXiv preprint arXiv:,:2502.11964,0,2025,NA,iH-uZ7U-co4C,Lioba Heimbach,CJgiaf0AAAAJ
Transaction Fee Mechanism Design for Leaderless Blockchain Protocols,"P Garimidi, L Heimbach, T Roughgarden",Financial Cryptography and Data Security (FC),,0,2025,NA,maZDTaKrznsC,Lioba Heimbach,CJgiaf0AAAAJ
On Scaling Decentralized Blockchains: (A Position Paper),"K Croman, C Decker, I Eyal, AE Gencer, A Juels, A Kosba, A Miller, ...",International conference on financial cryptography and data security,106-125,1800,2016,"7776724190270674818,6295392644125291129",BJrgspguQaEC,Roger Wattenhofer,EG3VPm4AAAAJ
Information propagation in the bitcoin network,"C Decker, R Wattenhofer",IEEE P,"P2P 2013 Proceedings, 1-10",1682,2013,16907598549939774154,owLR8QvbtFgC,Roger Wattenhofer,EG3VPm4AAAAJ
Achieving high utilization with software-driven WAN,"CY Hong, S Kandula, R Mahajan, M Zhang, V Gill, M Nanduri, ...",Proceedings of the ACM SIGCOMM,"2013 Conference on SIGCOMM, 15-26",1502,2013,5322311437486975645,L1USKYWJimsC,Roger Wattenhofer,EG3VPm4AAAAJ
Distributed topology control for power efficient operation in multihop wireless ad hoc networks,"R Wattenhofer, L Li, P Bahl, YM Wang",Proceedings IEEE INFOCOM,2001. Conference on computer communications …,1401,2001,"11953283691490798602,11782893060454711799",u5HHmVD_uO8C,Roger Wattenhofer,EG3VPm4AAAAJ
"FARSITE: Federated, available, and reliable storage for an incompletely trusted environment","A Adya, WJ Bolosky, M Castro, G Cermak, R Chaiken, JR Douceur, ...",ACM SIGOPS Operating Systems Review,"36 (SI), 1-14",1388,2002,"8646080549135368752,17999616238363022945",nZcligLrVowC,Roger Wattenhofer,EG3VPm4AAAAJ
Geometric ad-hoc routing: Of theory and practice,"F Kuhn, R Wattenhofer, Y Zhang, A Zollinger",Proceedings of the twenty-second annual symposium on Principles of …,,1000,2003,10074035079396579133,d1gkVwhDpl0C,Roger Wattenhofer,EG3VPm4AAAAJ
Does topology control reduce interference?,"M Burkhart, P Von Rickenbach, R Wattenhofer, A Zollinger",Proceedings of the,5th ACM international symposium on Mobile ad hoc …,811,2004,6690066403432075090,qjMakFHDy7sC,Roger Wattenhofer,EG3VPm4AAAAJ
Worst-case optimal and average-case efficient geometric ad-hoc routing,"F Kuhn, R Wattenhofer, A Zollinger",Proceedings of the,4th ACM international symposium on Mobile ad hoc …,791,2003,18060887793181908889,9yKSN-GCB0IC,Roger Wattenhofer,EG3VPm4AAAAJ
A fast and scalable payment network with bitcoin duplex micropayment channels,"C Decker, R Wattenhofer","Stabilization, Safety, and Security of Distributed Systems:",17th …,685,2015,18426123069175476024,silx2ntsSuwC,Roger Wattenhofer,EG3VPm4AAAAJ
Analysis of a cone-based distributed topology control algorithm for wireless multi-hop networks,"L Li, JY Halpern, P Bahl, YM Wang, R Wattenhofer",Proceedings of the twentieth annual ACM symposium on Principles of …,,569,2001,143718187098386042,2osOgNQ5qMEC,Roger Wattenhofer,EG3VPm4AAAAJ
Dynamic scheduling of network updates,"X Jin, HH Liu, R Gandhi, S Kandula, R Mahajan, M Zhang, J Rexford, ...",ACM SIGCOMM Computer Communication Review,"44 (4), 539-550",518,2014,16249184050936541118,VN7nJs4JPk0C,Roger Wattenhofer,EG3VPm4AAAAJ
Ad-hoc networks beyond unit disk graphs,"F Kuhn, R Wattenhofer, A Zollinger",Proceedings of the,"2003 joint workshop on Foundations of mobile computing, 69-78",482,2003,6411408055169079267,yMeIxYmEMEAC,Roger Wattenhofer,EG3VPm4AAAAJ
Gradient clock synchronization in wireless sensor networks,"P Sommer, R Wattenhofer",,2009 International Conference on Information Processing in Sensor Networks …,468,2009,3441457930327804890,PVgj2kMGcgYC,Roger Wattenhofer,EG3VPm4AAAAJ
Complexity in geometric SINR,"O Goussevskaia, YA Oswald, R Wattenhofer",Proceedings of the,8th ACM international symposium on Mobile ad hoc …,468,2007,2259776144379140976,ufrVoPGSRksC,Roger Wattenhofer,EG3VPm4AAAAJ
A cone-based distributed topology-control algorithm for wireless multi-hop networks,"L Li, JY Halpern, P Bahl, YM Wang, R Wattenhofer",IEEE/ACM Transactions on networking,"13 (1), 147-159",450,2005,4426827627182957677,Tyk-4Ss8FVUC,Roger Wattenhofer,EG3VPm4AAAAJ
XTC: A practical topology control algorithm for ad-hoc networks,"R Wattenhofer, A Zollinger",,"18th International Parallel and Distributed Processing Symposium, 2004 …",435,2004,17135860200211378068,zYLM7Y9cAGgC,Roger Wattenhofer,EG3VPm4AAAAJ
Free riding in BitTorrent is cheap,"T Locher, P Moore, S Schmid, R Wattenhofer",,,417,2006,9870131309830186675,Y0pCki6q_DkC,Roger Wattenhofer,EG3VPm4AAAAJ
Serverless distributed file system,"A Adya, WJ Bolosky, G Cermak, JR Douceur, MM Theimer, ...",US Patent,"7,062,490",409,2006,"16853307906262560180,10172849522509358847",IWHjjKOFINEC,Roger Wattenhofer,EG3VPm4AAAAJ
Dozer: ultra-low power data gathering in sensor networks,"N Burri, P Von Rickenbach, R Wattenhofer",Proceedings of the,6th international conference on Information processing in …,407,2007,2683549508473644840,WF5omc3nYNoC,Roger Wattenhofer,EG3VPm4AAAAJ
Distributed verification and hardness of distributed approximation,"A Das Sarma, S Holzer, L Kor, A Korman, D Nanongkai, G Pandurangan, ...",Proceedings of the forty-third annual ACM symposium on Theory of computing …,,392,2011,18304291759664102488,Tiz5es2fbqcC,Roger Wattenhofer,EG3VPm4AAAAJ
Asymptotically optimal geometric mobile ad-hoc routing,"F Kuhn, R Wattenhofer, A Zollinger",Proceedings of the,6th international workshop on Discrete algorithms and …,389,2002,14204184389406707650,IjCSPb-OGe4C,Roger Wattenhofer,EG3VPm4AAAAJ
The impact of Internet policy and topology on delayed routing convergence,"C Labovitz, A Ahuja, R Wattenhofer, S Venkatachary",Proceedings IEEE INFOCOM,2001. Conference on Computer Communications …,384,2001,5410849010351640057,UeHWp8X0CEIC,Roger Wattenhofer,EG3VPm4AAAAJ
The complexity of connectivity in wireless networks,"T Moscibroda, R Wattenhofer",INFOCOM,2006: 25th Annual Joint Conference of the IEEE Computer and …,363,2006,3589746545157012582,eQOLeE2rZwMC,Roger Wattenhofer,EG3VPm4AAAAJ
Bitcoin transaction malleability and MtGox,"C Decker, R Wattenhofer",Computer Security-ESORICS,2014: 19th European Symposium on Research in …,360,2014,1791238831522712221,ce2CqMG-AY4C,Roger Wattenhofer,EG3VPm4AAAAJ
What cannot be computed locally!,"F Kuhn, T Moscibroda, R Wattenhofer",Proceedings of the twenty-third annual ACM symposium on Principles of …,,335,2004,8101333603264312931,YsMSGLbcyi4C,Roger Wattenhofer,EG3VPm4AAAAJ
Constant-time distributed dominating set approximation,"F Kuhn, R Wattenhofer",Proceedings of the twenty-second annual symposium on Principles of …,,322,2003,122651447692484610,W7OEmFMy1HYC,Roger Wattenhofer,EG3VPm4AAAAJ
Capacity of arbitrary wireless networks,"O Goussevskaia, R Wattenhofer, MM Halldórsson, E Welzl",IEEE INFOCOM,"2009, 1872-1880",306,2009,6471576120608378293,4TOpqqG69KYC,Roger Wattenhofer,EG3VPm4AAAAJ
zUpdate: Updating data center networks with zero loss,"HH Liu, X Wu, M Zhang, L Yuan, R Wattenhofer, D Maltz",Proceedings of the ACM SIGCOMM,"2013 Conference on SIGCOMM, 411-422",304,2013,8311883509905981953,MhiOAD_qIWkC,Roger Wattenhofer,EG3VPm4AAAAJ
Bitcoin meets strong consistency,"C Decker, J Seidel, R Wattenhofer",Proceedings of the,17th International Conference on Distributed Computing …,302,2016,12014636063801773588,SGW5VrABaM0C,Roger Wattenhofer,EG3VPm4AAAAJ
Word of mouth: Rumor dissemination in social networks,"J Kostka, YA Oswald, R Wattenhofer",Structural Information and Communication Complexity:,15th International …,286,2008,6123839407006679354,ZHo1McVdvXMC,Roger Wattenhofer,EG3VPm4AAAAJ
The science of the blockchain,R Wattenhofer,CreateSpace Independent Publishing Platform,,285,2016,10123997078499997143,3_LpOwP6eMYC,Roger Wattenhofer,EG3VPm4AAAAJ
Topology control meets SINR: the scheduling complexity of arbitrary topologies,"T Moscibroda, R Wattenhofer, A Zollinger",Proceedings of the,7th ACM international symposium on Mobile ad hoc …,273,2006,8311947122430138127,_FxGoFyzp5QC,Roger Wattenhofer,EG3VPm4AAAAJ
Optimal clock synchronization in networks,"C Lenzen, P Sommer, R Wattenhofer",Proceedings of the,7th ACM Conference on Embedded Networked Sensor Systems …,267,2009,7829260893675466758,e5wmG9Sq2KIC,Roger Wattenhofer,EG3VPm4AAAAJ
The price of being near-sighted,"F Kuhn, T Moscibroda, R Wattenhofer",SODA,"2006: 17th ACM-SIAM Symposium on Discrete Algorithms, Miami, Florida, USA",245,2006,6284594411770209399,UebtZRa9Y70C,Roger Wattenhofer,EG3VPm4AAAAJ
Initializing newly deployed ad hoc and sensor networks,"F Kuhn, T Moscibroda, R Wattenhofer",Proceedings of the,10th annual international conference on Mobile computing …,243,2004,13288981953407299383,roLk4NBRz8UC,Roger Wattenhofer,EG3VPm4AAAAJ
Local computation: Lower and upper bounds,"F Kuhn, T Moscibroda, R Wattenhofer",Journal of the ACM (JACM),"63 (2), 1-44",235,2016,13674562876886482773,_Ybze24A_UAC,Roger Wattenhofer,EG3VPm4AAAAJ
On identifiability in transformers,"G Brunner, Y Liu, D Pascual, O Richter, M Ciaramita, R Wattenhofer",arXiv preprint arXiv:,:1908.04211,233,2019,1119021683739736991,BPS1z4jHU5cC,Roger Wattenhofer,EG3VPm4AAAAJ
The YouTube social network,"M Wattenhofer, R Wattenhofer, Z Zhu",Proceedings of the International AAAI Conference on Web and Social Media,6 …,233,2012,6210419355427536282,lvd772isFD0C,Roger Wattenhofer,EG3VPm4AAAAJ
Network correlated data gathering with explicit communication: NP-completeness and algorithms,"R Cristescu, B Beferull-Lozano, M Vetterli, R Wattenhofer",IEEE/ACM Transactions On Networking,"14 (1), 41-54",229,2006,17243293803034292362,Se3iqnhoufwC,Roger Wattenhofer,EG3VPm4AAAAJ
"Have a snack, pay with Bitcoins","T Bamert, C Decker, L Elsen, R Wattenhofer, S Welten",IEEE P,"P2P 2013 Proceedings, 1-5",228,2013,5272401221236782809,jU7OWUQzBzMC,Roger Wattenhofer,EG3VPm4AAAAJ
On consistent updates in software defined networks,"R Mahajan, R Wattenhofer",Proceedings of the Twelfth ACM Workshop on Hot Topics in Networks,1-7,224,2013,4738826731993684283,DBa1UEJaJKAC,Roger Wattenhofer,EG3VPm4AAAAJ
On the complexity of distributed graph coloring,"F Kuhn, R Wattenhofer",Proceedings of the twenty-fifth annual ACM symposium on Principles of …,,221,2006,12295582364063076545,qxL8FJ1GzNcC,Roger Wattenhofer,EG3VPm4AAAAJ
Gathering correlated data in sensor networks,"P Von Rickenbach, R Wattenhofer",Proceedings of the,"2004 joint workshop on Foundations of mobile computing, 60-66",218,2004,13069541792088668269,LkGwnXOMwfcC,Roger Wattenhofer,EG3VPm4AAAAJ
Protocol design beyond graph-based models,"T Moscibroda, R Wattenhofer, Y Weber",HotNets,"2006: 5th Workshop on Hot Topics in Networks, Irvine, California, USA",216,2006,12311921333177066629,8k81kl-MbHgC,Roger Wattenhofer,EG3VPm4AAAAJ
Sok: Decentralized finance (defi) attacks,"L Zhou, X Xiong, J Ernstberger, S Chaliasos, Z Wang, Y Wang, K Qin, ...",,"2023 IEEE Symposium on Security and Privacy (SP), 2444-2461",199,2023,15516575366407912671,qYOp8iumCsAC,Roger Wattenhofer,EG3VPm4AAAAJ
Information dissemination in highly dynamic graphs,"R O'Dell, R Wattenhofer",Proceedings of the,2005 joint workshop on Foundations of mobile computing …,194,2005,9260377910336504153,JV2RwH3_ST0C,Roger Wattenhofer,EG3VPm4AAAAJ
Unit disk graph approximation,"F Kuhn, T Moscibroda, R Wattenhofer",Proceedings of the,"2004 joint workshop on Foundations of mobile computing, 17-23",192,2004,13229377342404410690,0EnyYjriUFMC,Roger Wattenhofer,EG3VPm4AAAAJ
A log-star distributed maximal independent set algorithm for growth-bounded graphs,"J Schneider, R Wattenhofer",Proceedings of the twenty-seventh ACM symposium on Principles of distributed …,,191,2008,6969053361393859602,M3ejUd6NZC8C,Roger Wattenhofer,EG3VPm4AAAAJ
MIDI-VAE: Modeling dynamics and instrumentation of music with applications to style transfer,"G Brunner, A Konrad, Y Wang, R Wattenhofer",arXiv preprint arXiv:,:1809.07600,190,2018,5346555566049389274,xGWFX6Gbr9MC,Roger Wattenhofer,EG3VPm4AAAAJ
A robust interference model for wireless ad-hoc networks,"P Von Rickenbach, S Schmid, R Wattenhofer, A Zollinger",,"19th IEEE International Parallel and Distributed Processing Symposium, 8 pp.",189,2005,17194773575147183535,5nxA0vEk-isC,Roger Wattenhofer,EG3VPm4AAAAJ
Towards a zero-configuration wireless sensor network architecture for smart buildings,"L Schor, P Sommer, R Wattenhofer",Proceedings of the First ACM Workshop on Embedded Sensing Systems for Energy …,,185,2009,16256398699737588085,NaGl4SEjCO4C,Roger Wattenhofer,EG3VPm4AAAAJ
DropGNN: Random dropouts increase the expressiveness of graph neural networks,"PA Papp, K Martinkus, L Faber, R Wattenhofer",Advances in Neural Information Processing Systems,"34, 21997-22009",184,2021,6783529052723520360,I-2NeQpV75MC,Roger Wattenhofer,EG3VPm4AAAAJ
Algorithmic models for sensor networks,"S Schmid, R Wattenhofer",Proceedings,20th IEEE International Parallel & Distributed Processing …,182,2006,3777706174143958487,4DMP91E08xMC,Roger Wattenhofer,EG3VPm4AAAAJ
Optimal distributed all pairs shortest paths and applications,"S Holzer, R Wattenhofer",Proceedings of the,2012 ACM symposium on Principles of distributed computing …,179,2012,10893861137498045550,Bg7qf7VwUHIC,Roger Wattenhofer,EG3VPm4AAAAJ
How live streaming changes shopping decisions in E-commerce: A study of live streaming commerce,"Y Wang, Z Lu, P Cao, J Chu, H Wang, R Wattenhofer",Computer Supported Cooperative Work (CSCW),"31 (4), 701-729",177,2022,17869585451248145694,BFa5h04uPMwC,Roger Wattenhofer,EG3VPm4AAAAJ
Networks cannot compute their diameter in sublinear time,"S Frischknecht, S Holzer, R Wattenhofer",Proceedings of the twenty-third annual ACM-SIAM symposium on Discrete …,,174,2012,17410408136740564691,P7Ujq4OLJYoC,Roger Wattenhofer,EG3VPm4AAAAJ
Veneta: Serverless friend-of-friend detection in mobile social networking,"M Von Arb, M Bader, M Kuhn, R Wattenhofer",,2008 IEEE International Conference on Wireless and Mobile Computing …,171,2008,14290331109575422164,RGFaLdJalmkC,Roger Wattenhofer,EG3VPm4AAAAJ
When selfish meets evil: Byzantine players in a virus inoculation game,"T Moscibroda, S Schmid, R Wattenhofer",Proceedings of the twenty-fifth annual ACM symposium on Principles of …,,171,2006,5565499904105511912,KlAtU1dfN6UC,Roger Wattenhofer,EG3VPm4AAAAJ
PulseSync: An efficient and scalable clock synchronization protocol,"C Lenzen, P Sommer, R Wattenhofer",IEEE/ACM Transactions on Networking,"23 (3), 717-727",166,2014,7288161284246600704,jE2MZjpN3IcC,Roger Wattenhofer,EG3VPm4AAAAJ
Coloring unstructured radio networks,"T Moscibroda, R Wattenhofer",Proceedings of the seventeenth annual ACM symposium on Parallelism in …,,166,2005,15218983119862677017,_kc_bZDykSQC,Roger Wattenhofer,EG3VPm4AAAAJ
Randomized 3D geographic routing,"R Flury, R Wattenhofer",IEEE INFOCOM,"2008-The 27th Conference on Computer Communications, 834-842",164,2008,6362656829341784425,8xutWZnSdmoC,Roger Wattenhofer,EG3VPm4AAAAJ
An algorithmic approach to geographic routing in ad hoc and sensor networks,"F Kuhn, R Wattenhofer, A Zollinger",IEEE/ACM Transactions On Networking,"16 (1), 51-62",160,2008,15822584136923141385,_Qo2XoVZTnwC,Roger Wattenhofer,EG3VPm4AAAAJ
Maximizing the lifetime of dominating sets,"T Moscibroda, R Wattenhofer",,"19th IEEE International Parallel and Distributed Processing Symposium, 8 pp.",159,2005,15159703136060745344,Zph67rFs4hoC,Roger Wattenhofer,EG3VPm4AAAAJ
Fast deterministic distributed maximal independent set computation on growth-bounded graphs,"F Kuhn, T Moscibroda, T Nieberg, R Wattenhofer",Distributed Computing:,"19th International Conference, DISC 2005, Cracow …",155,2005,12893377823838055516,MXK_kJrjxJIC,Roger Wattenhofer,EG3VPm4AAAAJ
Wireless Communication is in APX,"MM Halldórsson, R Wattenhofer","International Colloquium on Automata, Languages, and Programming",525-536,153,2009,272547431535625561,R3hNpaxXUhUC,Roger Wattenhofer,EG3VPm4AAAAJ
Scalable funding of bitcoin micropayment channel networks,"C Burchert, C Decker, R Wattenhofer",Royal Society open science,"5 (8), 180089",147,2018,2485688346085110724,4Yq6kJLCcecC,Roger Wattenhofer,EG3VPm4AAAAJ
Local broadcasting in the physical interference model,"O Goussevskaia, T Moscibroda, R Wattenhofer",Proceedings of the fifth international workshop on Foundations of mobile …,,140,2008,7273054913230836060,maZDTaKrznsC,Roger Wattenhofer,EG3VPm4AAAAJ
Virtual coordinates for ad hoc and sensor networks,"T Moscibroda, R O'Dell, M Wattenhofer, R Wattenhofer",Proceedings of the,"2004 joint workshop on Foundations of mobile computing, 8-16",140,2004,12808880631923842779,hqOjcs7Dif8C,Roger Wattenhofer,EG3VPm4AAAAJ
On the topologies formed by selfish peers,"T Moscibroda, S Schmid, R Wattenhofer",Proceedings of the twenty-fifth annual ACM symposium on Principles of …,,139,2006,16071006966573524246,3fE2CSJIrl8C,Roger Wattenhofer,EG3VPm4AAAAJ
MLS: an efficient location service for mobile ad hoc networks,"R Flury, R Wattenhofer",Proceedings of the,7th ACM international symposium on Mobile ad hoc …,139,2006,12506187355271179116,ZeXyd9-uunAC,Roger Wattenhofer,EG3VPm4AAAAJ
Maximal independent sets in radio networks,"T Moscibroda, R Wattenhofer",Proceedings of the twenty-fourth annual ACM symposium on Principles of …,,139,2005,1305039664771631863,Wp0gIr-vW9MC,Roger Wattenhofer,EG3VPm4AAAAJ
A new technique for distributed symmetry breaking,"J Schneider, R Wattenhofer",Proceedings of the,29th ACM SIGACT-SIGOPS symposium on Principles of …,135,2010,8478169417590154284,HoB7MX3m0LUC,Roger Wattenhofer,EG3VPm4AAAAJ
Distributed topology control for wireless multi-hop sensor networks,"P Bahl, L Li, YM Wang, RP Wattenhofer",US Patent,"6,990,080",135,2006,10203392909175909949,dfsIfKJdRG4C,Roger Wattenhofer,EG3VPm4AAAAJ
On the locality of bounded growth,"F Kuhn, T Moscibroda, R Wattenhofer",Proceedings of the twenty-fourth annual ACM symposium on Principles of …,,133,2005,17197942829355208490,YOwf2qJgpHMC,Roger Wattenhofer,EG3VPm4AAAAJ
On consistent migration of flows in SDNs,"S Brandt, KT Förster, R Wattenhofer",IEEE INFOCOM,2016-The 35th Annual IEEE International Conference on Computer …,129,2016,16624606757116935325,g5Ck-dwhA_QC,Roger Wattenhofer,EG3VPm4AAAAJ
Distributed weighted matching,"M Wattenhofer, R Wattenhofer",Distributed Computing:,"18th International Conference, DISC 2004, Amsterdam …",127,2004,3505944652985266779,QIV2ME_5wuYC,Roger Wattenhofer,EG3VPm4AAAAJ
Optimizing file availability in a secure serverless distributed file system,"JR Douceur, RP Wattenhofer",Proceedings,"20th IEEE Symposium on Reliable Distributed Systems, 4-13",121,2001,2428948469400931336,kNdYIx-mwKoC,Roger Wattenhofer,EG3VPm4AAAAJ
Symbolic music genre transfer with cyclegan,"G Brunner, Y Wang, R Wattenhofer, S Zhao",,2018 ieee 30th international conference on tools with artificial …,119,2018,13674356761809168159,PuOEWVtPfzwC,Roger Wattenhofer,EG3VPm4AAAAJ
Cryptree: A folder tree structure for cryptographic file systems,"D Grolimund, L Meisser, S Schmid, R Wattenhofer",,"2006 25th IEEE Symposium on Reliable Distributed Systems (SRDS'06), 189-198",119,2006,2567690102606916831,hMod-77fHWUC,Roger Wattenhofer,EG3VPm4AAAAJ
Bluewallet: The secure bitcoin wallet,"T Bamert, C Decker, R Wattenhofer, S Welten",Security and Trust Management:,"10th International Workshop, STM 2014 …",118,2014,10807933200585412661,WAzi4Gm8nLoC,Roger Wattenhofer,EG3VPm4AAAAJ
A plug-and-play method for controlled text generation,"D Pascual, B Egressy, C Meister, R Cotterell, R Wattenhofer",arXiv preprint arXiv:,:2109.09707,117,2021,7910272156611722009,1wZ_wKGpLuwC,Roger Wattenhofer,EG3VPm4AAAAJ
Facility location: distributed approximation,"T Moscibroda, R Wattenhofer",Proceedings of the twenty-fourth annual ACM symposium on Principles of …,,117,2005,3119748974974300002,mVmsd5A6BfQC,Roger Wattenhofer,EG3VPm4AAAAJ
A tight runtime bound for synchronous gathering of autonomous robots with limited visibility,"B Degener, B Kempkes, T Langner, F Meyer auf der Heide, P Pietrzyk, ...",Proceedings of the twenty-third annual ACM symposium on Parallelism in …,,116,2011,10810343022667624467,N5tVd3kTz84C,Roger Wattenhofer,EG3VPm4AAAAJ
Recognition and repetition counting for complex physical exercises with deep learning,"A Soro, G Brunner, S Tanner, R Wattenhofer",Sensors,"19 (3), 714",115,2019,6027858129713457646,i_7YvbSbtFEC,Roger Wattenhofer,EG3VPm4AAAAJ
Greedy routing with bounded stretch,"R Flury, SV Pemmaraju, R Wattenhofer",IEEE INFOCOM,"2009, 1737-1745",112,2009,8369265600766902510,BqipwSGYUEgC,Roger Wattenhofer,EG3VPm4AAAAJ
A self-repairing peer-to-peer system resilient to dynamic adversarial churn,"F Kuhn, S Schmid, R Wattenhofer",International Workshop on Peer-to-Peer Systems,13-23,112,2005,17249717099922353093,L8Ckcad2t8MC,Roger Wattenhofer,EG3VPm4AAAAJ
The urban last mile problem: Autonomous drone delivery to your balcony,"G Brunner, B Szebedy, S Tanner, R Wattenhofer",,"2019 international conference on unmanned aircraft systems (icuas), 1005-1012",107,2019,3902070454279824806,0sTkTiv_uMkC,Roger Wattenhofer,EG3VPm4AAAAJ
Push-to-pull peer-to-peer live streaming,"T Locher, R Meier, S Schmid, R Wattenhofer",Distributed Computing:,"21st International Symposium, DISC 2007, Lemesos …",104,2007,3069708367135528818,hFOr9nPyWt4C,Roger Wattenhofer,EG3VPm4AAAAJ
"Consistent updates in software defined networks: On dependencies, loop freedom, and blackholes","KT Förster, R Mahajan, R Wattenhofer",,"2016 IFIP Networking Conference (IFIP Networking) and Workshops, 1-9",102,2016,15441948593372196124,C33y2ycGS3YC,Roger Wattenhofer,EG3VPm4AAAAJ
Stone age distributed computing,"Y Emek, R Wattenhofer",Proceedings of the,2013 ACM symposium on Principles of distributed computing …,102,2013,6718388332779104434,OP4eGU-M3BUC,Roger Wattenhofer,EG3VPm4AAAAJ
Minimizing interference in ad hoc and sensor networks,"T Moscibroda, R Wattenhofer",Proceedings of the,"2005 joint workshop on Foundations of mobile computing, 24-33",102,2005,4398369261309591338,HDshCWvjkbEC,Roger Wattenhofer,EG3VPm4AAAAJ
Competitive hill-climbing strategies for replica placement in a distributed file system,"JR Douceur, RP Wattenhofer",International Symposium on Distributed Computing,48-62,102,2001,17285470106627593525,aqlVkmm33-oC,Roger Wattenhofer,EG3VPm4AAAAJ
Algorithmic models of interference in wireless ad hoc and sensor networks,"P von Rickenbach, R Wattenhofer, A Zollinger",IEEE/ACM Transactions on Networking,"17 (1), 172-185",101,2009,7095717680258789393,35N4QoGY0k4C,Roger Wattenhofer,EG3VPm4AAAAJ
equus: A provably robust and locality-aware peer-to-peer system,"T Locher, S Schmid, R Wattenhofer",Sixth IEEE International Conference on Peer-to-Peer Computing (P,"P2P'06), 3-11",100,2006,5994242011821390191,dhFuZR0502QC,Roger Wattenhofer,EG3VPm4AAAAJ
BuzzTrack: topic detection and tracking in email,"G Cselle, K Albrecht, R Wattenhofer",Proceedings of the,12th international conference on Intelligent user …,98,2007,15817212638764741167,TFP_iSt0sucC,Roger Wattenhofer,EG3VPm4AAAAJ
Fault-tolerant clustering in ad hoc and sensor networks,"F Kuhn, T Moscibroda, R Wattenhofer",,26th IEEE International Conference on Distributed Computing Systems (ICDCS …,96,2006,3042390331869938960,-f6ydRqryjwC,Roger Wattenhofer,EG3VPm4AAAAJ
Online matching: haste makes waste!,"Y Emek, S Kutten, R Wattenhofer",Proceedings of the forty-eighth annual ACM symposium on Theory of Computing …,,95,2016,11134144593920929267,0aBXIfxlw9sC,Roger Wattenhofer,EG3VPm4AAAAJ
Tight bounds for clock synchronization,"C Lenzen, T Locher, R Wattenhofer",Journal of the ACM (JACM),"57 (2), 1-42",94,2010,10232116261114176020,RYcK_YlVTxYC,Roger Wattenhofer,EG3VPm4AAAAJ
Local approximation schemes for ad hoc and sensor networks,"F Kuhn, T Nieberg, T Moscibroda, R Wattenhofer",Proceedings of the,2005 joint workshop on Foundations of mobile computing …,94,2005,7102959222911249221,9ZlFYXVOiuMC,Roger Wattenhofer,EG3VPm4AAAAJ
Cluestr: mobile social networking for enhanced group communication,"R Grob, M Kuhn, R Wattenhofer, M Wirz",Proceedings of the,2009 ACM International Conference on Supporting Group …,93,2009,8868037129898143550,70eg2SAEIzsC,Roger Wattenhofer,EG3VPm4AAAAJ
Leveraging Linial’s locality limit,"C Lenzen, R Wattenhofer",Distributed Computing:,"22nd International Symposium, DISC 2008, Arcachon …",93,2008,16970656009572121874,k_IJM867U9cC,Roger Wattenhofer,EG3VPm4AAAAJ
How optimal are wireless scheduling protocols?,"T Moscibroda, R Rejaie, R Wattenhofer",IEEE INFOCOM,2007-26th IEEE International Conference on Computer …,92,2007,11869349782253814612,7PzlFSSx8tAC,Roger Wattenhofer,EG3VPm4AAAAJ
Cyclic arbitrage in decentralized exchanges,"Y Wang, Y Chen, H Wu, L Zhou, S Deng, R Wattenhofer",Companion Proceedings of the Web Conference,"2022, 12-19",84,2022,1185589810391742068,x2hKVfJWtf0C,Roger Wattenhofer,EG3VPm4AAAAJ
Algorithms for sensor and ad hoc networks: advanced lectures,"D Wagner, R Wattenhofer",Springer,,84,2007,17228448628296765948,ldfaerwXgEUC,Roger Wattenhofer,EG3VPm4AAAAJ
Spectre: Spectral conditioning helps to overcome the expressivity limits of one-shot graph generators,"K Martinkus, A Loukas, N Perraudin, R Wattenhofer",International Conference on Machine Learning,15159-15179,82,2022,12175380990160510944,SPgmg5JLkoEC,Roger Wattenhofer,EG3VPm4AAAAJ
JamBot: Music theory aware chord based generation of polyphonic music with LSTMs,"G Brunner, Y Wang, R Wattenhofer, J Wiesendanger",,2017 IEEE 29th international conference on tools with artificial …,82,2017,13307005385315797352,M0leSnx2MbUC,Roger Wattenhofer,EG3VPm4AAAAJ
Analyzing voting power in decentralized governance: Who controls DAOs?,"R Fritsch, M Müller, R Wattenhofer",Blockchain: Research and Applications,"5 (3), 100208",81,2024,1856361192405991416,ovGv7akYl-cC,Roger Wattenhofer,EG3VPm4AAAAJ
How many ants does it take to find the food?,"Y Emek, T Langner, D Stolz, J Uitto, R Wattenhofer",Theoretical Computer Science,"608, 255-267",80,2015,10711935568726419742,KNjnJ3z-R6IC,Roger Wattenhofer,EG3VPm4AAAAJ
Spamato-An Extendable Spam Filter System.,"K Albrecht, N Burri, R Wattenhofer",CEAS,,79,2005,11135988870098974825,TQgYirikUcIC,Roger Wattenhofer,EG3VPm4AAAAJ
A personal touch: Recognizing users based on touch screen behavior,"SM Kolly, R Wattenhofer, S Welten",Proceedings of the third international workshop on sensing applications on …,,77,2012,9989061620084439998,U4n9YNQMCAIC,Roger Wattenhofer,EG3VPm4AAAAJ
Minimum dominating set approximation in graphs of bounded arboricity,"C Lenzen, R Wattenhofer",International symposium on distributed computing,510-524,77,2010,8426947233256851654,4fKUyHm3Qg0C,Roger Wattenhofer,EG3VPm4AAAAJ
Eliminating sandwich attacks with the help of game theory,"L Heimbach, R Wattenhofer",Proceedings of the,2022 ACM on Asia Conference on Computer and …,75,2022,10314673415943694329,jq04SsiGh3QC,Roger Wattenhofer,EG3VPm4AAAAJ
Cerberus Channels: Incentivizing Watchtowers for Bitcoin,"Z Avarikioti, OS Thyfronitis Litos, R Wattenhofer",Financial Cryptography and Data Security:,"24th International Conference, FC …",74,2020,2197466158926248776,K4-iKlO5MD4C,Roger Wattenhofer,EG3VPm4AAAAJ
An optimal maximal independent set algorithm for bounded-independence graphs,"J Schneider, R Wattenhofer",Distributed Computing,"22, 349-361",74,2010,4339203681545731930,kz9GbA2Ns4gC,Roger Wattenhofer,EG3VPm4AAAAJ
Min-cost bipartite perfect matching with delays,"I Ashlagi, Y Azar, M Charikar, A Chiplunkar, O Geri, H Kaplan, ...","Approximation, Randomization, and Combinatorial Optimization. Algorithms and …",,72,2017,14232640575794704791,yY3RG6sOEgwC,Roger Wattenhofer,EG3VPm4AAAAJ
When comparing to ground truth is wrong: On evaluating gnn explanation methods,"L Faber, A K. Moghaddam, R Wattenhofer",Proceedings of the,27th ACM SIGKDD conference on knowledge discovery & data …,70,2021,12919049985821360171,-38epGy1wY0C,Roger Wattenhofer,EG3VPm4AAAAJ
Coloring unstructured wireless multi-hop networks,"J Schneider, R Wattenhofer",Proceedings of the,28th ACM symposium on Principles of distributed computing …,70,2009,10398959928880408994,f2IySw72cVMC,Roger Wattenhofer,EG3VPm4AAAAJ
Tight bounds for distributed selection,"F Kuhn, T Locher, R Wattenhofer",Proceedings of the nineteenth annual ACM symposium on Parallel algorithms …,,70,2007,13759553041572439181,bFI3QPDXJZMC,Roger Wattenhofer,EG3VPm4AAAAJ
Impact and user perception of sandwich attacks in the defi ecosystem,"Y Wang, P Zuest, Y Yao, Z Lu, R Wattenhofer",Proceedings of the,2022 CHI Conference on Human Factors in Computing Systems …,69,2022,10693831689029712498,mJbmKSuM8toC,Roger Wattenhofer,EG3VPm4AAAAJ
Towards BERT-based automatic ICD coding: Limitations and opportunities,"D Pascual, S Luck, R Wattenhofer",arXiv preprint arXiv:,:2104.06709,69,2021,12371134447262832285,8gBurD7jEYQC,Roger Wattenhofer,EG3VPm4AAAAJ
File availability in distributed file storage systems,"JR Douceur, RP Wattenhofer",US Patent,"7,020,665",69,2006,"13369508865865860756,16244118316886204942",rO6llkc54NcC,Roger Wattenhofer,EG3VPm4AAAAJ
Diffusion models for graphs benefit from discrete state spaces,"KK Haefeli, K Martinkus, N Perraudin, R Wattenhofer",arXiv preprint arXiv:,:2210.01549,68,2022,10063806901649468059,9o6PfxSMcEIC,Roger Wattenhofer,EG3VPm4AAAAJ
What can be approximated locally? Case study: Dominating sets in planar graphs,"C Lenzen, YA Oswald, R Wattenhofer",Proceedings of the twentieth annual symposium on Parallelism in algorithms …,,68,2008,9029126351268529168,isC4tDSrTZIC,Roger Wattenhofer,EG3VPm4AAAAJ
Efficiency of wireless networks: Approximation algorithms for the physical interference model,"O Goussevskaia, YA Pignolet, R Wattenhofer",Foundations and Trends® in Networking,"4 (3), 313-420",67,2010,13742614328640454313,mvPsJ3kp5DgC,Roger Wattenhofer,EG3VPm4AAAAJ
On the windfall of friendship: inoculation strategies on social networks,"D Meier, YA Oswald, S Schmid, R Wattenhofer",Proceedings of the,"9th ACM conference on Electronic commerce, 294-301",67,2008,5917752247165061131,4OULZ7Gr8RgC,Roger Wattenhofer,EG3VPm4AAAAJ
Solving the ANTS problem with asynchronous finite state machines,"Y Emek, T Langner, J Uitto, R Wattenhofer","Automata, Languages, and Programming:","41st International Colloquium, ICALP …",66,2014,6619066694347688021,O0nohqN1r9EC,Roger Wattenhofer,EG3VPm4AAAAJ
Tight bounds for parallel randomized load balancing,"C Lenzen, R Wattenhofer",Proceedings of the forty-third annual ACM symposium on Theory of computing …,,66,2011,8626739062328074232,rDsFeusoTZkC,Roger Wattenhofer,EG3VPm4AAAAJ
Analyzing connectivity-based multi-hop ad-hoc positioning,"R Bischoff, R Wattenhofer",Second IEEE Annual Conference on Pervasive Computing and Communications …,,66,2004,14197970158600435892,qUcmZB5y_30C,Roger Wattenhofer,EG3VPm4AAAAJ
Algorithms for wireless capacity,"O Goussevskaia, MM Halldórsson, R Wattenhofer",IEEE/ACM Transactions on Networking,"22 (3), 745-755",65,2013,13941509222716047691,GFxP56DSvIMC,Roger Wattenhofer,EG3VPm4AAAAJ
Spiderbat: Augmenting wireless sensor networks with distance and angle information,"G Oberholzer, P Sommer, R Wattenhofer",Proceedings of the,10th ACM/IEEE International Conference on Information …,65,2011,15064490541622235578,UHK10RUVsp4C,Roger Wattenhofer,EG3VPm4AAAAJ
Epilepsygan: Synthetic epileptic brain activities with privacy preservation,"D Pascual, A Amirshahi, A Aminifar, D Atienza, P Ryvlin, R Wattenhofer",IEEE Transactions on Biomedical Engineering,"68 (8), 2435-2446",64,2020,1646214191309730490,uoRD4RTSUPoC,Roger Wattenhofer,EG3VPm4AAAAJ
Interference in cellular networks: The minimum membership set cover problem,"F Kuhn, P von Rickenbach, R Wattenhofer, E Welzl, A Zollinger",Computing and Combinatorics:,"11th Annual International Conference, COCOON …",62,2005,15170645960909274476,pqnbT2bcN3wC,Roger Wattenhofer,EG3VPm4AAAAJ
Large-scale simulation of replica placement algorithms for a serverless distributed file system,"JR Douceur, RP Wattenhofer",MASCOTS,"2001, Proceedings Ninth International Symposium on Modeling …",62,2001,4286232422109409459,mB3voiENLucC,Roger Wattenhofer,EG3VPm4AAAAJ
A theoretical comparison of graph neural network extensions,"PA Papp, R Wattenhofer",International Conference on Machine Learning,17323-17345,61,2022,5399097345661932222,KsTgnNRry18C,Roger Wattenhofer,EG3VPm4AAAAJ
Towards worst-case churn resistant peer-to-peer systems,"F Kuhn, S Schmid, R Wattenhofer",Distributed Computing,"22, 249-267",61,2010,9069999945247794232,LPZeul_q3PIC,Roger Wattenhofer,EG3VPm4AAAAJ
Poisoning the kad network,"T Locher, D Mysicka, S Schmid, R Wattenhofer",International Conference on Distributed Computing and Networking,195-206,60,2010,4521285234832985347,nb7KW1ujOQ8C,Roger Wattenhofer,EG3VPm4AAAAJ
Aggregating information in peer-to-peer systems for improved join and leave,"K Albrecht, R Arnold, M Gahwiler, R Wattenhofer",Proceedings. Fourth International Conference on Peer-to-Peer Computing,2004 …,60,2004,8704569916911476509,j3f4tGmQtD8C,Roger Wattenhofer,EG3VPm4AAAAJ
Distributed minimum dominating set approximations in restricted families of graphs,"C Lenzen, YA Pignolet, R Wattenhofer",Distributed computing,"26, 119-137",59,2013,11150490550571052671,v1_lew4L6wgC,Roger Wattenhofer,EG3VPm4AAAAJ
Local algorithms: Self-stabilization on speed,"C Lenzen, J Suomela, R Wattenhofer","Stabilization, Safety, and Security of Distributed Systems:",11th …,59,2009,13341546083856183329,3s1wT3WcHBgC,Roger Wattenhofer,EG3VPm4AAAAJ
Rescuing tit-for-tat with source coding,"T Locher, S Schmid, R Wattenhofer",Seventh IEEE International Conference on Peer-to-Peer Computing (P,"P2P 2007), 3-10",58,2007,2574360198408852385,NMxIlDl6LWMC,Roger Wattenhofer,EG3VPm4AAAAJ
The hidden shortcomings of (d) aos–an empirical study of on-chain governance,"R Feichtinger, R Fritsch, Y Vonlanthen, R Wattenhofer",International Conference on Financial Cryptography and Data Security,165-185,57,2023,1071716835426140140,hrkNWuzUpWwC,Roger Wattenhofer,EG3VPm4AAAAJ
Teaching a machine to read maps with deep reinforcement learning,"G Brunner, O Richter, Y Wang, R Wattenhofer",Proceedings of the AAAI conference on artificial intelligence,32 (1),57,2018,9431190246407750962,KS-xo-ZNxMsC,Roger Wattenhofer,EG3VPm4AAAAJ
Distributed ledger technology: The science of the blockchain,R Wattenhofer,CreateSpace Independent Publishing Platform,,56,2017,1028617665416139861,rOcdG6UcVlcC,Roger Wattenhofer,EG3VPm4AAAAJ
Analyzing the energy-latency trade-off during the deployment of sensor networks,"T Moscibroda, P von Rickenbach, R Wattenhofer",INFOCOM,2006: 25th Annual Joint Conference of the IEEE Computer and …,56,2006,15474628255832374187,iH-uZ7U-co4C,Roger Wattenhofer,EG3VPm4AAAAJ
Competitive concurrent distributed queuing,"M Herlihy, S Tirthapura, R Wattenhofer",Proceedings of the twentieth annual ACM symposium on Principles of …,,56,2001,5733386361136881309,4JMBOYKVnBMC,Roger Wattenhofer,EG3VPm4AAAAJ
EEGEyeNet: a simultaneous electroencephalography and eye-tracking dataset and benchmark for eye movement prediction,"A Kastrati, MB Płomecka, D Pascual, L Wolf, V Gillioz, R Wattenhofer, ...",arXiv preprint arXiv:,:2111.05100,55,2021,18415629137722917831,j7XjBeKFbTsC,Roger Wattenhofer,EG3VPm4AAAAJ
Ikarus: large-scale participatory sensing at high altitudes,"M Von Kaenel, P Sommer, R Wattenhofer",Proceedings of the,12th workshop on mobile computing systems and …,55,2011,3363641763722378151,9vf0nzSNQJEC,Roger Wattenhofer,EG3VPm4AAAAJ
Symmetry breaking depending on the chromatic number or the neighborhood growth,"J Schneider, M Elkin, R Wattenhofer",Theoretical Computer Science,"509, 40-50",53,2013,5140343714558720105,CaZNVDsoPx4C,Roger Wattenhofer,EG3VPm4AAAAJ
KM-BART: Knowledge enhanced multimodal BART for visual commonsense generation,"Y Xing, Z Shi, Z Meng, G Lakemeyer, Y Ma, R Wattenhofer",arXiv preprint arXiv:,:2101.00419,52,2021,14230053412011807332,e3CVSTJ63dQC,Roger Wattenhofer,EG3VPm4AAAAJ
Outpost: A responsive lightweight watchtower,"M Khabbazian, T Nadahalli, R Wattenhofer",Proceedings of the,1st ACM Conference on Advances in Financial Technologies …,52,2019,6656321752578982302,Gpwnp1kGG20C,Roger Wattenhofer,EG3VPm4AAAAJ
Sensor networks continue to puzzle: Selected open problems,"T Locher, P Von Rickenbach, R Wattenhofer",International Conference on Distributed Computing and Networking,25-38,52,2008,14267371803273289073,O3NaXMp0MMsC,Roger Wattenhofer,EG3VPm4AAAAJ
Sundroid: Solar radiation awareness with smartphones,"T Fahrni, M Kuhn, P Sommer, R Wattenhofer, S Welten",Proceedings of the,13th international conference on Ubiquitous computing …,51,2011,2784068591254819436,tKAzc9rXhukC,Roger Wattenhofer,EG3VPm4AAAAJ
What is the use of collision detection (in wireless networks)?,"J Schneider, R Wattenhofer",International Symposium on Distributed Computing,133-147,51,2010,5282629720692137967,dshw04ExmUIC,Roger Wattenhofer,EG3VPm4AAAAJ
Clock synchronization: Open problems in theory and practice,"C Lenzen, T Locher, P Sommer, R Wattenhofer",International Conference on Current Trends in Theory and Practice of …,,51,2010,10223277500961395067,D_sINldO8mEC,Roger Wattenhofer,EG3VPm4AAAAJ
Speed dating despite jammers,"D Meier, YA Pignolet, S Schmid, R Wattenhofer",Distributed Computing in Sensor Systems:,5th IEEE International Conference …,51,2009,15562162589266154378,SeFeTyx0c_EC,Roger Wattenhofer,EG3VPm4AAAAJ
Clock synchronization with bounded global and local skew,"C Lenzen, T Locher, R Wattenhofer",,"2008 49th Annual IEEE Symposium on Foundations of Computer Science, 509-518",51,2008,50591273249364298,vV6vV6tmYwMC,Roger Wattenhofer,EG3VPm4AAAAJ
Brick: Asynchronous payment channels,"G Avarikioti, EK Kogias, R Wattenhofer, D Zindros",arXiv preprint arXiv:,:1905.11360,50,2019,16429691162535125811,DquSII9TDu4C,Roger Wattenhofer,EG3VPm4AAAAJ
Recognizing text using motion data from a smartwatch,"L Ardüser, P Bissig, P Brandes, R Wattenhofer",,2016 IEEE International Conference on Pervasive Computing and Communication …,50,2016,5554218103847522355,27LrP4qxOz0C,Roger Wattenhofer,EG3VPm4AAAAJ
"Probabilistic protocols for node discovery in ad-hoc, single broadcast channel networks","G Alonso, E Kranakis, R Wattenhofer, P Widmayer",Proceedings International Parallel and Distributed Processing Symposium,8 pp.,50,2003,15270214989470615813,Aul-kAQHnToC,Roger Wattenhofer,EG3VPm4AAAAJ
3d-retr: End-to-end single and multi-view 3d reconstruction with transformers,"Z Shi, Z Meng, Y Xing, Y Ma, R Wattenhofer",arXiv preprint arXiv:,:2110.08861,49,2021,11963967260242524846,-vzq6BoH5oUC,Roger Wattenhofer,EG3VPm4AAAAJ
Towards robust graph contrastive learning,"N Jovanović, Z Meng, L Faber, R Wattenhofer",arXiv preprint arXiv:,:2102.13085,49,2021,3981941145081267006,dFKc6_kCK1wC,Roger Wattenhofer,EG3VPm4AAAAJ
Collaboration without communication: evacuating two robots from a disk,"S Brandt, F Laufenberg, Y Lv, D Stolz, R Wattenhofer",Algorithms and Complexity:,"10th International Conference, CIAC 2017, Athens …",49,2017,16720604986534331592,zUl2_INMlC4C,Roger Wattenhofer,EG3VPm4AAAAJ
Convergence in (social) influence networks,"S Frischknecht, B Keller, R Wattenhofer",Distributed Computing:,"27th International Symposium, DISC 2013, Jerusalem …",49,2013,16479348520215383315,-mN3Mh-tlDkC,Roger Wattenhofer,EG3VPm4AAAAJ
Oblivious gradient clock synchronization,"T Locher, R Wattenhofer",International Symposium on Distributed Computing,520-533,49,2006,3050739067542905636,J_g5lzvAfSwC,Roger Wattenhofer,EG3VPm4AAAAJ
Interference arises at the receiver,"M Fussen, R Wattenhofer, A Zollinger",,"2005 international conference on Wireless networks, communications and …",49,2005,8787288312733687769,GnPB-g6toBAC,Roger Wattenhofer,EG3VPm4AAAAJ
Swimming style recognition and lap counting using a smartwatch and deep learning,"G Brunner, D Melnyk, B Sigfússon, R Wattenhofer",Proceedings of the,"2019 ACM International Symposium on Wearable Computers, 23-31",48,2019,9675638885588209375,7VEv-pLvLSsC,Roger Wattenhofer,EG3VPm4AAAAJ
Divide and scale: Formalization of distributed ledger sharding protocols,"G Avarikioti, E Kokoris Kogias, R Wattenhofer",arXiv,,48,2019,15391928103742089415,DIubQTN3OvUC,Roger Wattenhofer,EG3VPm4AAAAJ
Slotted programming for sensor networks,"R Flury, R Wattenhofer",Proceedings of the,9th ACM/IEEE International Conference on Information …,48,2010,3043538825741785640,D03iK_w7-QYC,Roger Wattenhofer,EG3VPm4AAAAJ
Efficient computation of maximal independent sets in unstructured multi-hop radio networks,"T Moscibroda, R Wattenhofer",,2004 IEEE International Conference on Mobile Ad-hoc and Sensor Systems (IEEE …,48,2004,8313105861183035878,r0BpntZqJG4C,Roger Wattenhofer,EG3VPm4AAAAJ
Brick: Asynchronous Incentive-Compatible Payment Channels,"Z Avarikioti, E Kokoris-Kogias, R Wattenhofer, D Zindros",Financial Cryptography and Data Security:,"25th International Conference, FC …",46,2021,15811774751452283726,4E1Y8I9HL1wC,Roger Wattenhofer,EG3VPm4AAAAJ
Deterministic leader election in multi-hop beeping networks,"KT Förster, J Seidel, R Wattenhofer",Distributed Computing:,"28th International Symposium, DISC 2014, Austin, TX …",46,2014,1624484290801810811,kzcSZmkxUKAC,Roger Wattenhofer,EG3VPm4AAAAJ
Probabilistic protocols for node discovery in ad hoc multi-channel broadcast networks,"G Alonso, E Kranakis, C Sawchuk, R Wattenhofer, P Widmayer","Ad-Hoc, Mobile, and Wireless Networks: Second International Conference …",,46,2003,3197657684719416066,bEWYMUwI8FkC,Roger Wattenhofer,EG3VPm4AAAAJ
An empirical study of market inefficiencies in uniswap and sushiswap,"JA Berg, R Fritsch, L Heimbach, R Wattenhofer",International Conference on Financial Cryptography and Data Security,238-249,45,2022,8023136457067148937,I2jIoRS3jIgC,Roger Wattenhofer,EG3VPm4AAAAJ
Towards secure and efficient payment channels,"G Avarikioti, F Laufenberg, J Sliwinski, Y Wang, R Wattenhofer",arXiv preprint arXiv:,:1811.12740,45,2018,17574295489342537581,NtCmTCuxid4C,Roger Wattenhofer,EG3VPm4AAAAJ
MIS on trees,"C Lenzen, R Wattenhofer",Proceedings of the,30th annual ACM SIGACT-SIGOPS symposium on Principles of …,45,2011,10836836717209852350,0KyAp5RtaNEC,Roger Wattenhofer,EG3VPm4AAAAJ
The power of non-uniform wireless power,"MM Halldórsson, S Holzer, P Mitra, R Wattenhofer",Proceedings of the Twenty-Fourth Annual ACM-SIAM Symposium on Discrete …,,43,2013,9956090964877976997,1lhNe0rCu4AC,Roger Wattenhofer,EG3VPm4AAAAJ
Brief announcement: Exponential speed-up of local algorithms using non-local communication,"C Lenzen, R Wattenhofer",Proceedings of the,29th ACM SIGACT-SIGOPS symposium on Principles of …,42,2010,7148295714055405665,j8SEvjWlNXcC,Roger Wattenhofer,EG3VPm4AAAAJ
Havelaar: A robust and efficient reputation system for active peer-to-peer systems,"D Grolimund, L Meisser, S Schmid, R Wattenhofer",,,42,2006,5345615531445095201,ns9cj8rnVeAC,Roger Wattenhofer,EG3VPm4AAAAJ
"Routing, anycast, and multicast for mesh and sensor networks","R Flury, R Wattenhofer",IEEE INFOCOM,2007-26th IEEE International Conference on Computer …,40,2007,561716026172602530,yD5IFk8b50cC,Roger Wattenhofer,EG3VPm4AAAAJ
Radio network clustering from scratch,"F Kuhn, T Moscibroda, R Wattenhofer",European Symposium on Algorithms,460-471,40,2004,11700538826911429344,blknAaTinKkC,Roger Wattenhofer,EG3VPm4AAAAJ
Hard-potato routing,"C Busch, M Herlihy, R Wattenhofer",Proceedings of the thirty-second annual ACM symposium on Theory of computing …,,40,2000,5987790188462844970,RHpTSmoSYBkC,Roger Wattenhofer,EG3VPm4AAAAJ
Twap oracle attacks: Easier done than said?,"T Mackinga, T Nadahalli, R Wattenhofer",,"2022 IEEE International Conference on Blockchain and Cryptocurrency (ICBC), 1-8",39,2022,4828388284165890405,QAOzB4mb83kC,Roger Wattenhofer,EG3VPm4AAAAJ
Contrastive graph neural network explanation,"L Faber, AK Moghaddam, R Wattenhofer",arXiv preprint arXiv:,:2010.13663,39,2020,12413775478809272631,NXYAu82O0W8C,Roger Wattenhofer,EG3VPm4AAAAJ
Dynamic analysis of the arrow distributed protocol,"F Kuhn, R Wattenhofer",Proceedings of the sixteenth annual ACM symposium on Parallelism in …,,39,2004,17957773220909650657,M05iB0D1s5AC,Roger Wattenhofer,EG3VPm4AAAAJ
A geometry-inspired attack for generating natural language adversarial examples,"Z Meng, R Wattenhofer",arXiv preprint arXiv:,:2010.01345,38,2020,2602594698627003286,cF7EPgIk0B4C,Roger Wattenhofer,EG3VPm4AAAAJ
Anonymous networks: randomization= 2-hop coloring,"Y Emek, C Pfister, J Seidel, R Wattenhofer",Proceedings of the,2014 ACM symposium on Principles of distributed computing …,38,2014,8153663999550885781,w1MjKQ0l0TYC,Roger Wattenhofer,EG3VPm4AAAAJ
Payment network design with fees,"G Avarikioti, G Janssen, Y Wang, R Wattenhofer","Data Privacy Management, Cryptocurrencies and Blockchain Technology: ESORICS …",,37,2018,5545421691847978024,BAanoTsO0WEC,Roger Wattenhofer,EG3VPm4AAAAJ
"The power of two in consistent network updates: Hard loop freedom, easy flow migration","KT Forster, R Wattenhofer",,2016 25th International Conference on Computer Communication and Networks …,37,2016,3507604069024648328,-6RzNnnwWf8C,Roger Wattenhofer,EG3VPm4AAAAJ
Space filling curves versus random walks,"E Bugnion, T Roos, R Wattenhofer, P Widmayer",Advanced School on the Algorithmic Foundations of Geographic Information …,,37,1996,18123690979476388322,_xSYboBqXhAC,Roger Wattenhofer,EG3VPm4AAAAJ
Complexity of scheduling with analog network coding,"O Goussevskaia, R Wattenhofer",Proceedings of the,1st ACM international workshop on Foundations of wireless …,36,2008,3289262588697777399,OU6Ihb5iCvQC,Roger Wattenhofer,EG3VPm4AAAAJ
Geometric routing without geometry,"M Wattenhofer, R Wattenhofer, P Widmayer",Structural Information and Communication Complexity:,12 International …,36,2005,3552774778743071162,YFjsv_pBGBYC,Roger Wattenhofer,EG3VPm4AAAAJ
Structuring unstructured peer-to-peer networks,"S Schmid, R Wattenhofer",International Conference on High-Performance Computing,432-442,35,2007,17696405670966441738,u_35RYKgDlwC,Roger Wattenhofer,EG3VPm4AAAAJ
Routing without flow control,"C Busch, M Herlihy, R Wattenhofer",Proceedings of the thirteenth annual ACM symposium on Parallel algorithms …,,35,2001,13993733062870439004,lSLTfruPkqcC,Roger Wattenhofer,EG3VPm4AAAAJ
Fnf-bft: Exploring performance limits of BFT protocols,"Z Avarikioti, L Heimbach, R Schmid, L Vanbever, R Wattenhofer, ...",arXiv preprint arXiv:,:2009.02235,34,2020,16046682704499040612,1xBWf43XMUgC,Roger Wattenhofer,EG3VPm4AAAAJ
Byzantine agreement with median validity,"D Stolz, R Wattenhofer",,19th International Conference on Principles of Distributed Systems (OPODIS …,34,2016,15465458844655737926,qE4H1tSSYIIC,Roger Wattenhofer,EG3VPm4AAAAJ
Modeling sensor networks,"S Schmid, R Wattenhofer",Algorithms and Protocols for Wireless Sensor Networks,77-103,34,2008,8097114641852910847,VLnqNzywnoUC,Roger Wattenhofer,EG3VPm4AAAAJ
Algorithms for ad hoc and sensor networks,R Wattenhofer,Computer Communications,"28 (13), 1498-1504",34,2005,12297729279648812414,2P1L_qKh6hAC,Roger Wattenhofer,EG3VPm4AAAAJ
An inherent bottleneck in distributed counting,"R Wattenhofer, P Widmayer",Proceedings of the sixteenth annual ACM symposium on Principles of …,,34,1997,1144056996790214857,fbc8zXXH2BUC,Roger Wattenhofer,EG3VPm4AAAAJ
Indoor localization with aircraft signals,"M Eichelberger, K Luchsinger, S Tanner, R Wattenhofer",Proceedings of the,"15th ACM Conference on Embedded Network Sensor Systems, 1-14",33,2017,11016487052143338367,Og1tA8FjbJAC,Roger Wattenhofer,EG3VPm4AAAAJ
Fast and robust GPS fix using one millisecond of data,"P Bissig, M Eichelberger, R Wattenhofer",Proceedings of the,16th ACM/IEEE International Conference on Information …,33,2017,8345000212821949465,jtI9f0ekYq0C,Roger Wattenhofer,EG3VPm4AAAAJ
A faster Bitcoin network,"C Stathakopoulou, C Decker, R Wattenhofer","Tech. rep., ETH, Zurich,. Semester Thesis",,33,2015,16413124523532910788,ji7lAbPyDbYC,Roger Wattenhofer,EG3VPm4AAAAJ
Lower and upper competitive bounds for online directed graph exploration,"KT Foerster, R Wattenhofer",Theoretical Computer Science,"655, 15-29",32,2016,8878927396004138459,Xz60mAmATU4C,Roger Wattenhofer,EG3VPm4AAAAJ
"Local checkability, no strings attached:(a) cyclicity, reachability, loop free updates in sdns","KT Foerster, T Luedi, J Seidel, R Wattenhofer",Theoretical Computer Science,"709, 48-63",31,2018,8533738635786882798,s9ia6_kGH2AC,Roger Wattenhofer,EG3VPm4AAAAJ
Brief announcement: Distributed 3/2-approximation of the diameter,"S Holzer, D Peleg, L Roditty, R Wattenhofer",Proc.,"28th International Symposium on Distributed Computing (DISC 2014), 562-564",31,2014,10921454253807383129,ziOE8S1-AIUC,Roger Wattenhofer,EG3VPm4AAAAJ
Sensor networks: distributed algorithms reloaded–or revolutions?,R Wattenhofer,International Colloquium on Structural Information and Communication …,,31,2006,6320951519103638257,b0M2c_1WBrUC,Roger Wattenhofer,EG3VPm4AAAAJ
Blockchain science: Distributed ledger technology,R Wattenhofer,(No Title),,30,2019,16775747500025195373,3vbIHxFL9FgC,Roger Wattenhofer,EG3VPm4AAAAJ
Structure and content of the visible Darknet,"G Avarikioti, R Brunner, A Kiayias, R Wattenhofer, D Zindros",arXiv preprint arXiv:,:1811.01348,30,2018,15695365085988033271,RXiHnyRawswC,Roger Wattenhofer,EG3VPm4AAAAJ
Opening the Frey/Osborne black box: Which tasks of a job are susceptible to computerization?,"P Brandes, R Wattenhofer",arXiv preprint arXiv:,:1604.08823,30,2016,2177024391017877200,D_tqNUsBuKoC,Roger Wattenhofer,EG3VPm4AAAAJ
Randomized greedy hot-potato routing,"C Busch, M Herlihy, R Wattenhofer",Proceedings of the Eleventh Annual ACM-SIAM Symposium on Discrete Algorithms …,,30,2000,8433544856789386056,M3NEmzRMIkIC,Roger Wattenhofer,EG3VPm4AAAAJ
Received-signal-strength-based logical positioning resilient to signal fluctuation,"T Locher, R Wattenhofer, A Zollinger","Sixth International Conference on Software Engineering, Artificial …",,29,2005,3600741077775748794,P5F9QuxV20EC,Roger Wattenhofer,EG3VPm4AAAAJ
Optimal synchronous approximate agreement with asynchronous fallback,"D Ghinea, CD Liu-Zhang, R Wattenhofer",Proceedings of the,2022 ACM Symposium on Principles of Distributed Computing …,28,2022,10393460517768999280,QeguYG95ZbAC,Roger Wattenhofer,EG3VPm4AAAAJ
Telling BERT's full story: from Local Attention to Global Aggregation,"D Pascual, G Brunner, R Wattenhofer",arXiv preprint arXiv:,:2004.05916,28,2020,1030002112385089654,zdX0sdgBH_kC,Roger Wattenhofer,EG3VPm4AAAAJ
Wireless evacuation on m rays with k searchers,"S Brandt, KT Foerster, B Richner, R Wattenhofer",Theoretical Computer Science,"811, 56-69",28,2020,5674914345753839343,OzeSX8-yOCQC,Roger Wattenhofer,EG3VPm4AAAAJ
Network-aware strategies in financial systems,"PA Papp, R Wattenhofer",arXiv preprint arXiv:,:2002.07566,28,2020,"11828752844476636954,16838981809961995248",NZNkWSpQBv0C,Roger Wattenhofer,EG3VPm4AAAAJ
Approximating the size of a radio network in beeping model,"P Brandes, M Kardas, M Klonowski, D Pająk, R Wattenhofer",Structural Information and Communication Complexity:,23rd International …,28,2016,5609129535629925363,H_jBuBxbQIAC,Roger Wattenhofer,EG3VPm4AAAAJ
Making Bitcoin exchanges transparent,"C Decker, J Guthrie, J Seidel, R Wattenhofer",Computer Security--ESORICS,2015: 20th European Symposium on Research in …,28,2015,3159428070201772592,SIv7DqKytYAC,Roger Wattenhofer,EG3VPm4AAAAJ
Spareeye: enhancing the safety of inattentionally blind smartphone users,"KT Foerster, A Gross, N Hail, J Uitto, R Wattenhofer",Proceedings of the,13th international conference on mobile and ubiquitous …,28,2014,11563248178068680559,An6A6Jpfc1oC,Roger Wattenhofer,EG3VPm4AAAAJ
Planipes: Mobile foot pressure analysis,"S Pfaffen, P Sommer, C Stocker, R Wattenhofer, S Welten","Proceedings of the First ACM Workshop on Mobile Systems, Applications, and …",,28,2011,5351576531029081129,WZBGuue-350C,Roger Wattenhofer,EG3VPm4AAAAJ
Default ambiguity: finding the best solution to the clearing problem,"PA Papp, R Wattenhofer",International Conference on Web and Internet Economics,391-409,27,2021,"12074836707600697542,2818440796113743802",MGPUR4WVBMEC,Roger Wattenhofer,EG3VPm4AAAAJ
Exploring music collections on mobile devices,"O Goussevskaia, M Kuhn, R Wattenhofer",Proceedings of the,10th international conference on Human computer …,27,2008,10528859817478845316,UxriW0iASnsC,Roger Wattenhofer,EG3VPm4AAAAJ
Symmetric clock synchronization in sensor networks,"P Sommer, R Wattenhofer",Proceedings of the workshop on Real-world wireless sensor networks,11-15,27,2008,15150789718905709967,tOudhMTPpwUC,Roger Wattenhofer,EG3VPm4AAAAJ
TempCaps: a capsule network-based embedding model for temporal knowledge graph completion,"G Fu, Z Meng, Z Han, Z Ding, Y Ma, M Schubert, V Tresp, R Wattenhofer",Proceedings of the Sixth Workshop on Structured Prediction for NLP,22-31,26,2022,4779274764421672371,RVqaWcrwK10C,Roger Wattenhofer,EG3VPm4AAAAJ
A tight lower bound for semi-synchronous collaborative grid exploration,"S Brandt, J Uitto, R Wattenhofer",Distributed Computing,"33, 471-484",26,2020,12127780676965056176,3lUAU8Oskd0C,Roger Wattenhofer,EG3VPm4AAAAJ
Attentive multi-task deep reinforcement learning,"T Bräm, G Brunner, O Richter, R Wattenhofer",Joint European Conference on Machine Learning and Knowledge Discovery in …,,26,2019,7740981566518066008,3BvdIg-l-ZAC,Roger Wattenhofer,EG3VPm4AAAAJ
On the validity of self-attention as explanation in transformer models,"G Brunner, Y Liu, D Pascual, O Richter, R Wattenhofer",arXiv preprint arXiv:,:1908.04211 6,26,2019,18086009129663579859,Nw_I7GeUguwC,Roger Wattenhofer,EG3VPm4AAAAJ
Bitcoin security under temporary dishonest majority,"G Avarikioti, L Käppeli, Y Wang, R Wattenhofer",Financial Cryptography and Data Security:,"23rd International Conference, FC …",26,2019,15926882296273160736,GYcXSSpN504C,Roger Wattenhofer,EG3VPm4AAAAJ
"Trading bit, message, and time complexity of distributed algorithms","J Schneider, R Wattenhofer",International Symposium on Distributed Computing,51-65,26,2011,13514477288292287120,4hFrxpcac9AC,Roger Wattenhofer,EG3VPm4AAAAJ
Provably powerful graph neural networks for directed multigraphs,"B Egressy, L Von Niederhäusern, J Blanuša, E Altman, R Wattenhofer, ...",Proceedings of the AAAI Conference on Artificial Intelligence,"38 (10), 11838 …",25,2024,13838551572763396,eLRq4zTgah0C,Roger Wattenhofer,EG3VPm4AAAAJ
Beyond prompting: Making pre-trained language models better zero-shot learners by clustering representations,"Y Fei, P Nie, Z Meng, R Wattenhofer, M Sachan",arXiv preprint arXiv:,:2210.16637,25,2022,14038390894714722688,Kv9jytqXTosC,Roger Wattenhofer,EG3VPm4AAAAJ
Cyclic arbitrage in decentralized exchange markets,"Y Wang, Y Chen, S Deng, R Wattenhofer",,1st Workshop on Decentralized Finance (DeFi 2021),25,2021,4656977890926301831,rCzfLUpcSPoC,Roger Wattenhofer,EG3VPm4AAAAJ
Timelocked bribing,"T Nadahalli, M Khabbazian, R Wattenhofer",Financial Cryptography and Data Security:,"25th International Conference, FC …",25,2021,17170236960088582338,U5uP8zs9lfgC,Roger Wattenhofer,EG3VPm4AAAAJ
Social audio features for advanced music retrieval interfaces,"M Kuhn, R Wattenhofer, S Welten",Proceedings of the,"18th ACM international conference on Multimedia, 411-420",25,2010,15641832946995579579,epqYDVWIO7EC,Roger Wattenhofer,EG3VPm4AAAAJ
Bounds on contention management algorithms,"J Schneider, R Wattenhofer",International Symposium on Algorithms and Computation,441-451,25,2009,8797895623029036762,fPk4N6BV_jEC,Roger Wattenhofer,EG3VPm4AAAAJ
Ordered multicast and distributed swap,"M Herlihy, S Tirthapura, R Wattenhofer",ACM SIGOPS Operating Systems Review,"35 (1), 85-96",25,2001,9646545164594320265,g5m5HwL7SMYC,Roger Wattenhofer,EG3VPm4AAAAJ
Fault-tolerant ANTS,"T Langner, J Uitto, D Stolz, R Wattenhofer",International Symposium on Distributed Computing,31-45,24,2014,10653798309082686123,raTqNPD5sRQC,Roger Wattenhofer,EG3VPm4AAAAJ
Distributed algorithms for sensor networks,"C Lenzen, R Wattenhofer","Philosophical Transactions of the Royal Society A: Mathematical, Physical …",,24,2012,3701816518145665496,anf4URPfarAC,Roger Wattenhofer,EG3VPm4AAAAJ
Directed graph exploration,"KT Förster, R Wattenhofer",Principles of Distributed Systems:,"16th International Conference, OPODIS …",24,2012,16898574660886442296,7Hz3ACDFbsoC,Roger Wattenhofer,EG3VPm4AAAAJ
The price of malice: A game-theoretic framework for malicious behavior in distributed systems,"T Moscibroda, S Schmid, R Wattenhofer",Internet Mathematics,"6 (2), 125-155",24,2009,7836249744068557384,q3CdL3IzO_QC,Roger Wattenhofer,EG3VPm4AAAAJ
Efficient adaptive collect using randomization,"H Attiya, F Kuhn, CG Plaxton, M Wattenhofer, R Wattenhofer",Distributed Computing,"18, 179-188",24,2006,381786053852611189,1sJd4Hv_s6UC,Roger Wattenhofer,EG3VPm4AAAAJ
The economics of automated market makers,"R Frtisch, S Käser, R Wattenhofer",Proceedings of the,4th ACM Conference on Advances in Financial Technologies …,23,2022,3080623014158520485,mgoTDWlsYNUC,Roger Wattenhofer,EG3VPm4AAAAJ
Agent-based graph neural networks,"K Martinkus, PA Papp, B Schesch, R Wattenhofer",arXiv preprint arXiv:,:2206.11010,23,2022,590003782233259466,e0LTWoPxLYMC,Roger Wattenhofer,EG3VPm4AAAAJ
From web to map: Exploring the world of music,"O Goussevskaia, M Kuhn, M Lorenzi, R Wattenhofer",,2008 IEEE/WIC/ACM International Conference on Web Intelligence and …,23,2008,588353943389380324,uWQEDVKXjbEC,Roger Wattenhofer,EG3VPm4AAAAJ
Multidimensional approximate agreement with asynchronous fallback,"D Ghinea, CD Liu-Zhang, R Wattenhofer",Proceedings of the,35th ACM Symposium on Parallelism in Algorithms and …,22,2023,15303644178400988375,JavbeY_VQWIC,Roger Wattenhofer,EG3VPm4AAAAJ
Abc: Asynchronous blockchain without consensus,"J Sliwinski, R Wattenhofer",arXiv preprint arXiv:,:1909.10926,22,2019,15202384687818159165,cB__R-XWw9UC,Roger Wattenhofer,EG3VPm4AAAAJ
On local fixing,"M König, R Wattenhofer",International Conference On Principles Of Distributed Systems,191-205,22,2013,13123442814422852829,1yWc8FF-_SYC,Roger Wattenhofer,EG3VPm4AAAAJ
Distributed coloring depending on the chromatic number or the neighborhood growth,"J Schneider, R Wattenhofer",International Colloquium on Structural Information and Communication …,,22,2011,12021258865042075396,1yQoGdGgb4wC,Roger Wattenhofer,EG3VPm4AAAAJ
Decoding code on a sensor node,"P von Rickenbach, R Wattenhofer",International Conference on Distributed Computing in Sensor Systems,400-414,22,2008,17691290944218079054,738O_yMBCRsC,Roger Wattenhofer,EG3VPm4AAAAJ
Distributed asymmetric verification in computational grids,"M Kuhn, S Schmid, R Wattenhofer",,"2008 IEEE International Symposium on Parallel and Distributed Processing, 1-10",22,2008,9108657619421554571,fQNAKQ3IYiAC,Roger Wattenhofer,EG3VPm4AAAAJ
Topology control made practical: Increasing the performance of source routing,"N Burri, P von Rickenbach, R Wattenhofer, Y Weber",International Conference on Mobile Ad-Hoc and Sensor Networks,1-12,22,2006,7588928334296566606,tS2w5q8j5-wC,Roger Wattenhofer,EG3VPm4AAAAJ
Efficient and scalable graph generation through iterative local expansion,"A Bergmeister, K Martinkus, N Perraudin, R Wattenhofer",arXiv preprint arXiv:,:2312.11529,21,2023,1056667947435683956,Amrzk_ktLr0C,Roger Wattenhofer,EG3VPm4AAAAJ
Debt swapping for risk mitigation in financial networks,"PA Papp, R Wattenhofer",Proceedings of the,"22nd ACM Conference on Economics and Computation, 765-784",21,2021,"12878812812449723775,18005606152843176817",o9ULDYDKYbIC,Roger Wattenhofer,EG3VPm4AAAAJ
Scheduling wireless links with successive interference cancellation,"O Goussevskaia, R Wattenhofer",,2012 21st International Conference on Computer Communications and Networks …,21,2012,12611403978447399910,2tRrZ1ZAMYUC,Roger Wattenhofer,EG3VPm4AAAAJ
Eight Open Problems in Distributed Computing.,"J Aspnes, C Busch, S Dolev, P Fatourou, C Georgiou, AA Shvartsman, ...",Bull. EATCS,"90, 109-126",21,2006,4644797299094849911,u-coK7KVo8oC,Roger Wattenhofer,EG3VPm4AAAAJ
Defi lending during the merge,"L Heimbach, E Schertenleib, R Wattenhofer",arXiv preprint arXiv:,:2303.08748,20,2023,14416722898351440838,0Kh4an1R61UC,Roger Wattenhofer,EG3VPm4AAAAJ
Directed beam search: Plug-and-play lexically constrained language generation,"D Pascual, B Egressy, F Bolli, R Wattenhofer",arXiv preprint arXiv:,:2012.15416,20,2020,5004257865027742668,vjZqxyZ7hS4C,Roger Wattenhofer,EG3VPm4AAAAJ
Brain2word: decoding brain activity for language generation,"N Affolter, B Egressy, D Pascual, R Wattenhofer",arXiv preprint arXiv:,:2009.04765,20,2020,11497198181732962841,cdwqcPQS8ssC,Roger Wattenhofer,EG3VPm4AAAAJ
Payment networks as creation games,"G Avarikioti, R Scheuner, R Wattenhofer","Data Privacy Management, Cryptocurrencies and Blockchain Technology: ESORICS …",,20,2019,17280033227504943,Tfl4UtY-dJUC,Roger Wattenhofer,EG3VPm4AAAAJ
Algorithmic channel design,"G Avarikioti, Y Wang, R Wattenhofer",,"29th International Symposium on Algorithms and Computation (ISAAC 2018), 16 …",20,2018,18297398379368139638,E7VqQtBCVmcC,Roger Wattenhofer,EG3VPm4AAAAJ
Scheduling with interference decoding: Complexity and algorithms,"O Goussevskaia, R Wattenhofer",Ad hoc networks,"11 (6), 1732-1745",20,2013,1715658916018666666,IaI1MmNe2tcC,Roger Wattenhofer,EG3VPm4AAAAJ
Time-optimal information exchange on multiple channels,"S Holzer, YA Pignolet, J Smula, R Wattenhofer",Proceedings of the,7th ACM ACM SIGACT/SIGMOBILE International Workshop on …,20,2011,1711472688422958230,kzcrU_BdoSEC,Roger Wattenhofer,EG3VPm4AAAAJ
Theoretical aspects of connectivity-based multi-hop positioning,"R O’Dell, R Wattenhofer",Theoretical Computer Science,"344 (1), 47-68",20,2005,17542393143187256038,zA6iFVUQeVQC,Roger Wattenhofer,EG3VPm4AAAAJ
Fast and simple algorithms for weighted perfect matching,"M Wattenhofer, R Wattenhofer",Electronic Notes in Discrete Mathematics,"17, 285-291",20,2004,8024022628241736012,5Ul4iDaHHb8C,Roger Wattenhofer,EG3VPm4AAAAJ
Clippee: A large-scale client/peer system,"K Albrecht, R Arnold, R Wattenhofer","Technical Report/ETH Zurich, Department of Computer Science",410,20,2003,3419439406095308144,pyW8ca7W8N0C,Roger Wattenhofer,EG3VPm4AAAAJ
Aircraft fingerprinting using deep learning,"A Nicolussi, S Tanner, R Wattenhofer",,"2020 28th European Signal Processing Conference (EUSIPCO), 740-744",19,2021,6140702929830444146,XtJa11BXPS4C,Roger Wattenhofer,EG3VPm4AAAAJ
Sequential defaulting in financial networks,"PA Papp, R Wattenhofer",arXiv preprint arXiv:,:2011.10485,19,2020,"17086946999601530350,15847107900671525799",5rMqqAh47xYC,Roger Wattenhofer,EG3VPm4AAAAJ
Normalized attention without probability cage,"O Richter, R Wattenhofer",arXiv preprint arXiv:,:2005.09561,19,2020,6746827621677936440,HqhvjgTjE9cC,Roger Wattenhofer,EG3VPm4AAAAJ
Byzantine preferential voting,"D Melnyk, Y Wang, R Wattenhofer",International Conference on Web and Internet Economics,327-340,19,2018,15453174143569436446,9NZAP19TdFAC,Roger Wattenhofer,EG3VPm4AAAAJ
Augmenting flows for the consistent migration of multi-commodity single-destination flows in sdns,"S Brandt, KT Foerster, R Wattenhofer",Pervasive and Mobile Computing,"36, 134-150",19,2017,17752286988621966681,8dzOF9BpDQoC,Roger Wattenhofer,EG3VPm4AAAAJ
Exploring and improving BitTorrent topologies,"C Decker, R Eidenbenz, R Wattenhofer",IEEE P,"P2P 2013 Proceedings, 1-10",19,2013,13180711423898056371,CB2v5VPnA5kC,Roger Wattenhofer,EG3VPm4AAAAJ
Hidden communication in p2p networks steganographic handshake and broadcast,"R Eidenbenz, T Locher, R Wattenhofer",,"2011 Proceedings IEEE INFOCOM, 954-962",19,2011,"5521084933046657629,9988482447619104546",-FonjvnnhkoC,Roger Wattenhofer,EG3VPm4AAAAJ
YETI: an Eclipse plug-in for TinyOS 2.1,"N Burri, R Flury, S Nellen, B Sigg, P Sommer, R Wattenhofer",proceedings of the,7th ACM conference on embedded networked sensor systems …,19,2009,14978900790382290297,JoZmwDi-zQgC,Roger Wattenhofer,EG3VPm4AAAAJ
Modeling replica placement in a distributed file system: Narrowing the gap between analysis and simulation,"JR Douceur, RP Wattenhofer",European Symposium on Algorithms,356-367,19,2001,9375503172455195602,abG-DnoFyZgC,Roger Wattenhofer,EG3VPm4AAAAJ
DISCO-10M: A large-scale music dataset,"L Lanzendörfer, F Grötschla, E Funke, R Wattenhofer",Advances in Neural Information Processing Systems,"36, 54451-54471",18,2023,3460597260276427910,XUAslYVNQLQC,Roger Wattenhofer,EG3VPm4AAAAJ
Byzantine agreement with unknown participants and failures,"P Khanchandani, R Wattenhofer",,2021 IEEE international parallel and distributed processing symposium (IPDPS …,18,2021,1426991691168957517,Ul_CLA4dPeMC,Roger Wattenhofer,EG3VPm4AAAAJ
Synthetic epileptic brain activities using generative adversarial networks,"D Pascual, A Aminifar, D Atienza, P Ryvlin, R Wattenhofer",arXiv preprint arXiv:,:1907.10518,18,2019,7555456887198453032,1EqfMoDn7-AC,Roger Wattenhofer,EG3VPm4AAAAJ
SWAN: achieving high utilization in networks,"V Gill, CY Hong, S Kandula, R Mahajan, M Nanduri, RP Wattenhofer, ...",US Patent,"8,977,756",18,2015,9475086146123335294,rbm3iO8VlycC,Roger Wattenhofer,EG3VPm4AAAAJ
Principles of distributed computing,R Wattenhofer,"Lecture Notes, www. dcg. ethz. ch/lectures/ss",s05/distcomp/lecture/chapter2. pdf,18,2014,975236888104372223,dQ2og3OwTAUC,Roger Wattenhofer,EG3VPm4AAAAJ
ALPS: Authenticating live peer-to-peer live streams,"R Meier, R Wattenhofer",,"2008 Symposium on Reliable Distributed Systems, 45-52",18,2008,7151141524339196976,olpn-zPbct0C,Roger Wattenhofer,EG3VPm4AAAAJ
A blueprint for constructing peer-to-peer systems robust to dynamic worst-case joins and leaves,"F Kuhn, S Schmid, J Smit, R Wattenhofer",,"200614th IEEE International Workshop on Quality of Service, 12-19",18,2006,13017237186249098395,NhqRSupF_l8C,Roger Wattenhofer,EG3VPm4AAAAJ
YETI: A TinyOS plug-in for Eclipse,"N Burri, R Schuler, R Wattenhofer",Proceedings of the ACM Workshop on Real-World Wireless Sensor Networks …,,18,2006,10581478624641010827,u9iWguZQMMsC,Roger Wattenhofer,EG3VPm4AAAAJ
Efficient multi-word locking using randomization,"PH Ha, P Tsigas, M Wattenhofer, R Wattenhofer",Proceedings of the twenty-fourth annual ACM symposium on Principles of …,,18,2005,10918779406398531160,l7t_Zn2s7bgC,Roger Wattenhofer,EG3VPm4AAAAJ
Abstract visual reasoning enabled by language,"G Camposampiero, L Houmard, B Estermann, J Mathys, R Wattenhofer",Proceedings of the IEEE/CVF Conference on Computer Vision and Pattern …,,17,2023,14792916568447497013,w9ZB08sdvuUC,Roger Wattenhofer,EG3VPm4AAAAJ
A tight lower bound for the capture time of the cops and robbers game,"S Brandt, Y Emek, J Uitto, R Wattenhofer",Theoretical Computer Science,"839, 143-163",17,2020,3126428595015128279,X0DADzN9RKwC,Roger Wattenhofer,EG3VPm4AAAAJ
Impatient online matching,"X Liu, Z Pan, Y Wang, R Wattenhofer",,29th International Symposium on Algorithms and Computation (ISAAC 2018) 123 …,17,2018,8336369645326139082,KI9T_ytC6pkC,Roger Wattenhofer,EG3VPm4AAAAJ
Tight bounds for delay-sensitive aggregation,"YA Oswald, S Schmid, R Wattenhofer",Proceedings of the twenty-seventh ACM symposium on Principles of distributed …,,17,2008,5033763612623072855,KxtntwgDAa4C,Roger Wattenhofer,EG3VPm4AAAAJ
The counting pyramid: an adaptive distributed counting scheme,"R Wattenhofer, P Widmayer",Journal of Parallel and Distributed Computing,"64 (4), 449-460",17,2004,"12478439662152932285,14027865281185893859",CHSYGLWDkRkC,Roger Wattenhofer,EG3VPm4AAAAJ
Join and leave in peer-to-peer systems: The DASIS approach,"K Albrecht, R Arnold, M Gähwiler, R Wattenhofer",Technical report,427,17,2003,"3002626525451656960,14206791403570710247",a0OBvERweLwC,Roger Wattenhofer,EG3VPm4AAAAJ
Resilience characteristics of the internet backbone routing infrastructure,"C Labovitz, R Wattenhofer, S Venkatachary, A Ahuja","Proceedings of the Third Information Survivability Workshop, Boston, MA",,17,2000,16754164277327351027,xtRiw3GOFMkC,Roger Wattenhofer,EG3VPm4AAAAJ
On Isotropy Calibration of Transformers,"Y Ding, K Martinkus, D Pascual, S Clematide, R Wattenhofer",Proceedings of the Third Workshop on Insights from Negative Results in NLP,1-9,16,2022,555685453243551744,qwOXE0mbtu4C,Roger Wattenhofer,EG3VPm4AAAAJ
TreeConnect: A sparse alternative to fully connected layers,"O Richter, R Wattenhofer",,2018 IEEE 30th International Conference on Tools with Artificial …,16,2018,13273209391216953374,aDl3D7KC1E4C,Roger Wattenhofer,EG3VPm4AAAAJ
"Local checkability, no strings attached","KT Förster, T Luedi, J Seidel, R Wattenhofer",Proceedings of the,17th International Conference on Distributed Computing …,16,2016,8334613949307570615,CYCckWUYoCcC,Roger Wattenhofer,EG3VPm4AAAAJ
dJay: Enabling high-density multi-tenancy for cloud gaming servers with dynamic cost-benefit GPU load balancing,"S Grizan, D Chu, A Wolman, R Wattenhofer",Proceedings of the sixth ACM symposium on cloud computing,58-70,16,2015,10516666404957497194,sA9dB-pw3HoC,Roger Wattenhofer,EG3VPm4AAAAJ
Topological implications of selfish neighbor selection in unstructured peer-to-peer networks,"T Moscibroda, S Schmid, R Wattenhofer",Algorithmica,"61, 419-446",16,2011,9683831962686938706,XD-gHx7UXLsC,Roger Wattenhofer,EG3VPm4AAAAJ
Sensing dance engagement for collaborative music control,"M Kuhn, R Wattenhofer, M Wirz, M Fluckiger, G Troster",,"2011 15th Annual International Symposium on Wearable Computers, 51-54",16,2011,3226933193833860727,_Re3VWB3Y0AC,Roger Wattenhofer,EG3VPm4AAAAJ
Distributed selection: a missing piece of data aggregation,"F Kuhn, T Locher, R Wattenhofer",Communications of the ACM,"51 (9), 93-99",16,2008,365141110631976605,wbdj-CoPYUoC,Roger Wattenhofer,EG3VPm4AAAAJ
Lost in space or positioning in sensor networks,"M O’Dell, R O’Dell, M Wattenhofer, R Wattenhofer",REALWSN,"5, 20-21",16,2005,11677309000188194771,SP6oXDckpogC,Roger Wattenhofer,EG3VPm4AAAAJ
Optimus: warming serverless ml inference via inter-function model transformation,"Z Hong, J Lin, S Guo, S Luo, W Chen, R Wattenhofer, Y Yu",Proceedings of the Nineteenth European Conference on Computer Systems,1039-1053,15,2024,5109082914969151157,plAW456RD7MC,Roger Wattenhofer,EG3VPm4AAAAJ
Dava: Disentangling adversarial variational autoencoder,"B Estermann, R Wattenhofer",arXiv preprint arXiv:,:2303.01384,15,2023,3314903623643304707,7XUxBq3GufIC,Roger Wattenhofer,EG3VPm4AAAAJ
Fedhql: Federated heterogeneous q-learning,"FX Fan, Y Ma, Z Dai, C Tan, BKH Low, R Wattenhofer",arXiv preprint arXiv:,:2301.11135,15,2023,18254854056488558992,K-tzbvM8PMoC,Roger Wattenhofer,EG3VPm4AAAAJ
A note on optimal fees for constant function market makers,R Fritsch,Proceedings of the,2021 ACM CCS Workshop on Decentralized Finance and …,15,2021,16758289342476925703,vofGIMt6cyEC,Roger Wattenhofer,EG3VPm4AAAAJ
Bert is robust! a case against synonym-based adversarial examples in text classification,"J Hauser, Z Meng, D Pascual, R Wattenhofer",arXiv preprint arXiv:,:2109.07403,15,2021,7413124630777333606,cOfwuRB03ygC,Roger Wattenhofer,EG3VPm4AAAAJ
Of non-linearity and commutativity in bert,"S Zhao, D Pascual, G Brunner, R Wattenhofer",,"2021 International Joint Conference on Neural Networks (IJCNN), 1-8",15,2021,8831858655167977216,_IsBomjs8bsC,Roger Wattenhofer,EG3VPm4AAAAJ
Wireless network algorithmics,"MM Halldórsson, R Wattenhofer",Computing and Software Science: State of the Art and Perspectives,141-160,15,2019,1986668490504616647,cSdaV2aYdYsC,Roger Wattenhofer,EG3VPm4AAAAJ
Byzantine agreement with interval validity,"D Melnyk, R Wattenhofer",,"2018 IEEE 37th Symposium on Reliable Distributed Systems (SRDS), 251-260",15,2018,10708556027186485688,QaSi33NTfwYC,Roger Wattenhofer,EG3VPm4AAAAJ
Maintaining constructive interference using well-synchronized sensor nodes,"M König, R Wattenhofer",,2016 International Conference on Distributed Computing in Sensor Systems …,15,2016,4103858394457612446,MIg0yeAD4ggC,Roger Wattenhofer,EG3VPm4AAAAJ
Time lower bounds for distributed distance oracles,"T Izumi, R Wattenhofer",International Conference on Principles of Distributed Systems,60-75,15,2014,16959346856557539336,2l5NCbZemmgC,Roger Wattenhofer,EG3VPm4AAAAJ
Computability in anonymous networks: Revocable vs. irrecovable outputs,"Y Emek, J Seidel, R Wattenhofer","Automata, Languages, and Programming:","41st International Colloquium, ICALP …",15,2014,5312084775941010927,pAkWuXOU-OoC,Roger Wattenhofer,EG3VPm4AAAAJ
A peer activity study in edonkey & kad,"T Locher, D Mysicka, S Schmid, R Wattenhofer",,,15,2009,8059488588566847957,WqliGbK-hY8C,Roger Wattenhofer,EG3VPm4AAAAJ
The layered world of scientific conferences,"M Kuhn, R Wattenhofer",Asia-Pacific web conference,81-92,15,2008,15300113301156409293,WA5NYHcadZ8C,Roger Wattenhofer,EG3VPm4AAAAJ
On interference reduction in sensor networks,"M Fussen, R Wattenhofer, A Zollinger","Technical Report/ETH Zurich, Department of Computer Science",453,15,2004,11098644053364812433,XiSMed-E-HIC,Roger Wattenhofer,EG3VPm4AAAAJ
Bailouts in financial networks,"B Egressy, R Wattenhofer",arXiv preprint arXiv:,:2106.12315,14,2021,18048482125464941992,RJNGbXJAtMsC,Roger Wattenhofer,EG3VPm4AAAAJ
Abc: Proof-of-stake without consensus,"J Sliwinski, R Wattenhofer",arXiv preprint arXiv:,:1909.10926,14,2019,9014898382346239423,feST4K8J0scC,Roger Wattenhofer,EG3VPm4AAAAJ
Receiving data hidden in music,"M Eichelberger, S Tanner, G Voirol, R Wattenhofer",Proceedings of the,20th International Workshop on Mobile Computing Systems …,14,2019,3462842269636953292,txeM2kYbVNMC,Roger Wattenhofer,EG3VPm4AAAAJ
Frequency hopping against a powerful adversary,"Y Emek, R Wattenhofer",International Symposium on Distributed Computing,329-343,14,2013,2455504183604667620,XUvXOeBm_78C,Roger Wattenhofer,EG3VPm4AAAAJ
"MALTZ, D. zUpdate: Updating data center networks with zero loss","HH Liu, X Wu, M Zhang, L Yuan, R Wattenhofer",ACM SIGCOMM Computer Communication Review,"43 (4), 411-422",14,2013,1815693088598102510,Gs1AF5H0x94C,Roger Wattenhofer,EG3VPm4AAAAJ
Demo abstract: Debugging wireless sensor network simulations with yeti and cooja,"R Huber, P Sommer, R Wattenhofer",Proceedings of the,10th ACM/IEEE international conference on information …,14,2011,6087043998324165999,i2xiXl-TujoC,Roger Wattenhofer,EG3VPm4AAAAJ
Distributed combinatorial optimization,"F Kuhn, R Wattenhofer","Technical Report/ETH Zurich, Department of Computer Science",426,14,2005,"1827197782626359814,2215308435912652572",EUQCXRtRnyEC,Roger Wattenhofer,EG3VPm4AAAAJ
Inferring AS relationships beyond counting edges,"B Huber, S Leinen, R O'Dell, R Wattenhofer",D-INFK technical report,446,14,2004,16454069436555188832,WbkHhVStYXYC,Roger Wattenhofer,EG3VPm4AAAAJ
Siamese siren: Audio compression with implicit neural representations,"LA Lanzendörfer, R Wattenhofer",arXiv preprint arXiv:,:2306.12957,13,2023,13243167476625330881,nj26e0utjpAC,Roger Wattenhofer,EG3VPm4AAAAJ
Online graph exploration on a restricted graph class: Optimal solutions for tadpole graphs,"S Brandt, KT Foerster, J Maurer, R Wattenhofer",Theoretical Computer Science,"839, 176-185",13,2020,15486760157184187770,l6Q3WhenKVUC,Roger Wattenhofer,EG3VPm4AAAAJ
Asynchronous byzantine agreement in incomplete networks,"Y Wang, R Wattenhofer",Proceedings of the,2nd ACM Conference on Advances in Financial Technologies …,13,2020,7801235116156162250,4oJvMfeQlr8C,Roger Wattenhofer,EG3VPm4AAAAJ
Synthetic epileptic brain activities using GANs,"D Pascual, A Aminifar, D Atienza, P Ryvlin, R Wattenhofer",Machine Learning for Health (ML,L4H) at NeurIPS,13,2019,14292887289857645819,gmHTDCtJMcoC,Roger Wattenhofer,EG3VPm4AAAAJ
Monaural music source separation using a resnet latent separator network,"G Brunner, N Naas, S Palsson, O Richter, R Wattenhofer",,2019 IEEE 31st International Conference on Tools with Artificial …,13,2019,15799127915027318128,qPeb-qHga9sC,Roger Wattenhofer,EG3VPm4AAAAJ
Multi-year GPS tracking using a coin cell,"M Eichelberger, F Von Hagen, R Wattenhofer",Proceedings of the,20th International Workshop on Mobile Computing Systems …,13,2019,9790928320870770644,hHIA4WEVY-EC,Roger Wattenhofer,EG3VPm4AAAAJ
A pocket guide to indoor mapping,"P Bissig, R Wattenhofer, S Welten",,"2013 10th Workshop on Positioning, Navigation and Communication (WPNC), 1-6",13,2013,7623202833093833344,WHdLCjDvYFkC,Roger Wattenhofer,EG3VPm4AAAAJ
A TCP with guaranteed performance in networks with dynamic congestion and random wireless losses,"S Schmid, R Wattenhofer",Proceedings of the,"2nd annual international workshop on Wireless internet, 9-es",13,2006,9277899853442721189,B3FOqHPlNUQC,Roger Wattenhofer,EG3VPm4AAAAJ
Algorithms for wireless sensor networks,R Wattenhofer,"Wireless Sensor Networks: Third European Workshop, EWSN","2006, Zurich …",13,2006,9731034986328735161,9Nmd_mFXekcC,Roger Wattenhofer,EG3VPm4AAAAJ
Ad-hoc and sensor networks: Worst-case vs. average-case,R Wattenhofer,International Zurich Seminar on Communications,"2004, 156-159",13,2004,3303397333445964346,p2g8aNsByqUC,Roger Wattenhofer,EG3VPm4AAAAJ
Protecting android APPS from repackaging using native code,"S Tanner, I Vogels, R Wattenhofer",Foundations and Practice of Security:,"12th International Symposium, FPS 2019 …",12,2020,15769693799546359674,NtGNdKbuCngC,Roger Wattenhofer,EG3VPm4AAAAJ
Effectively capturing attention using the capture effect,"M König, R Wattenhofer",Proceedings of the,14th ACM Conference on Embedded Network Sensor Systems CD …,12,2016,1779514046261326503,G1UMdFYMoxkC,Roger Wattenhofer,EG3VPm4AAAAJ
The spiderbat ultrasound positioning system,"G Oberholzer, P Sommer, R Wattenhofer",Proceedings of the,8th ACM Conference on Embedded Networked Sensor Systems …,12,2010,18296210206875454493,_5tno0g5mFcC,Roger Wattenhofer,EG3VPm4AAAAJ
Transactional memory: How to perform load adaption in a simple and distributed manner,"D Hasenfratz, J Schneider, R Wattenhofer",,2010 International Conference on High Performance Computing & Simulation …,12,2010,14116223255103932362,HE397vMXCloC,Roger Wattenhofer,EG3VPm4AAAAJ
Visually and acoustically exploring the high-dimensional space of music,"L Bossard, M Kuhn, R Wattenhofer",,"2009 International Conference on Computational Science and Engineering 4, 58-65",12,2009,9873392569792787519,_B80troHkn4C,Roger Wattenhofer,EG3VPm4AAAAJ
Robust live media streaming in swarms,"T Locher, R Meier, R Wattenhofer, S Schmid",Proceedings of the,18th international workshop on Network and operating …,12,2009,3314367640836220507,5ugPr518TE4C,Roger Wattenhofer,EG3VPm4AAAAJ
Towards a Theory of Peer-to-Peer Computability.,"J Giesen, R Wattenhofer, A Zollinger",SIROCCO,115-132,12,2002,10454394127313120088,eflP2zaiRacC,Roger Wattenhofer,EG3VPm4AAAAJ
Sok: Attacks on daos,"R Feichtinger, R Fritsch, L Heimbach, Y Vonlanthen, R Wattenhofer",arXiv preprint arXiv:,:2406.15071,11,2024,11389648721030847750,mo9XK3BEATIC,Roger Wattenhofer,EG3VPm4AAAAJ
GraphChef: Decision-tree recipes to explain graph neural networks,"P Müller, L Faber, K Martinkus, R Wattenhofer",The Twelfth International Conference on Learning Representations,,11,2024,5374310698404019470,h-xndbdg2koC,Roger Wattenhofer,EG3VPm4AAAAJ
Consensus on demand,"J Sliwinski, Y Vonlanthen, R Wattenhofer","International Symposium on Stabilizing, Safety, and Security of Distributed …",,11,2022,13950487416090486357,9tXw7Op4-u0C,Roger Wattenhofer,EG3VPm4AAAAJ
Grief-free atomic swaps,"T Nadahalli, M Khabbazian, R Wattenhofer",,"2022 IEEE International Conference on Blockchain and Cryptocurrency (ICBC), 1-9",11,2022,2651087481791575119,UarirCmVI0EC,Roger Wattenhofer,EG3VPm4AAAAJ
Asynchronous proof-of-stake,"J Sliwinski, R Wattenhofer","Stabilization, Safety, and Security of Distributed Systems:",23rd …,11,2021,9447338816063915788,ynsZFq2pu0MC,Roger Wattenhofer,EG3VPm4AAAAJ
Natural language multitasking: analyzing and improving syntactic saliency of hidden representations,"G Brunner, Y Wang, R Wattenhofer, M Weigelt",arXiv preprint arXiv:,:1801.06024,11,2018,17581246925311647919,xm0LlTxljI0C,Roger Wattenhofer,EG3VPm4AAAAJ
On the importance of synchronization primitives with low consensus numbers,"P Khanchandani, R Wattenhofer",Proceedings of the,19th International Conference on Distributed Computing …,11,2018,3835916474493228957,oTdOBqtIf_kC,Roger Wattenhofer,EG3VPm4AAAAJ
Overcoming obstacles with ants,"T Langner, B Keller, J Uitto, R Wattenhofer",,19th International Conference on Principles of Distributed Systems (OPODIS …,11,2016,14024016557236870779,YlPif8NxrbYC,Roger Wattenhofer,EG3VPm4AAAAJ
How even tiny influence can have a big impact!,"B Keller, D Peleg, R Wattenhofer",Fun with Algorithms:,"7th International Conference, FUN 2014, Lipari Island …",11,2014,43884498387215935,-95Q15plzcUC,Roger Wattenhofer,EG3VPm4AAAAJ
Monitoring churn in wireless networks,"S Holzer, YA Pignolet, J Smula, R Wattenhofer",Theoretical Computer Science,"453, 29-43",11,2012,3994583034102528039,NyGDZy8z5eUC,Roger Wattenhofer,EG3VPm4AAAAJ
Deterministic multi-channel information exchange,"S Holzer, T Locher, YA Pignolet, R Wattenhofer",Proceedings of the twenty-fourth annual ACM symposium on Parallelism in …,,11,2012,"13803355055828251208,8730818786896758795",gKiMpY-AVTkC,Roger Wattenhofer,EG3VPm4AAAAJ
eDonkey & eMule's Kad: Measurements & Attacks,"T Locher, S Schmid, R Wattenhofer",Fundamenta Informaticae,"109 (4), 383-403",11,2011,1583649977394925678,p__nRnzSRKYC,Roger Wattenhofer,EG3VPm4AAAAJ
Reliable and energy-efficient bulk-data dissemination in wireless sensor networks,"D Gugelmann, P Sommer, R Wattenhofer",Proceedings of the,8th ACM Conference on Embedded Networked Sensor Systems …,11,2010,12225412370773252093,L7CI7m0gUJcC,Roger Wattenhofer,EG3VPm4AAAAJ
Mechanism design by creditability,"R Eidenbenz, YA Oswald, S Schmid, R Wattenhofer",International Conference on Combinatorial Optimization and Applications,208-219,11,2007,17350835595246000883,1qzjygNMrQYC,Roger Wattenhofer,EG3VPm4AAAAJ
Bert is robust! A case against word substitution-based adversarial attacks,"J Hauser, Z Meng, D Pascual, R Wattenhofer",ICASSP,"2023-2023 IEEE International Conference on Acoustics, Speech and …",10,2023,15359182585988896713,DwFgw5hZUzMC,Roger Wattenhofer,EG3VPm4AAAAJ
Periodic extrapolative generalisation in neural networks,"P Belcak, R Wattenhofer",,"2022 IEEE Symposium Series on Computational Intelligence (SSCI), 1066-1073",10,2022,9033720620500556798,E2bRg1zSkIsC,Roger Wattenhofer,EG3VPm4AAAAJ
Robust indoor localization with ADS-B,"A Canals, P Josephy, S Tanner, R Wattenhofer",Proceedings of the,27th Annual International Conference on Mobile Computing …,10,2021,11699542711634671691,YGhAHpnIhDoC,Roger Wattenhofer,EG3VPm4AAAAJ
Using deep learning to classify saccade direction from brain activity,"A Kastrati, MB Plomecka, R Wattenhofer, N Langer",ACM Symposium on Eye Tracking Research and Applications,1-6,10,2021,7316853515585205634,rzmi0EmCOGEC,Roger Wattenhofer,EG3VPm4AAAAJ
"Should graph neural networks use features, edges, or both?","L Faber, Y Lu, R Wattenhofer",arXiv preprint arXiv:,:2103.06857,10,2021,12555455157657510423,5VjbC5aozO0C,Roger Wattenhofer,EG3VPm4AAAAJ
On the hardness of red-blue pebble games,"PA Papp, R Wattenhofer",Proceedings of the,32nd ACM Symposium on Parallelism in Algorithms and …,10,2020,3108708393845999571,I9gX6wnfuA8C,Roger Wattenhofer,EG3VPm4AAAAJ
Blockchains cannot rely on honesty,"J Sliwinski, R Wattenhofer",The,19th International Conference on Autonomous Agents and Multiagent …,10,2019,2681328032423359535,5LPo_wSKItgC,Roger Wattenhofer,EG3VPm4AAAAJ
Disentangling the latent space of (variational) autoencoders for NLP,"G Brunner, Y Wang, R Wattenhofer, M Weigelt",Advances in Computational Intelligence Systems: Contributions Presented at …,,10,2019,4062948028432157786,3A3nxV7CjKIC,Roger Wattenhofer,EG3VPm4AAAAJ
Improving raft when there are failures,"C Fluri, D Melnyk, R Wattenhofer",,"2018 Eighth Latin-American Symposium on Dependable Computing (LADC), 167-170",10,2018,16131936743611665470,uUvzmPk0f8oC,Roger Wattenhofer,EG3VPm4AAAAJ
Approximating small balanced vertex separators in almost linear time,"S Brandt, R Wattenhofer",Workshop on Algorithms and Data Structures,229-240,10,2017,8116531503716194337,wLxue7F8ec0C,Roger Wattenhofer,EG3VPm4AAAAJ
The price of matching with metric preferences,"Y Emek, T Langner, R Wattenhofer",Algorithms-ESA,"2015: 23rd Annual European Symposium, Patras, Greece …",10,2015,510416570509317792,QsaTk4IG4EwC,Roger Wattenhofer,EG3VPm4AAAAJ
goProbe: a scalable distributed network monitoring solution,"L Elsen, F Kohn, C Decker, R Wattenhofer",,"2015 IEEE International Conference on Peer-to-peer Computing (P2P), 1-10",10,2015,10994929818237711846,8Xgff_V0N9gC,Roger Wattenhofer,EG3VPm4AAAAJ
Ants: Mobile finite state machines,"Y Emek, T Langner, J Uitto, R Wattenhofer",arXiv preprint arXiv:,:1311.3062,10,2013,17175013946270349516,Br1UauaknNIC,Roger Wattenhofer,EG3VPm4AAAAJ
Boosting market liquidity of peer-to-peer systems through cyclic trading,"R Eidenbenz, T Locher, S Schmid, R Wattenhofer",,"2012 IEEE 12th International Conference on Peer-to-Peer Computing (P2P), 155-166",10,2012,2379096581218957307,tH6gc1N1XXoC,Roger Wattenhofer,EG3VPm4AAAAJ
On finding better friends in social networks,"P Brandes, R Wattenhofer","Stabilization, Safety, and Security of Distributed Systems:",14th …,10,2012,16006241141888874514,48xauSegjOkC,Roger Wattenhofer,EG3VPm4AAAAJ
Computing wireless capacity,"MM Halldórsson, R Wattenhofer",Unpublished manuscript,,10,2010,5130859571380954002,eMMeJKvmdy0C,Roger Wattenhofer,EG3VPm4AAAAJ
"Incentive-compatible, energy-optimal, and efficient ad hoc networking in a selfish milieu","S Eidenbenz, L Anderegg, R Wattenhofer",,2007 40th Annual Hawaii International Conference on System Sciences (HICSS …,10,2007,12549690497676799713,q3oQSFYPqjQC,Roger Wattenhofer,EG3VPm4AAAAJ
Community-aware mobile networking,"M Kuhn, R Wattenhofer",Mobile services and personalized environments–Proceedings of the first …,,10,2006,2925837470744382191,geHnlv5EZngC,Roger Wattenhofer,EG3VPm4AAAAJ
SANS: A simple ad hoc network simulator,"N Burri, R Wattenhofer, Y Weber, A Zollinger","Proceedings of the Conference on Educational Media, Hypermedia, and …",,10,2005,5240369133249014882,vRqMK49ujn8C,Roger Wattenhofer,EG3VPm4AAAAJ
On the approximation of the minimum maximum stretch tree problem,"P Boksberger, F Kuhn, R Wattenhofer","Technical Report/ETH Zurich, Department of Computer Science",409,10,2003,3652540272289806937,bnK-pcrLprsC,Roger Wattenhofer,EG3VPm4AAAAJ
Exponentially Faster Language Modelling,"P Belcak, R Wattenhofer",arXiv preprint arXiv:,:2311.10770,9,2023,11571156077304149337,0urtJCGzaFQC,Roger Wattenhofer,EG3VPm4AAAAJ
SALSA-CLRS: A sparse and scalable benchmark for algorithmic reasoning,"J Minder, F Grötschla, J Mathys, R Wattenhofer",arXiv preprint arXiv:,:2309.12253,9,2023,1088797022728967026,3pYxbvHKFu8C,Roger Wattenhofer,EG3VPm4AAAAJ
Fast feedforward networks,"P Belcak, R Wattenhofer",arXiv preprint arXiv:,:2308.14711,9,2023,1719793503958557649,CKf5m1HYVjMC,Roger Wattenhofer,EG3VPm4AAAAJ
Neural status registers,"L Faber, R Wattenhofer",International Conference on Machine Learning,9508-9522,9,2023,429624802599520280,wkm4DBaukwsC,Roger Wattenhofer,EG3VPm4AAAAJ
Print your money: Cash-like experiences with digital money,"C Zhou, Y Chen, R Wattenhofer, Y Wang",Extended Abstracts of the,2023 CHI Conference on Human Factors in Computing …,9,2023,3869649229745686826,ibZ2AwG9z6wC,Roger Wattenhofer,EG3VPm4AAAAJ
Self-supervised contrastive learning with adversarial perturbations for defending word substitution-based attacks,"Z Meng, Y Dong, M Sachan, R Wattenhofer",Findings of the Association for Computational Linguistics: NAACL,"2022, 87-101",9,2022,919544746420213877,FwTEoIZreccC,Roger Wattenhofer,EG3VPm4AAAAJ
Unsupervised task clustering for multi-task reinforcement learning,"J Ackermann, O Richter, R Wattenhofer",Machine Learning and Knowledge Discovery in Databases. Research Track …,,9,2021,8828738463747046115,2Q0AJrNhS-QC,Roger Wattenhofer,EG3VPm4AAAAJ
Neural symbolic music genre transfer insights,"G Brunner, M Moayeri, O Richter, R Wattenhofer, C Zhang",Machine Learning and Knowledge Discovery in Databases: International …,,9,2020,12997169362613499986,17ZO-CJnx_8C,Roger Wattenhofer,EG3VPm4AAAAJ
Stabilization time in minority processes,"PA Papp, R Wattenhofer",arXiv preprint arXiv:,:1907.02131,9,2019,586598142192277008,Vztgr1qGG8IC,Roger Wattenhofer,EG3VPm4AAAAJ
The arvy distributed directory protocol,"P Khanchandani, R Wattenhofer",The,"31st ACM Symposium on Parallelism in Algorithms and Architectures, 225-235",9,2019,2127642001394876029,PVqtIyvKoSUC,Roger Wattenhofer,EG3VPm4AAAAJ
Latency and consistent flow migration: Relax for lossless updates,"KT Foerster, L Vanbever, R Wattenhofer",,"2019 IFIP Networking Conference (IFIP Networking), 1-9",9,2019,8263501060479041406,u3T1itk59dMC,Roger Wattenhofer,EG3VPm4AAAAJ
Local checkability in dynamic networks,"KT Foerster, O Richter, J Seidel, R Wattenhofer",Proceedings of the,18th International Conference on Distributed Computing …,9,2017,8125253044336535048,mel-f30kHHgC,Roger Wattenhofer,EG3VPm4AAAAJ
Distributed stable matching with similar preference lists,"P Khanchandani, R Wattenhofer",,20th International Conference on Principles of Distributed Systems (OPODIS …,9,2017,5239764210324221233,oPLKW5k6eA4C,Roger Wattenhofer,EG3VPm4AAAAJ
Good Programming in Transactional Memory: Game Theory Meets Multicore Architecture,"R Eidenbenz, R Wattenhofer",International Symposium on Algorithms and Computation,503-513,9,2009,"6274618887903773394,12385628487825971732",VOx2b1Wkg3QC,Roger Wattenhofer,EG3VPm4AAAAJ
Manipulation in games,"R Eidenbenz, YA Oswald, S Schmid, R Wattenhofer",International Symposium on Algorithms and Computation,365-376,9,2007,15848842026978328849,V3AGJWp-ZtQC,Roger Wattenhofer,EG3VPm4AAAAJ
The theoretic center of computer science,"M Kuhn, R Wattenhofer",ACM SIGACT News,"38 (4), 54-63",9,2007,6472978699175805116,Y5dfb0dijaUC,Roger Wattenhofer,EG3VPm4AAAAJ
Analysis of interference in ad-hoc networks,"M Burkhart, R Wattenhofer, A Zollinger","Master's thesis, Swiss Federal Institute of Technology, Zurich",,9,2003,17751524433701708039,J-pR_7NvFogC,Roger Wattenhofer,EG3VPm4AAAAJ
Stable dinner party seating arrangements,"D Berriaud, A Constantinescu, R Wattenhofer",International Conference on Web and Internet Economics,3-20,8,2023,3220439949159602000,WTQy_8Ay2UsC,Roger Wattenhofer,EG3VPm4AAAAJ
Electrode clustering and bandpass analysis of eeg data for gaze estimation,"A Kastrati, MB Plomecka, J Küchler, N Langer, R Wattenhofer",Annual Conference on Neural Information Processing Systems,50-65,8,2023,16403855692959839598,8rLWgkbgOXQC,Roger Wattenhofer,EG3VPm4AAAAJ
A deep learning approach for the segmentation of electroencephalography data in eye tracking applications,"L Wolf, A Kastrati, MB Płomecka, JM Li, D Klebe, A Veicht, R Wattenhofer, ...",arXiv preprint arXiv:,:2206.08672,8,2022,561665774245262907,4tNoA7Af41QC,Roger Wattenhofer,EG3VPm4AAAAJ
The price of majority support,"R Fritsch, R Wattenhofer",arXiv preprint arXiv:,:2201.12303,8,2022,14759368468453466181,oFn-K-OQSCAC,Roger Wattenhofer,EG3VPm4AAAAJ
Brief announcement: Byzantine agreement with unknown participants and failures,"P Khanchandani, R Wattenhofer",Proceedings of the,39th Symposium on Principles of Distributed Computing …,8,2020,1591802754941163509,xii_ZKWM4-0C,Roger Wattenhofer,EG3VPm4AAAAJ
A Spoof-Proof GPS Receiver,"M Eichelberger, F Von Hagen, R Wattenhofer",,2020 19th ACM/IEEE International Conference on Information Processing in …,8,2020,12225644561625190445,B2rIPIGFPLEC,Roger Wattenhofer,EG3VPm4AAAAJ
piChain: When a blockchain meets paxos,"C Burchert, R Wattenhofer",,21st International Conference on Principles of Distributed Systems (OPODIS …,8,2018,9442222309802384249,7Frjd3zlGBUC,Roger Wattenhofer,EG3VPm4AAAAJ
Multi-agent Pathfinding with n Agents on Graphs with n Vertices: Combinatorial Classification and Tight Algorithmic Bounds,"KT Foerster, L Groner, T Hoefler, M Koenig, S Schmid, R Wattenhofer",International Conference on Algorithms and Complexity,247-259,8,2017,17606490761304483924,nPT8s1NX_-sC,Roger Wattenhofer,EG3VPm4AAAAJ
A concept for an introduction to parallelization in Java: Multithreading with programmable robots in Minecraft,"KT Förster, M König, R Wattenhofer",Proceedings of the,17th Annual Conference on Information Technology …,8,2016,13845591289542771941,NMlhSUseqAsC,Roger Wattenhofer,EG3VPm4AAAAJ
Augmenting anycast network flows,"S Brandt, KT Foerster, R Wattenhofer",Proceedings of the,17th International Conference on Distributed Computing …,8,2016,15475588496575727802,DyXnQzXoVgIC,Roger Wattenhofer,EG3VPm4AAAAJ
The solitaire memory game,"KT Foerster, R Wattenhofer",ETH Zurich,,8,2013,14999950408348719076,tz746QTLzJkC,Roger Wattenhofer,EG3VPm4AAAAJ
Reading up on bookcrossing,"R Eidenbenz, Y Li, R Wattenhofer","Information, Medium and Society","10 (2), 11",8,2013,6498649593292435244,LPtt_HFRSbwC,Roger Wattenhofer,EG3VPm4AAAAJ
Smart energy case study,"C Baumann, S Holzer, M Rodriguez, R Wattenhofer",Proceedings of the Fourth ACM Workshop on Embedded Sensing Systems for …,,8,2012,17847535034157068000,kVjdVfd2voEC,Roger Wattenhofer,EG3VPm4AAAAJ
The paper assignment problem,"R O'Dell, M Wattenhofer, R Wattenhofer","Technical Report/ETH Zurich, Department of Computer Science",491,8,2005,11511863011636612317,AHdEip9mkN0C,Roger Wattenhofer,EG3VPm4AAAAJ
An llm-based recommender system environment,"N Corecco, G Piatti, LA Lanzendörfer, F Xiaofeng Fan, R Wattenhofer","arXiv e-prints, arXiv:",2406.01631,7,2024,3617574719601991676,KKBjqD86ppkC,Roger Wattenhofer,EG3VPm4AAAAJ
Assessing adversarial robustness of large language models: An empirical study,"Z Yang, Z Meng, X Zheng, R Wattenhofer",arXiv preprint arXiv:,:2405.02764,7,2024,9321518494325242359,lOG7zRu2uA8C,Roger Wattenhofer,EG3VPm4AAAAJ
What Determines the Price of NFTs?,"V Ziemke, B Estermann, R Wattenhofer, Y Wang",,2023 IEEE 29th International Conference on Parallel and Distributed Systems …,7,2023,9642929872405172664,UY3hNwcQ290C,Roger Wattenhofer,EG3VPm4AAAAJ
Association of preoperative conization with recurrences after laparoscopic radical hysterectomy for FIGO 2018 stage IB1 cervical cancer,"Y Ding, X Zhang, J Qiu, C Li, K Hua",Archives of Gynecology and Obstetrics,"307 (6), 1901-1909",7,2023,"14766301908388612142,6055280002973751370",dMpQl7XwOw4C,Roger Wattenhofer,EG3VPm4AAAAJ
Divide & scale: Formalization and roadmap to robust sharding,"Z Avarikioti, A Desjardins, L Kokoris-Kogias, R Wattenhofer",International Colloquium on Structural Information and Communication …,,7,2023,12462518469674444156,654Jc7Ppz2kC,Roger Wattenhofer,EG3VPm4AAAAJ
"Defi auditing: Mechanisms, effectiveness, and user perceptions","D Feng, R Hitsch, K Qin, A Gervais, R Wattenhofer, Y Yao, Y Wang",International Conference on Financial Cryptography and Data Security,320-336,7,2023,3322978305036616064,eJD0kABLposC,Roger Wattenhofer,EG3VPm4AAAAJ
Meeting in a Convex World: Convex Consensus with Asynchronous Fallback.,"A Constantinescu, D Ghinea, R Wattenhofer, F Westermann",IACR Cryptol. ePrint Arch.,"2023, 1364",7,2023,8224473372982633994,JhbybO29vGQC,Roger Wattenhofer,EG3VPm4AAAAJ
Dynamic byzantine broadcast in asynchronous message-passing systems,"J Li, T Yu, Y Wang, R Wattenhofer",IEEE Access,"10, 91372-91384",7,2022,12219278812683995543,8O4vDxvErlEC,Roger Wattenhofer,EG3VPm4AAAAJ
DT+ GNN: A fully explainable graph neural network using decision trees,"P Müller, L Faber, K Martinkus, R Wattenhofer",arXiv preprint arXiv:,:2205.13234,7,2022,16473954616370332184,ZYsTHYU9jrMC,Roger Wattenhofer,EG3VPm4AAAAJ
Word2course: creating interactive courses from as little as a keyword,"S Foucher, D Pascual, O Richter, R Wattenhofer",CSEDU: PROCEEDINGS OF THE,14TH INTERNATIONAL CONFERENCE ON COMPUTER …,7,2022,9811138761133153017,dhpJJ7xvgBgC,Roger Wattenhofer,EG3VPm4AAAAJ
Self-supervised contrastive learning with adversarial perturbations for robust pretrained language models,"Z Meng, Y Dong, M Sachan, R Wattenhofer",arXiv preprint arXiv:,:2107.07610,7,2021,8077535512023942808,IvSMUa3B7yYC,Roger Wattenhofer,EG3VPm4AAAAJ
Fast size approximation of a radio network in beeping model,"P Brandes, M Kardas, M Klonowski, D Pająk, R Wattenhofer",Theoretical Computer Science,"810, 15-25",7,2020,8513775919311557095,Ic1VZgkJnDsC,Roger Wattenhofer,EG3VPm4AAAAJ
Imperceptible audio communication,"M Eichelberger, S Tanner, G Voirol, R Wattenhofer",ICASSP,"2019-2019 IEEE International Conference on Acoustics, Speech and …",7,2019,13747296597377751373,DQNrXyjhriIC,Roger Wattenhofer,EG3VPm4AAAAJ
Using state predictions for value regularization in curiosity driven deep reinforcement learning,"G Brunner, M Fritsche, O Richter, R Wattenhofer",,2018 IEEE 30th International Conference on Tools with Artificial …,7,2018,12645499092542858256,xyvS_IvSCKsC,Roger Wattenhofer,EG3VPm4AAAAJ
CLEX: Yet Another Supercomputer Architecture?,"C Lenzen, R Wattenhofer",arXiv preprint arXiv:,:1607.00298,7,2016,534748717957004256,AzKEL7Gb_04C,Roger Wattenhofer,EG3VPm4AAAAJ
"Lower bounds for the capture time: Linear, quadratic, and beyond","KT Förster, R Nuridini, J Uitto, R Wattenhofer",International Colloquium on Structural Information and Communication …,,7,2015,12534760340128422083,LXmCCkuhhTsC,Roger Wattenhofer,EG3VPm4AAAAJ
Distributed disaster disclosure,"B Mans, S Schmid, R Wattenhofer",Algorithm Theory–SWAT,2008: 11th Scandinavian Workshop on Algorithm Theory …,7,2008,8336533879499712900,ye4kPcJQO24C,Roger Wattenhofer,EG3VPm4AAAAJ
Dynamic internet congestion with bursts,"S Schmid, R Wattenhofer",International Conference on High-Performance Computing,159-170,7,2006,3840918783340511043,2KloaMYe4IUC,Roger Wattenhofer,EG3VPm4AAAAJ
Lower and upper bounds for distributed packing and covering,"F Kuhn, T Moscibroda, R Wattenhofer",Technical reports,443,7,2004,7552943419109224229,8AbLer7MMksC,Roger Wattenhofer,EG3VPm4AAAAJ
Gwac: Gnns with asynchronous communication,"L Faber, R Wattenhofer",Learning on Graphs Conference,8: 1-8: 20,6,2024,3264045876049102309,mS4qin7VKjkC,Roger Wattenhofer,EG3VPm4AAAAJ
Decentralized Federated Policy Gradient with Byzantine Fault-Tolerance and Provably Fast Convergence,"P Jordan, F Grötschla, FX Fan, R Wattenhofer",arXiv preprint arXiv:,:2401.03489,6,2024,12876905196724027106,TY5xIG7f_2sC,Roger Wattenhofer,EG3VPm4AAAAJ
GraphChef: Learning the recipe of your dataset,"P Müller, L Faber, K Martinkus, R Wattenhofer",ICML,3rd Workshop on Interpretable Machine Learning in Healthcare (IMLH),6,2023,369256649098130579,NKlx0PmyA3cC,Roger Wattenhofer,EG3VPm4AAAAJ
Convex Consensus with Asynchronous Fallback,"A Constantinescu, D Ghinea, R Wattenhofer, F Westermann",Cryptology ePrint Archive,,6,2023,6276652113880452738,wH03y5nBhxsC,Roger Wattenhofer,EG3VPm4AAAAJ
Leveraging machine learning for bidding strategies in miner extractable value (mev) auctions,"C Raun, B Estermann, L Zhou, K Qin, R Wattenhofer, A Gervais, Y Wang",Cryptology ePrint Archive,,6,2023,3164928134467016618,0paDrhnEFY0C,Roger Wattenhofer,EG3VPm4AAAAJ
Gay Dating on Non-dating Platforms: The Case of Online Dating Activities of Gay Men on a Q&A Platform,"Y Wang, Z Lu, R Wattenhofer",Proceedings of the ACM on Human-Computer Interaction,"6 (CSCW2), 1-23",6,2022,11276291018975659094,ZOYfmFL0FrgC,Roger Wattenhofer,EG3VPm4AAAAJ
A limitlessly scalable transaction system,"M Mathys, R Schmid, J Sliwinski, R Wattenhofer",International Workshop on Data Privacy Management,297-307,6,2022,15474655376875108172,Q3-QASNKTMEC,Roger Wattenhofer,EG3VPm4AAAAJ
Graph neural networks with precomputed node features,"B Egressy, R Wattenhofer",arXiv preprint arXiv:,:2206.00637,6,2022,15837970691402746630,wlzmIqt2EaEC,Roger Wattenhofer,EG3VPm4AAAAJ
Online k-way matching with delays and the h-metric,"D Melnyk, Y Wang, R Wattenhofer",arXiv preprint arXiv:,:2109.06640,6,2021,13938564200669074571,GUYAmugLYisC,Roger Wattenhofer,EG3VPm4AAAAJ
Wikiflash: Generating flashcards from wikipedia articles,"Y Cheng, Y Ding, S Foucher, D Pascual, O Richter, M Volk, R Wattenhofer",Neural Information Processing:,"28th International Conference, ICONIP 2021 …",6,2021,6536640914204472391,KqnX2w3egDsC,Roger Wattenhofer,EG3VPm4AAAAJ
Brain2Word: Improving brain decoding methods and evaluation,"N Affolter, B Egressy, D Pascual, R Wattenhofer",Medical Imaging Meets Neurips Workshop-,-34th Conference on Neural Information …,6,2020,17978636469699533646,HKviVsUxM5wC,Roger Wattenhofer,EG3VPm4AAAAJ
The k-server problem with delays on the uniform metric space,"P Krnetić, D Melnyk, Y Wang, R Wattenhofer",,"31st International Symposium on Algorithms and Computation (ISAAC 2020), 61 …",6,2020,18270254388247461862,DGzKIA18-3YC,Roger Wattenhofer,EG3VPm4AAAAJ
Stabilization time in weighted minority processes,"PA Papp, R Wattenhofer",arXiv preprint arXiv:,:1902.01228,6,2019,7350569457275670297,SpPTWFSNUtQC,Roger Wattenhofer,EG3VPm4AAAAJ
Nokey-A distributed password manager,"F Zinggeler, S Tanner, G Brunner, R Wattenhofer",Master’s thesis. Swiss Federal Institute of Technology Zurich. https://pub …,,6,2018,1498692830729695651,4pF9x-cDGsoC,Roger Wattenhofer,EG3VPm4AAAAJ
The power of oblivious wireless power,"MM Halldórsson, S Holzer, P Mitra, R Wattenhofer",SIAM Journal on Computing,"46 (3), 1062-1086",6,2017,5792380101395334600,ijdKiLOsEJMC,Roger Wattenhofer,EG3VPm4AAAAJ
DECOR+ LAMI: A scalable blockchain protocol,"P Camacho, SD Lerner",Scaling Bitcoin Workshops,,6,2016,7708075252716903101,iyewoVqAXLQC,Roger Wattenhofer,EG3VPm4AAAAJ
Multi-tenancy for cloud gaming servers,"DC Chu, A Wolman, R Wattenhofer, S Grizan",US Patent,"9,327,199",6,2016,15191653372170270580,-yGd096yOn8C,Roger Wattenhofer,EG3VPm4AAAAJ
Randomness vs. Time in Anonymous Networks,"J Seidel, J Uitto, R Wattenhofer",International Symposium on Distributed Computing,263-275,6,2015,3748846679142120061,aIdbFUkbNIkC,Roger Wattenhofer,EG3VPm4AAAAJ
Dependable peer-to-peer systems withstanding dynamic adversarial churn,"K Albrecht, F Kuhn, R Wattenhofer","Dependable Systems: Software, Computing, Networks: Research Results of the …",,6,2006,2291431228112064266,NJ774b8OgUMC,Roger Wattenhofer,EG3VPm4AAAAJ
Minimum stretch spanning trees,"P Boksberger, R Wattenhofer, F Kuhn","Diploma thesis, ETH Zürich",,6,2003,9897748209513840711,K3LRdlH-MEoC,Roger Wattenhofer,EG3VPm4AAAAJ
Distributed Counting: How to Bypass Bottlenecks,R Wattenhofer,ETH Zurich,,6,1998,"13829778464442005442,5291754195720324707",kRWSkSYxWN8C,Roger Wattenhofer,EG3VPm4AAAAJ
Distributed counting at maximum speed,"R Wattenhofer, P Widmayer","Technical Report/ETH Zurich, Department of Computer Science",277,6,1997,17484325045170206455,08ZZubdj9fEC,Roger Wattenhofer,EG3VPm4AAAAJ
Ant Algorithm,"C Lorenz, P Mottl, R Wattenhofer","Distributed Computing Group, Thesis, Swiss Federal Institute of Technology …",,6,NA,2073045883985136698,Ade32sEp0pkC,Roger Wattenhofer,EG3VPm4AAAAJ
Logra-med: Long context multi-graph alignment for medical vision-language model,"DMH Nguyen, NT Diep, TQ Nguyen, HB Le, T Nguyen, T Nguyen, ...",arXiv preprint arXiv:,:2410.02615,5,2024,8857348545623931069,v7SMsomtfXcC,Roger Wattenhofer,EG3VPm4AAAAJ
Towards learning abductive reasoning using vsa distributed representations,"G Camposampiero, M Hersche, A Terzić, R Wattenhofer, A Sebastian, ...",International Conference on Neural-Symbolic Learning and Reasoning,370-385,5,2024,10707108408915711871,yL7DKRohVA8C,Roger Wattenhofer,EG3VPm4AAAAJ
CAESAR: Enhancing Federated RL in Heterogeneous MDPs through Convergence-Aware Sampling with Screening,"HY Mak, FX Fan, LA Lanzendörfer, C Tan, WT Ooi, R Wattenhofer",arXiv preprint arXiv:,:2403.20156,5,2024,8866440006737621007,Wqn_fehR_TUC,Roger Wattenhofer,EG3VPm4AAAAJ
The Role of Facial and Speech Features in Emotion Classification,"L Houmard, A Kastrati, D Vasilevski, R Wattenhofer","Digital AI for humans (Workshop@ AAAI), Vancouver, Canada",,5,2024,3645289550750055222,4Wrxgq2JVp0C,Roger Wattenhofer,EG3VPm4AAAAJ
Graphtester: Exploring theoretical boundaries of gnns on graph datasets,"E Akbiyik, F Grötschla, B Egressy, R Wattenhofer",arXiv preprint arXiv:,:2306.17482,5,2023,14490777502737864529,RmcNAhKkducC,Roger Wattenhofer,EG3VPm4AAAAJ
Fact: Learning governing abstractions behind integer sequences,"P Belcak, A Kastrati, F Schenker, R Wattenhofer",Advances in Neural Information Processing Systems,"35, 17968-17980",5,2022,6612651313827860020,w0odbtu79TwC,Roger Wattenhofer,EG3VPm4AAAAJ
An introduction to graph neural networks from a distributed computing perspective,"PA Papp, R Wattenhofer",International Conference on Distributed Computing and Internet Technology,26-44,5,2022,2411776962355787588,o-PowTg_VKEC,Roger Wattenhofer,EG3VPm4AAAAJ
Two elementary instructions make compare-and-swap,"P Khanchandani, R Wattenhofer",Journal of Parallel and Distributed Computing,"145, 176-187",5,2020,2757535319396059566,tBlTYpvFGQIC,Roger Wattenhofer,EG3VPm4AAAAJ
Mastering Distribuited Algorithms,R Wattenhofer,Inverted Forest Publishing,,5,2020,5820256345723810276,ef2wPL15CskC,Roger Wattenhofer,EG3VPm4AAAAJ
Brief Announcement: Fast Shared Counting using (O (n)) Compare-and-Swap Registers,"P Khanchandani, R Wattenhofer",Proceedings of the ACM Symposium on Principles of Distributed Computing,95-96,5,2017,6721604952945701354,naSTrk-c4S8C,Roger Wattenhofer,EG3VPm4AAAAJ
Brief announcement: Towards reduced instruction sets for synchronization,"R Gelashvili, I Keidar, A Spiegelman, R Wattenhofer",,"31st International Symposium on Distributed Computing (DISC 2017) 91, 53",5,2017,9214280484507334709,orDZ08hpP44C,Roger Wattenhofer,EG3VPm4AAAAJ
RTDS: real-time discussion statistics,"P Bissig, J Deriu, KT Foerster, R Wattenhofer",Proceedings of the,15th International Conference on Mobile and Ubiquitous …,5,2016,9290766060426108482,YB4bud6kWLwC,Roger Wattenhofer,EG3VPm4AAAAJ
Sharing a Medium Between Concurrent Protocols Without Overhead Using the Capture Effect.,"M König, R Wattenhofer",EWSN,113-124,5,2016,15857143906195776682,ghEM2AJqZyQC,Roger Wattenhofer,EG3VPm4AAAAJ
Distributed approximation of minimum routing cost trees,"A Hochuli, S Holzer, R Wattenhofer",International Colloquium on Structural Information and Communication …,,5,2014,15725291671589187078,uVUOdF_882EC,Roger Wattenhofer,EG3VPm4AAAAJ
Peer-to-peer streaming in heterogeneous environments,"R Meier, R Wattenhofer",Signal Processing: Image Communication,"27 (5), 457-469",5,2012,4514802785896860032,Ehil0879vHcC,Roger Wattenhofer,EG3VPm4AAAAJ
Cost and complexity of harnessing games with payments,"R Eidenbenz, YA Pignolet, S Schmid, R Wattenhofer",International Game Theory Review,"13 (01), 13-44",5,2011,12470488058165508061,yFnVuubrUp4C,Roger Wattenhofer,EG3VPm4AAAAJ
Layers and hierarchies in real virtual networks,"O Goussevskaia, M Kuhn, R Wattenhofer",IEEE/WIC/ACM International Conference on Web Intelligence (WI',"'07), 89-94",5,2007,2141361232234002517,dTyEYWd-f8wC,Roger Wattenhofer,EG3VPm4AAAAJ
Wireless networking: Graph theory unplugged,R Wattenhofer,International Workshop on Graph-Theoretic Concepts in Computer Science,20-32,5,2004,15684806125197672323,tkaPQYYpVKoC,Roger Wattenhofer,EG3VPm4AAAAJ
Near-optimal hot-potato routing on trees,"C Busch, M Magdon-Ismail, M Mavronicolas, R Wattenhofer",Euro-Par,2004 Parallel Processing: 10th International Euro-Par Conference …,5,2004,1769033446143466688,AXPGKjj_ei8C,Roger Wattenhofer,EG3VPm4AAAAJ
Breaking recaptchav2,"A Plesner, T Vontobel, R Wattenhofer",,"2024 IEEE 48th Annual Computers, Software, and Applications Conference …",4,2024,6309000988988899652,7nQzp1YiEc4C,Roger Wattenhofer,EG3VPm4AAAAJ
Brief Announcement: Communication-Optimal Convex Agreement,"D Ghinea, CD Liu-Zhang, R Wattenhofer",Proceedings of the,43rd ACM Symposium on Principles of Distributed Computing …,4,2024,12414913725772204419,nbnL2fqDbzcC,Roger Wattenhofer,EG3VPm4AAAAJ
CoRe-GD: A Hierarchical Framework for Scalable Graph Visualization with GNNs,"F Grötschla, J Mathys, R Veres, R Wattenhofer",arXiv preprint arXiv:,:2402.06706,4,2024,9144276148420045460,tfDI-GPdlUQC,Roger Wattenhofer,EG3VPm4AAAAJ
Randomized Algorithm for MPMD on Two Sources,"K He, S Li, E Sun, Y Wang, R Wattenhofer, W Zhu",International Conference on Web and Internet Economics,348-365,4,2023,15936183241034529470,SEKBqlyTJecC,Roger Wattenhofer,EG3VPm4AAAAJ
Automating rigid origami design,"J Geiger, K Martinkus, O Richter, R Wattenhofer",Proceedings of the Thirty-Second International Joint Conference on …,,4,2023,2333311323862315554,2u1QkWOsl3MC,Roger Wattenhofer,EG3VPm4AAAAJ
Deep learning-powered iterative combinatorial auctions with active learning,"B Estermann, S Kramer, R Wattenhofer, Y Wang",Proceedings of the,2023 International Conference on Autonomous Agents and …,4,2023,10310788507309585195,oE_QS-WwsdAC,Roger Wattenhofer,EG3VPm4AAAAJ
Computing the best policy that survives a vote,"A Constantinescu, R Wattenhofer",arXiv preprint arXiv:,:2303.00660,4,2023,10109478647697805530,WgvcDLhf7hwC,Roger Wattenhofer,EG3VPm4AAAAJ
Learning graph algorithms with recurrent graph neural networks,"F Grötschla, J Mathys, R Wattenhofer",arXiv preprint arXiv:,:2212.04934,4,2022,455480213779657798,CLhUwle04lcC,Roger Wattenhofer,EG3VPm4AAAAJ
Neural combinatorial logic circuit synthesis from input-output examples,"P Belcak, R Wattenhofer",arXiv preprint arXiv:,:2210.16606,4,2022,16876567963018752652,CC3C2HR4nz8C,Roger Wattenhofer,EG3VPm4AAAAJ
Improving brain decoding methods and evaluation,"D Pascual, B Egressy, N Affolter, Y Cai, O Richter, R Wattenhofer",ICASSP,"2022-2022 IEEE International Conference on Acoustics, Speech and …",4,2022,14522671896906333446,RgznTc0nqo4C,Roger Wattenhofer,EG3VPm4AAAAJ
Combined ADS-B and GNSS indoor localization,"P Josephy, S Tanner, R Wattenhofer",,2021 International Conference on Indoor Positioning and Indoor Navigation …,4,2021,4763735343028516298,hB2aVRuWZNwC,Roger Wattenhofer,EG3VPm4AAAAJ
Two-agent tree evacuation,"H Devillez, B Egressy, R Fritsch, R Wattenhofer",International Colloquium on Structural Information and Communication …,,4,2021,13600368383865827847,MNNNGtAgD4EC,Roger Wattenhofer,EG3VPm4AAAAJ
High-Throughput and Low-Latency Hyperloop*,"M Eichelberger, DT Geiter, R Schmid, R Wattenhofer",,2020 IEEE 23rd International Conference on Intelligent Transportation …,4,2020,1344082281990734760,iKswqCX-FLkC,Roger Wattenhofer,EG3VPm4AAAAJ
The append memory model: Why blockdags excel blockchains,"D Melnyk, R Wattenhofer",Proceedings of the,32nd ACM Symposium on Parallelism in Algorithms and …,4,2020,11964789430352369294,vD2iS2Kej30C,Roger Wattenhofer,EG3VPm4AAAAJ
The Frechet Distance of training and test distribution predicts the generalization gap,"J Zilly, H Zilly, O Richter, R Wattenhofer, A Censi, E Frazzoli",,,4,2019,15642657651021580268,8p8iYwVyaVcC,Roger Wattenhofer,EG3VPm4AAAAJ
Which Tasks of a Job are Susceptible to Computerization?,"P Brandes, R Wattenhofer",Bulletin of EATCS,3 (120),4,2016,10944764905829855896,hvmnpdAuIbkC,Roger Wattenhofer,EG3VPm4AAAAJ
On competitive recommendations,"J Uitto, R Wattenhofer",Theoretical Computer Science,"620, 4-14",4,2016,9189026119255072508,prdVHNxh-e8C,Roger Wattenhofer,EG3VPm4AAAAJ
Distributed alarming in the on-duty and off-duty models,"M Bienkowski, L Gąsieniec, M Klonowski, M Korzeniowski, B Mans, ...",IEEE/ACM Transactions on Networking,"24 (1), 218-230",4,2014,377966527395346905,kF1pexMAQbMC,Roger Wattenhofer,EG3VPm4AAAAJ
On the feasibility of opportunistic ad hoc music sharing,"B Keller, P von Bergen, R Wattenhofer, S Welten","Mobile Data Challenge by Nokia Workshop, in conjunction with International …",,4,2012,6156303347343608762,5icHVeHT4IsC,Roger Wattenhofer,EG3VPm4AAAAJ
Monitoring Churn in Wireless Networks,"S Holzer, YA Pignolet, J Smula, R Wattenhofer",International Symposium on Algorithms and Experiments for Sensor Systems …,,4,2010,17545058354610262164,uWiczbcajpAC,Roger Wattenhofer,EG3VPm4AAAAJ
The TROOTH recommendation system,"K Albrecht, R Wattenhofer",Advanced Int'l Conference on Telecommunications and Int'l Conference on …,,4,2006,8174200258105199018,LjlpjdlvIbIC,Roger Wattenhofer,EG3VPm4AAAAJ
Truthful mechanisms for generalized utilitarian problems,"G Melideo, P Penna, G Proietti, R Wattenhofer, P Widmayer",Exploring New Frontiers of Theoretical Informatics: IFIP,18th World Computer …,4,2004,8424924921467060447,t7zJ5fGR-2UC,Roger Wattenhofer,EG3VPm4AAAAJ
Survey of mobile ad-hoc routing algorithms,"M Schiely, R Wattenhofer","Master's thesis, Swiss Federal Institute of Technology (ETH), Zurich, Swiss",,4,2004,9172602227945977168,VL0QpB8kHFEC,Roger Wattenhofer,EG3VPm4AAAAJ
Greedy O (c+ d) hot-potato routing on trees,"C Busch, M Magdon-Ismail, M Mavronicolas, R Wattenhofer",Technical report TR,03–07,4,2003,4774292377350177729,XiVPGOgt02cC,Roger Wattenhofer,EG3VPm4AAAAJ
Report On the Approximation of Unit Disk Graph Coordinates,T Rusterholz,,,4,2003,16302806027435592876,JQOojiI6XY0C,Roger Wattenhofer,EG3VPm4AAAAJ
BGP-CT: A first step towards fast internet fail-over,"M Musuvathi, S Venkatachary, R Wattenhofer, C Labovitz, A Ahuja","Microsoft Research, Tech. Rep.",,4,2000,1096689338988420613,rCNdntzdTkkC,Roger Wattenhofer,EG3VPm4AAAAJ
FedRLHF: A Convergence-Guaranteed Federated Framework for Privacy-Preserving and Personalized RLHF,"FX Fan, C Tan, YS Ong, R Wattenhofer, WT Ooi",arXiv preprint arXiv:,:2412.15538,3,2024,11405631362075337120,k6nH7jlkaTkC,Roger Wattenhofer,EG3VPm4AAAAJ
Banyan: Fast Rotating Leader BFT,"Y Vonlanthen, J Sliwinski, M Albarello, R Wattenhofer",Proceedings of the,"25th International Middleware Conference, 494-507",3,2024,14732347570369608732,P-MJmu9ZMwQC,Roger Wattenhofer,EG3VPm4AAAAJ
SUBER: An RL Environment with Simulated Human Behavior for Recommender Systems,"N Corecco, G Piatti, LA Lanzendörfer, FX Fan, R Wattenhofer",arXiv preprint arXiv:,:2406.01631,3,2024,7210842477455439648,QI7uKX5mnFEC,Roger Wattenhofer,EG3VPm4AAAAJ
Hunting DeFi Vulnerabilities via Context-Sensitive Concolic Verification,"Y Ding, A Gervais, R Wattenhofer, H Sato",Proceedings of the,2024 IEEE/ACM 46th International Conference on Software …,3,2024,3293036257924194528,VHM5RxzNINsC,Roger Wattenhofer,EG3VPm4AAAAJ
Bridging diversity and uncertainty in active learning with self-supervised pre-training,"P Doucet, B Estermann, T Aczel, R Wattenhofer",arXiv preprint arXiv:,:2403.03728,3,2024,15628780622160510282,pbQCAAeKvsAC,Roger Wattenhofer,EG3VPm4AAAAJ
An Interpretable and Attention-based Method for Gaze Estimation Using Electroencephalography,"N Weng, M Plomecka, M Kaufmann, A Kastrati, R Wattenhofer, N Langer",International Conference on Medical Image Computing and Computer-Assisted …,,3,2023,6842819090117287912,yNlG6JgpFqoC,Roger Wattenhofer,EG3VPm4AAAAJ
Better incentives for proof-of-work,"J Sliwinski, R Wattenhofer","International Symposium on Stabilizing, Safety, and Security of Distributed …",,3,2022,6881842567566098765,ZqLB7dQ1iF4C,Roger Wattenhofer,EG3VPm4AAAAJ
Asynchronous neural networks for learning in graphs,"L Faber, R Wattenhofer",arXiv preprint arXiv:,:2205.12245,3,2022,7152100042650935822,gkldIfsazJcC,Roger Wattenhofer,EG3VPm4AAAAJ
Idols that You Decide: Understanding the Phenomenon and Practices of Fan-Idol Crowdfunding,"Y Wang, H Zhao, Z Lu, R Wattenhofer",Available at SSRN,3843034,3,2021,5030759033032190224,XeErXHja3Z8C,Roger Wattenhofer,EG3VPm4AAAAJ
Space complexity of streaming algorithms on universal quantum computers,"Y Hu, D Melnyk, Y Wang, R Wattenhofer",Theory and Applications of Models of Computation:,16th International …,3,2020,15715681771249439331,u0Mu_IsstPMC,Roger Wattenhofer,EG3VPm4AAAAJ
Online Payment Network Design,"G Avarikioti, K Besic, Y Wang, R Wattenhofer","Data Privacy Management, Cryptocurrencies and Blockchain Technology: ESORICS …",,3,2019,15637774908268384812,Oo1CbQkBAzEC,Roger Wattenhofer,EG3VPm4AAAAJ
Towards measuring real-world performance of android devices,"P Bissig, G Brunner, F Gubler, R Wattenhofer, A Zingg",,2018 IEEE/ACS 15th International Conference on Computer Systems and …,3,2018,11656397435980571009,TGkaJS32XoUC,Roger Wattenhofer,EG3VPm4AAAAJ
Algorithmic blockchain channel design,"G Avarikioti, Y Wang, R Wattenhofer",arXiv preprint arXiv:,:1810.07603,3,2018,4092026871951374958,h168fVGZblEC,Roger Wattenhofer,EG3VPm4AAAAJ
Incentivizing payment channel watchtowers,"G Avarikioti, F Laufenberg, J Sliwinski, Y Wang, R Wattenhofer",Scaling Bitcoin,,3,2018,15521327992743646194,Kqc1aDSOPooC,Roger Wattenhofer,EG3VPm4AAAAJ
Distributed discussion diarisation,"P Bissig, KT Foerster, S Tanner, R Wattenhofer",,2017 14th IEEE Annual Consumer Communications & Networking Conference (CCNC …,3,2017,4678487983628652462,hQUaER0FWQ4C,Roger Wattenhofer,EG3VPm4AAAAJ
Inferring Touch From Motion in Real World Data,"P Bissig, P Brandes, J Passerini, R Wattenhofer",Foundations and Practice of Security:,"8th International Symposium, FPS 2015 …",3,2016,12280127469426865369,eGYfIraVYiQC,Roger Wattenhofer,EG3VPm4AAAAJ
Towards More Realistic ANTS,"Y Emek, T Langner, D Stolz, J Uitto, R Wattenhofer, I Technion",,2nd Workshop on Biological Distributed Algorithms (BDA),3,2014,16600799745602263432,5bg8sr1QxYwC,Roger Wattenhofer,EG3VPm4AAAAJ
On consistent updates in software defined networking (extended version),"R Mahajan, R Wattenhofer",Technical Report MSR-TR-,"-2013-99, Microsoft Research",3,2013,15623435997866111806,oqD4_j7ulsYC,Roger Wattenhofer,EG3VPm4AAAAJ
Announcing the 2012 Edsger W. Dijkstra prize in distributed computing,"MK Aguilera, D Malkhi, K Marzullo, A Panconesi, A Pelc, R Wattenhofer",ACM SIGARCH Computer Architecture News,"40 (4), 1-2",3,2012,7708893363629826712,cK4Rrx0J3m0C,Roger Wattenhofer,EG3VPm4AAAAJ
"Automata, Languages, and Programming: 39th International Colloquium, ICALP 2012, Warwick, UK, July 9-13, 2012, Proceedings, Part I","A Czumaj, K Mehlhorn, A Pitts, R Wattenhofer",Springer,,3,2012,14710378871054186452,mWEH9CqjF64C,Roger Wattenhofer,EG3VPm4AAAAJ
"Theory Meets Practice, It’s about Time",R Wattenhofer,Proceedings of the,36th International Conference on Current Trends in Theory …,3,2010,14207870564117072184,wE-fMHVdjMkC,Roger Wattenhofer,EG3VPm4AAAAJ
Enhanced Task Scheduling in TinyOS 2.0 & Channel Allocation in AMUHR,"R Bloch, R Wattenhofer","Semester Thesis, Distributed Computing Group",,3,2006,505314354263006418,W5xh706n7nkC,Roger Wattenhofer,EG3VPm4AAAAJ
Scalable localized histogram aggregation for p2p MMOGs,P Müller,"ETH, Eidgenössische Technische Hochschule Zürich",,3,2005,7285653317288534678,uJ-U7cs_P_0C,Roger Wattenhofer,EG3VPm4AAAAJ
Interference and Topology Control in Ad-Hoc Networks,"P von Rickenbach, R Wattenhofer, A Zollinger","master's thesis, Distributed Computing Group, Institute for Pervasive …",,3,2004,14984288282561703505,zLWjf1WUPmwC,Roger Wattenhofer,EG3VPm4AAAAJ
Sensor networks: interference reduction and possible applications,"M Fussen, R Wattenhofer, A Zollinger","Diploma Thesis, Distributed Computing Group, ETH Zurich, Switzerland",,3,2004,3958301789187510175,SdhP9T11ey4C,Roger Wattenhofer,EG3VPm4AAAAJ
Feasibility of a serverless distributed file system deployed on an existing set of desktop pcs,"A Adya, WJ Bolosky, M Castro, G Cermak, R Chaiken, JR Douceur, ...",OSDI,,3,2002,12825590959949931611,0ngZmJvimKcC,Roger Wattenhofer,EG3VPm4AAAAJ
Geometric ad-hoc routing for unit disk graphs and general cost models,"F Kuhn, R Wattenhofer, A Zollinger","Technical Report/ETH Zurich, Department of Computer Science",373,3,2002,1723014964007961613,Mojj43d5GZwC,Roger Wattenhofer,EG3VPm4AAAAJ
Puzzles: A benchmark for neural algorithmic reasoning,"B Estermann, L Lanzendörfer, Y Niedermayr, R Wattenhofer",Advances in Neural Information Processing Systems,"37, 127059-127098",2,2024,2676379414144546634,URGbnSt0D2cC,Roger Wattenhofer,EG3VPm4AAAAJ
Cue point estimation using object detection,"G Argüello, LA Lanzendörfer, R Wattenhofer",arXiv preprint arXiv:,:2407.06823,2,2024,1195833429189160585,P2d6BWbXU0IC,Roger Wattenhofer,EG3VPm4AAAAJ
Unifying Partial Synchrony,"A Constantinescu, D Ghinea, J Sliwinski, R Wattenhofer",arXiv preprint arXiv:,:2405.10249,2,2024,1690484075204502300,XR3BWSlh_xcC,Roger Wattenhofer,EG3VPm4AAAAJ
SUPClust: Active Learning at the Boundaries,"Y Ono, T Aczel, B Estermann, R Wattenhofer",arXiv preprint arXiv:,:2403.03741,2,2024,15444109849125718412,MSzX15-gZgkC,Roger Wattenhofer,EG3VPm4AAAAJ
Halting the Solana Blockchain with Epsilon Stake,"J Sliwinski, Q Kniep, R Wattenhofer, F Schaich",Proceedings of the,25th International Conference on Distributed Computing …,2,2024,2899370738232396875,G7txJ4jiatkC,Roger Wattenhofer,EG3VPm4AAAAJ
Recovering single-crossing preferences from approval ballots,"A Constantinescu, R Wattenhofer",International Conference on Web and Internet Economics,188-206,2,2023,2162902320690776232,yaBp1wUtcLsC,Roger Wattenhofer,EG3VPm4AAAAJ
Discovering graph generation algorithms,"M Babiac, K Martinkus, R Wattenhofer",arXiv preprint arXiv:,:2304.12895,2,2023,14515621185976585677,HAmI6pRF5skC,Roger Wattenhofer,EG3VPm4AAAAJ
A neural model for regular grammar induction,"P Belcak, D Hofer, R Wattenhofer",,2022 21st IEEE International Conference on Machine Learning and Applications …,2,2022,5830006730241751825,WGv8Og3F3KgC,Roger Wattenhofer,EG3VPm4AAAAJ
Voting in two-crossing elections,"A Constantinescu, R Wattenhofer",arXiv preprint arXiv:,:2205.00474,2,2022,10211593394871767313,oXKBmVzQOggC,Roger Wattenhofer,EG3VPm4AAAAJ
Collision detection algorithm for a practical airborne collision avoidance system,"P Oberlin, P Belcák, R Wattenhofer","DISCO, ETH Zürich",,2,2022,2047486452665446037,cTy_cm4PQvYC,Roger Wattenhofer,EG3VPm4AAAAJ
Online matching with convex delay costs,"X Liu, Z Pan, Y Wang, R Wattenhofer",arXiv preprint arXiv:,:2203.03335,2,2022,7075190343195556295,6Zm5LS9gQ5UC,Roger Wattenhofer,EG3VPm4AAAAJ
On consensus number 1 objects,"P Khanchandani, J Schäppi, Y Wang, R Wattenhofer",,2021 IEEE 27th International Conference on Parallel and Distributed Systems …,2,2021,14789393890697428489,jRIwE-1ttnoC,Roger Wattenhofer,EG3VPm4AAAAJ
Learning algorithms with self-play: A new approach to the distributed directory problem,"P Khanchandani, O Richter, L Rusch, R Wattenhofer",,2021 IEEE 33rd International Conference on Tools with Artificial …,2,2021,5758947450109603089,oH8HCDhqVGsC,Roger Wattenhofer,EG3VPm4AAAAJ
Compressed representation of cepstral coefficients via recurrent neural networks for informed speech enhancement,"C Chermaz, D Leuchtmann, S Tanner, R Wattenhofer",ICASSP,"2021-2021 IEEE International Conference on Acoustics, Speech and …",2,2021,1385916963674353904,IyxfXMz2bNAC,Roger Wattenhofer,EG3VPm4AAAAJ
A deep learning decoder for long-range communication systems,"D Pascual, S Tanner, M Vänskä, R Wattenhofer",,"2020 28th European Signal Processing Conference (EUSIPCO), 1668-1672",2,2021,35808568998331970,oynPyU19kbsC,Roger Wattenhofer,EG3VPm4AAAAJ
A General Stabilization Bound for Influence Propagation in Graphs,"PA Papp, R Wattenhofer",arXiv preprint arXiv:,:2004.09185,2,2020,8466829669482691956,CCeGMaHljPEC,Roger Wattenhofer,EG3VPm4AAAAJ
Learning Lower Bounds for Graph Exploration With Reinforcement Learning,"J Elmiger, L Faber, P Khanchandani, OP Richter, R Wattenhofer",Learning Meets Combinatorial Algorithms at NeurIPS,S2020,2,2020,7203898265899786098,VjBpw8Hezy4C,Roger Wattenhofer,EG3VPm4AAAAJ
A minting mold for the eFranc: A policy paper,"H Gersbach, R Wattenhofer",Economics Working Paper Series,,2,2020,17603803259761543404,xa5BkEQK8BgC,Roger Wattenhofer,EG3VPm4AAAAJ
High dimensional clustering with r-nets,"G Avarikioti, A Ryser, Y Wang, R Wattenhofer",Proceedings of the AAAI Conference on Artificial Intelligence,"33 (01), 3207-3214",2,2019,10041582781402342386,M_lZXyI38BkC,Roger Wattenhofer,EG3VPm4AAAAJ
Learning policies through quantile regression,"O Richter, R Wattenhofer",arXiv preprint arXiv:,:1906.11941,2,2019,4278455622607790482,ojlX30-wUrgC,Roger Wattenhofer,EG3VPm4AAAAJ
12 Angry miners,"A Eghbali, R Wattenhofer","Data Privacy Management, Cryptocurrencies and Blockchain Technology: ESORICS …",,2,2019,6346769463625774767,T8_be82Iz5gC,Roger Wattenhofer,EG3VPm4AAAAJ
Efficient traffic routing with progress guarantees,"S Blumer, M Eichelberger, R Wattenhofer",,2018 IEEE 30th International Conference on Tools with Artificial …,2,2018,5234213588277590813,vnF2_uLGgtgC,Roger Wattenhofer,EG3VPm4AAAAJ
Towards usable off-chain payments,"G Felley, A Gervais, R Wattenhofer",,,2,2018,10851966366027770854,XAp-VaTZjjwC,Roger Wattenhofer,EG3VPm4AAAAJ
Min-cost matching with delays,"I Ashlagi, Y Azar, M Charikar, A Chiplunkar, O Geri, H Kaplan, ...",,20th International Workshop on Approximation Algorithms for Combinatorial …,2,2017,1642562068318506529,Azgs6IHzeyYC,Roger Wattenhofer,EG3VPm4AAAAJ
Reducing the latency-tail of short-lived flows: Adding forward error correction in data centers,"KT Foerster, D Jaeger, D Stolz, R Wattenhofer",,2016 IEEE 15th International Symposium on Network Computing and Applications …,2,2016,4197560542884578902,Zh0EY9V9P6UC,Roger Wattenhofer,EG3VPm4AAAAJ
Clairvoyant Mechanisms for Online Auctions,"P Brandes, Z Huang, HH Su, R Wattenhofer",International Computing and Combinatorics Conference,3-14,2,2016,8371640722374275382,T_ojBgVMvoEC,Roger Wattenhofer,EG3VPm4AAAAJ
Distributed local multi-aggregation and centrality approximation,"B Dissler, S Holzer, R Wattenhofer",arXiv preprint arXiv:,:1605.06882,2,2016,17350504054433997254,z6xuaG2dYH0C,Roger Wattenhofer,EG3VPm4AAAAJ
Quorum systems,"R Wattenhofer, KT Förster",Distributed Ledger Technology: The Science of the Blockchain,87-104,2,2016,989186104160744666,e84hm74t-eoC,Roger Wattenhofer,EG3VPm4AAAAJ
"Algorithms for Sensor Systems: 11th International Symposium on Algorithms and Experiments for Wireless Sensor Networks, ALGOSENSORS 2015, Patras, Greece, September 17-18, 2015 …","P Bose, LA Gąsieniec, K Römer, R Wattenhofer",Springer,,2,2015,16325110496666382289,hSRAE-fF4OAC,Roger Wattenhofer,EG3VPm4AAAAJ
Spoilers Ahead--Personalized Web Filtering,"P Bissig, P Brandes, R Wattenhofer, R Willi",,2015 IEEE/WIC/ACM International Conference on Web Intelligence and …,2,2015,1777585313362547315,UmS_249rOGwC,Roger Wattenhofer,EG3VPm4AAAAJ
Space and write overhead are inversely proportional in flash memory,"P Brandes, R Wattenhofer",Proceedings of the,"8th ACM International Systems and Storage Conference, 1-6",2,2015,17470486221189829206,JTqpx9DYBaYC,Roger Wattenhofer,EG3VPm4AAAAJ
New ways of browsing and reading news,"D Sünnen, R Wattenhofer",Master Thesis. ETH Zurich-Distributed Computing Group,,2,2012,1438776136660162904,F1b5ZUV5XREC,Roger Wattenhofer,EG3VPm4AAAAJ
Analysis of Sleeping Patterns Using Smartphone Sensors,"S Meliopoulos, S Sheikh, J Schneider, R Wattenhofer",Semester Thesis,,2,2011,14100073393357495398,r_AWSJRzSzQC,Roger Wattenhofer,EG3VPm4AAAAJ
Synchronization phases (to speed up transactional memory),"J Schneider, F Landau, R Wattenhofer",Technical report,,2,2011,2442183154114965750,sfnaS5RM6jYC,Roger Wattenhofer,EG3VPm4AAAAJ
Hidden Communication in P2P Networks,"R Eidenbenz, T Locher, R Wattenhofer",Proceedings of the,30th IEEE International Conference on Computer …,2,2011,13858741912689677025,lbI08cpqPnQC,Roger Wattenhofer,EG3VPm4AAAAJ
Improving Personal Diaries Using Social Audio Features,"M Kuhn, R Wattenhofer, S Welten","Short paper for Google Grand Challenge at ACM Multimedia, Florence, Italy",,2,2010,13206921096626139351,PoWvk5oyLR8C,Roger Wattenhofer,EG3VPm4AAAAJ
Physical algorithms,R Wattenhofer,"International Colloquium on Automata, Languages, and Programming",38-51,2,2010,1523703553405172692,4MWp96NkSFoC,Roger Wattenhofer,EG3VPm4AAAAJ
Brief announcement: Selfishness in transactional memory,"RP Eidenbenz, R Wattenhofer",Proceedings of the twenty-first annual symposium on Parallelism in …,,2,2009,10822938371250262068,ZuybSZzF8UAC,Roger Wattenhofer,EG3VPm4AAAAJ
Tight Lower Bounds for Clock Synchronization,"C Lenzen, T Locher, R Wattenhofer",Submitted to PODC,9,2,2009,16978675087762503814,uLbwQdceFCQC,Roger Wattenhofer,EG3VPm4AAAAJ
Secure Messaging for Wireless Sensor Networks,B Gebistorf,"Semester thesis Eidgenössische Technische Hochschule, Swiss Federal …",,2,2009,3543077867982144446,0CzhzZyukY4C,Roger Wattenhofer,EG3VPm4AAAAJ
Peer-to-peer live streaming,"R Meier, R Wattenhofer","Master’s thesis, Swiss Federal Institute of Technology (ETH) Zurich",,2,2006,7416584457099782826,PR6Y55bgFSsC,Roger Wattenhofer,EG3VPm4AAAAJ
Fast counting with the optimum combining tree,"R Wattenhofer, P Widmayer",Technical report,288,2,1998,5602858630030428067,-_dYPAW6P2MC,Roger Wattenhofer,EG3VPm4AAAAJ
Towards decentralized distributed data structures,"R Wattenhofer, P Widmayer","Proceedings of the World Conference on Systemics, Cybernetics, and …",,2,1997,9355741291922552076,7T2F9Uy0os0C,Roger Wattenhofer,EG3VPm4AAAAJ
Clock synchronization,R Wattenhofer,,,2,NA,10202830076615744531,jtOrAYjvdewC,Roger Wattenhofer,EG3VPm4AAAAJ
Byzantine Stable Matching,"A Constantinescu, M Dufay, D Ghinea, R Wattenhofer",arXiv preprint arXiv:,:2502.05889,1,2025,10648730239885116825,0iM-huCvmk0C,Roger Wattenhofer,EG3VPm4AAAAJ
ACORD: An Expert-Annotated Retrieval Dataset for Legal Contract Drafting,"SH Wang, M Zubkov, K Fan, S Harrell, Y Sun, W Chen, A Plesner, ...",arXiv preprint arXiv:,:2501.06582,1,2025,3271182927833295888,qOpkhvVCMvUC,Roger Wattenhofer,EG3VPm4AAAAJ
Benchmarking Positional Encodings for GNNs and Graph Transformers,"F Grötschla, J Xie, R Wattenhofer",arXiv preprint arXiv:,:2411.12732,1,2024,6107077634732193191,WTSGYGHz1bkC,Roger Wattenhofer,EG3VPm4AAAAJ
What is the Price for Lending in Financial Networks?,"B Egressy, A Plesner, R Wattenhofer",International Conference on Principles and Practice of Multi-Agent Systems …,,1,2024,9406542743957460583,i6LplTXqhpIC,Roger Wattenhofer,EG3VPm4AAAAJ
Validity in Network-Agnostic Byzantine Agreement,"A Constantinescu, M Dufay, D Ghinea, R Wattenhofer",arXiv preprint arXiv:,:2410.19721,1,2024,4767183183223766289,FtNbRaqWXr4C,Roger Wattenhofer,EG3VPm4AAAAJ
Sybil Detection using Graph Neural Networks,"S Heeb, A Plesner, R Wattenhofer",arXiv preprint arXiv:,:2409.08631,1,2024,11620620385555219022,dj1AAMDQi3QC,Roger Wattenhofer,EG3VPm4AAAAJ
Seeing Through the Mask: Rethinking Adversarial Examples for CAPTCHAs,"Y Jabary, A Plesner, T Kuzhagaliyev, R Wattenhofer",arXiv preprint arXiv:,:2409.05558,1,2024,7181679326078598385,M7C5BM2v8n8C,Roger Wattenhofer,EG3VPm4AAAAJ
GraphFSA: A Finite State Automaton Framework for Algorithmic Learning on Graphs,"F Grötschla, J Mathys, C Raun, R Wattenhofer",arXiv preprint arXiv:,:2408.11042,1,2024,6428764916896581071,DTjSuSUbmXsC,Roger Wattenhofer,EG3VPm4AAAAJ
Asynchronous Approximate Agreement with Quadratic Communication,"MM Erbes, R Wattenhofer",arXiv preprint arXiv:,:2408.05495,1,2024,1390322038983508352,3jqAvCjcdfEC,Roger Wattenhofer,EG3VPm4AAAAJ
Active Learning Supported Iterative Combinatorial Auctions,"B Estermann, S Kramer, R Wattenhofer, KY Wang",International Workshop on Frontiers in Algorithmics,301-316,1,2024,15565735665632253020,OqYjx1B7R3oC,Roger Wattenhofer,EG3VPm4AAAAJ
Byzantine Fault-Tolerant Aggregate Signatures,"Q Kniep, R Wattenhofer",Proceedings of the,19th ACM Asia Conference on Computer and Communications …,1,2024,9862661133175256864,kiex5tMzGo8C,Roger Wattenhofer,EG3VPm4AAAAJ
Next Level Message-Passing with Hierarchical Support Graphs,"C Vonessen, F Grötschla, R Wattenhofer",arXiv preprint arXiv:,:2406.15852,1,2024,6464847732501823967,pYRxIbzCxX0C,Roger Wattenhofer,EG3VPm4AAAAJ
The impact of core constraints on truthful bidding in combinatorial auctions,"R Fritsch, Y Lee, A Meier, KY Wang, R Wattenhofer",Theoretical Computer Science,"993, 114467",1,2024,2381306039563164259,rp474-M6Y4oC,Roger Wattenhofer,EG3VPm4AAAAJ
SoK: attacks on DAOs,"R Wattenhofer, R Feichtinger, R Fritsch, L Heimbach, Y Vonlanthen",,4th Workshop on Decentralized Finance (DeFi 2024),1,2024,2309801137387697376,peNFRSk4lDYC,Roger Wattenhofer,EG3VPm4AAAAJ
Fast Internet Computer Consensus,"M Albarello, J Sliwinski, Y Vonlanthen, R Wattenhofer",arXiv preprint arXiv:,:2312.05869,1,2023,7072134859361126702,djft3U1LymYC,Roger Wattenhofer,EG3VPm4AAAAJ
Efficient Multimodal Alignment: To Freeze or Not to Freeze?,"T Aczel, R Wattenhofer",UniReps: the First Workshop on Unifying Representations in Neural Models,,1,2023,11319481666227541657,RgMnzfD6kpIC,Roger Wattenhofer,EG3VPm4AAAAJ
SURF: A Generalization Benchmark for GNNs Predicting Fluid Dynamics,"S Künzli, F Grötschla, J Mathys, R Wattenhofer",arXiv preprint arXiv:,:2310.20049,1,2023,11451039484876907596,V63Ir2N1OTwC,Roger Wattenhofer,EG3VPm4AAAAJ
Flood and Echo Net: Algorithmically Aligned GNNs that Generalize,"J Mathys, F Grötschla, KV Nadimpalli, R Wattenhofer",arXiv preprint arXiv:,:2310.06970,1,2023,15048282480171366330,PPrs6GlykQcC,Roger Wattenhofer,EG3VPm4AAAAJ
The PoW Landscape in the Aftermath of The Merge,"L Kiffer, S Skorik, Y Vonlanthen, R Wattenhofer",arXiv preprint arXiv:,:2310.01028,1,2023,52802608594746736,vkz5F8TaVKkC,Roger Wattenhofer,EG3VPm4AAAAJ
Understanding the Relationship Between Core Constraints and Core-Selecting Payment Rules in Combinatorial Auctions,"R Fritsch, Y Lee, A Meier, Y Wang, R Wattenhofer",International Workshop on Frontiers in Algorithmics,1-14,1,2023,11297804046551541016,KqW5X_olkfQC,Roger Wattenhofer,EG3VPm4AAAAJ
Examining the Emergence of Deductive Reasoning in Generative Language Models,"P Belcak, LA Lanzendörfer, R Wattenhofer",arXiv preprint arXiv:,:2306.01009,1,2023,13647898366298271234,w-fwKiQwpQAC,Roger Wattenhofer,EG3VPm4AAAAJ
Cascaded beam search: Plug-and-play terminology-forcing for neural machine translation,"F Odermatt, B Egressy, R Wattenhofer",arXiv preprint arXiv:,:2305.14538,1,2023,11292430569856199377,ITz7TVZQ0sgC,Roger Wattenhofer,EG3VPm4AAAAJ
End-to-End Neural Permutation Program Synthesis,"P Belcák, R Wattenhofer",,2nd Workshop on Deep Learning for Code (DL4C 2023),1,2023,8175621501980134151,VBDT71xRUdcC,Roger Wattenhofer,EG3VPm4AAAAJ
Towards Foundation Models with Mathematical Understanding,"P Belcak, R Wattenhofer",ICLR,2023 Workshop on Mathematical and Empirical Understanding of Foundation …,1,2023,8249640789991127144,puFLaqDw8dcC,Roger Wattenhofer,EG3VPm4AAAAJ
RLP: A reinforcement learning benchmark for neural algorithmic reasoning,"Y Niedermayr, LA Lanzendörfer, B Estermann, R Wattenhofer",,,1,2023,10887662752997381877,zGWyAL6qfKUC,Roger Wattenhofer,EG3VPm4AAAAJ
Computational Social Dynamics (Dagstuhl Seminar 22452),"M Hoefer, S Oren, R Wattenhofer, G Varricchio",Dagstuhl Reports,"12 (11), 28-44",1,2023,177754125961300884,M8meJADSprsC,Roger Wattenhofer,EG3VPm4AAAAJ
Decentralized Graph Processing for Reachability Queries,"J Mathys, R Fritsch, R Wattenhofer",International Conference on Advanced Data Mining and Applications,505-519,1,2022,6401265180506519686,WHBERAHVdrEC,Roger Wattenhofer,EG3VPm4AAAAJ
Deterministic Graph-Walking Program Mining,"P Belcak, R Wattenhofer",International Conference on Advanced Data Mining and Applications,457-471,1,2022,560274802441397287,xlVdBZVQT58C,Roger Wattenhofer,EG3VPm4AAAAJ
Automating Rigid Origami Design,"J Geiger, K Martinkus, O Richter, R Wattenhofer",arXiv preprint arXiv:,:2211.13219,1,2022,14912364876170277244,bbjcffOLshcC,Roger Wattenhofer,EG3VPm4AAAAJ
Fault-Tolerant Distributed Directories,"J Beestermöller, C Busch, R Wattenhofer",arXiv preprint arXiv:,:2207.09940,1,2022,1705777673616304537,anDooRL1HQEC,Roger Wattenhofer,EG3VPm4AAAAJ
Distributed systems,R Wattenhofer,,,1,2022,9162731495612025053,GHsHDPAyICYC,Roger Wattenhofer,EG3VPm4AAAAJ
Self-Supervised Contrastive Learning with Adversarial Perturbations for Defending Word Substitution-based Attacks,"Z Meng, Y Dong, M Sachan, R Wattenhofer",arXiv preprint arXiv:,:2107.07610,1,2021,3145156703451864255,SgM-ki2adj0C,Roger Wattenhofer,EG3VPm4AAAAJ
Stabilization Bounds for Influence Propagation from a Random Initial State,"PA Papp, R Wattenhofer",arXiv preprint arXiv:,:2107.02076,1,2021,506442440409017828,1paMEeroeoQC,Roger Wattenhofer,EG3VPm4AAAAJ
DAB+ Positioning,"O Lepistö, S Tanner, R Wattenhofer","Ph. D. dissertation, ETH Zürich, Zürich",4 2021,1,2021,6492041119377017536,MnogvFdIBdwC,Roger Wattenhofer,EG3VPm4AAAAJ
Computational Thinking,R Wattenhofer,"Distributed Computing, ETH Zürich",,1,2021,12794352977092610328,za7pDTvVV8kC,Roger Wattenhofer,EG3VPm4AAAAJ
Medley2K: A Dataset of Medley Transitions,"L Faber, S Luck, D Pascual, A Roth, G Brunner, R Wattenhofer",arXiv preprint arXiv:,:2008.11159,1,2020,8628189706970581860,ZysSsiWj_g4C,Roger Wattenhofer,EG3VPm4AAAAJ
Tunnel Vision Attack on IMPALA-Questioning the Robustness of Reinforcement Learning Agents,"J Bolick, G Brunner, O Richter, R Wattenhofer",Proceedings of the Workshop on Safety and Robustness in Decision Making at …,,1,2019,17943123247917461746,ShjGdcaqzI0C,Roger Wattenhofer,EG3VPm4AAAAJ
PermitBFT: Exploring the Byzantine Fast-Path,"R Schmid, R Wattenhofer",arXiv preprint arXiv:,:1906.10368,1,2019,15650808420768097646,TiIbgCYny7sC,Roger Wattenhofer,EG3VPm4AAAAJ
A Permit-Based Optimistic Byzantine Ledger.,"R Schmid, R Wattenhofer",eprint arXiv:,1906.10368,1,2019,11669481203812597376,X5YyAB84Iw4C,Roger Wattenhofer,EG3VPm4AAAAJ
Quantile Regression Reinforcement Learning with State Aligned Vector Rewards,"O Richter, R Wattenhofer",,,1,2018,1469788955052093417,as0KMg8qHbkC,Roger Wattenhofer,EG3VPm4AAAAJ
Tight Bounds for Asynchronous Collaborative Grid Exploration,"S Brandt, J Uitto, R Wattenhofer",arXiv preprint arXiv:,:1705.03834,1,2017,5919388148068568939,lYAcb2jw7qUC,Roger Wattenhofer,EG3VPm4AAAAJ
Towards reduced instruction sets for synchronization,"R Gelashvili, I Keidar, A Spiegelman, R Wattenhofer",arXiv preprint arXiv:,:1705.02808,1,2017,5204891098673446103,z8nqeaKD1nsC,Roger Wattenhofer,EG3VPm4AAAAJ
Cryptography Basics,"R Wattenhofer, KT Förster",Distributed Ledger Technology: The Science of the Blockchain,49-70,1,2017,5839109296205848059,J3LtWjKFLicC,Roger Wattenhofer,EG3VPm4AAAAJ
On Scaling Decentralized Blockchains,"A Juels, A Kosba, A Miller, P Saxena, E Shi, EG Sirer, D Song, ...",Financial Cryptography and Data Security: FC,2016 International Workshops …,1,2016,6284171310370140587,5UUbrqTvKfUC,Roger Wattenhofer,EG3VPm4AAAAJ
Ignorant vs. Anonymous Recommendations,"J Uitto, R Wattenhofer",Algorithms-ESA,"2015: 23rd Annual European Symposium, Patras, Greece …",1,2015,1972770249358111297,65Yg0jNCQDAC,Roger Wattenhofer,EG3VPm4AAAAJ
Proceedings of the 41st International Conference on SOFSEM 2015: Theory and Practice of Computer Science-Volume 8939,"G Italiano, T Margaria-Steffen, J Pokorný, JJ Quisquater, R Wattenhofer",Springer-Verlag,,1,2015,8374255537049334770,qCaWouos7ogC,Roger Wattenhofer,EG3VPm4AAAAJ
"SOFSEM 2015: Theory and Practice of Computer Science: 41st International Conference on Current Trends in Theory and Practice of Computer Science, Pec Pod Sněžkou, Czech …","G Italiano, T Margaria-Steffen, J Pokorný, JJ Quisquater, R Wattenhofer",Springer,,1,2015,1232231464302635637,eO3_k5sD8BwC,Roger Wattenhofer,EG3VPm4AAAAJ
Toehold DNA Languages are Regular,"S Brandt, N Mattia, J Seidel, R Wattenhofer",Algorithms and Computation:,"26th International Symposium, ISAAC 2015, Nagoya …",1,2015,11203126637019425555,qwy9JoKyICEC,Roger Wattenhofer,EG3VPm4AAAAJ
How Many Ants Does It Take To Find the Food?,"Y Ernek, T Langner, D Stolz, J Uitto, R Wattenhofer",Structural Information and Communication Complexity:,21st International …,1,2014,17423759986552537467,8JTMrWI6FdcC,Roger Wattenhofer,EG3VPm4AAAAJ
Brief Announcement: k-Selection and Sorting in the SINR Model,"S Holzer, S Kohler, R Wattenhofer",Distributed Computing:,"28th International Symposium, DISC 2014, Austin, TX …",1,2014,9641444887580380571,mUJArPsKIAAC,Roger Wattenhofer,EG3VPm4AAAAJ
Information dissemination on multiple channels,"SS Holzer, YA Pignolet, J Smula, R Wattenhofer",Proceedings of the,30th annual ACM SIGACT-SIGOPS symposium on Principles of …,1,2011,15380393934987672414,WJVC3Jt7v1AC,Roger Wattenhofer,EG3VPm4AAAAJ
Message position modulation for power saving and increased bandwidth in sensor networks,"J Schneider, R Wattenhofer",Proceedings of the,10th ACM/IEEE International Conference on Information …,1,2011,2035136007865739198,EkHepimYqZsC,Roger Wattenhofer,EG3VPm4AAAAJ
Ikarus,"M von Kaenel, P Sommer, R Wattenhofer",Proceedings of the,12th Workshop on Mobile Computing Systems and Applications,1,2011,17054212572091532120,mnAcAzq93VMC,Roger Wattenhofer,EG3VPm4AAAAJ
Brief announcement: tree decomposition for faster concurrent data structures,"J Schneider, R Wattenhofer",Proceedings of the,29th ACM SIGACT-SIGOPS symposium on Principles of …,1,2010,17327633884599474554,cWzG1nlazyYC,Roger Wattenhofer,EG3VPm4AAAAJ
Brief announcement: self-monitoring in dynamic wireless networks,"S Holzer, YA Pignolet, J Smula, R Wattenhofer",Proceedings of the,29th ACM SIGACT-SIGOPS symposium on Principles of …,1,2010,14254008193716308555,DUooU5lO8OsC,Roger Wattenhofer,EG3VPm4AAAAJ
Brief Announcement: Efficient graph algorithms without synchronization,"J Schneider, R Wattenhofer",Proceedings of the,29th ACM SIGACT-SIGOPS symposium on Principles of …,1,2010,14713631229649259462,ipzZ9siozwsC,Roger Wattenhofer,EG3VPm4AAAAJ
Ad Hoc and Sensor Networks,R Wattenhofer,Swiss Federal Institute Of Techology Zurich,,1,2010,16362032205483950199,Y9VhQm-5nPIC,Roger Wattenhofer,EG3VPm4AAAAJ
"Distributed Computing and Networking: 10th International Conference, ICDCN 2009, Hyderabad, India, January 3-6, 2009, Proceedings","V Garg, R Wattenhofer, K Kothapalli",Springer,,1,2009,13065743162243521323,0izLItjtcgwC,Roger Wattenhofer,EG3VPm4AAAAJ
Optimal Clock Synchronization with Bounded Rates,"C Lenzen, T Locher, R Wattenhofer",Technical Report,"301, ETH Zurich, 2009. ftp. tik. ee. ethz. ch/pub …",1,2009,1265218837921376144,Fu2w8maKXqMC,Roger Wattenhofer,EG3VPm4AAAAJ
Theory for sensor networks: what is it good for?,R Wattenhofer,Proceedings of the fifth international workshop on Foundations of mobile …,,1,2008,17325017896113378788,mNrWkgRL2YcC,Roger Wattenhofer,EG3VPm4AAAAJ
History-Based Collaborative Filtering for Music Recommendation,"F Reichlin, R Wattenhofer",Swiss Federal Institute of Technology Zurich,,1,2008,6611452586864242107,xtoqd-5pKcoC,Roger Wattenhofer,EG3VPm4AAAAJ
Local broadcast in the physical interference model,"O Goussevskaia, T Moscibroda, R Wattenhofer",Tech. Rep,,1,2008,3560093174829442833,tzM49s52ZIMC,Roger Wattenhofer,EG3VPm4AAAAJ
"Principles of Distributed Systems: 9th International Conference, OPODIS 2005, Pisa, Italy, December 12-14, 2005, Revised Selected Paper","JH Anderson, G Prencipe, R Wattenhofer",Springer,,1,2007,13421487748618165578,hCrLmN-GePgC,Roger Wattenhofer,EG3VPm4AAAAJ
"Development, Deployment, and Rating of Plug-Ins","K Albrecht, R Wattenhofer",TIK-Report,259,1,2006,10488805999499761970,nrtMV_XWKgEC,Roger Wattenhofer,EG3VPm4AAAAJ
Multi-Hop Routing for Wireless Sensor Networks,"D Landis, R Wattenhofer",Semester Thesis,,1,2006,7539942229140125789,LK8CI43ZvvMC,Roger Wattenhofer,EG3VPm4AAAAJ
MACbeth: The three witches of media access theory,R Wattenhofer,"First Annual IEEE International Workshop on"" Foundation and Algorithms for …",,1,2006,16329681909018996067,In6cVmBjs0IC,Roger Wattenhofer,EG3VPm4AAAAJ
Controlling wireless sensor networks,"O Caduff, R Wattenhofer","Master’s thesis, Department of Computer Science, ETH Zurich",,1,2006,4178226990102575927,35r97b3x0nAC,Roger Wattenhofer,EG3VPm4AAAAJ
Differential Code Updates in Wireless Sensor Networks,"P von Rickenbach, R Wattenhofer",,11th International Computing and Combinatorics Conference (COCOON),1,2005,2734677847677643450,tuHXwOkdijsC,Roger Wattenhofer,EG3VPm4AAAAJ
equus: A provably robust and efficient peer-to-peer system,"T Locher, R Wattenhofer","Master’s thesis, ETH Zurich",,1,2005,12390256243260155398,uc_IGeMz5qoC,Roger Wattenhofer,EG3VPm4AAAAJ
Constructing robust dynamic peer-to-peer systems,"F Kuhn, S Schmid, J Smit, R Wattenhofer","Technical report, ETH Zurich",2005. TIK Report 216,1,2005,11751188846648083246,fEOibwPWpKIC,Roger Wattenhofer,EG3VPm4AAAAJ
Implementing XTC on TinyOS,"Y Weber, R Wattenhofer","diploma thesis, http://dcg. ethz. ch/theses/ws",s0506/xtc-report. pdf,1,2005,3914084138403367958,evX43VCCuoAC,Roger Wattenhofer,EG3VPm4AAAAJ
Java on the iPAQ,"N Burri, R Wattenhofer",Swiss Federal Institute of Technology Zurich,,1,2003,18116220589895252345,OBSaB-F7qqsC,Roger Wattenhofer,EG3VPm4AAAAJ
Development and Testing Layer for Ad-Hoc Network Software in Java,"Y Weber, R Wattenhofer",Thesis,,1,2003,1713134559077450648,6bLC7aUMtPcC,Roger Wattenhofer,EG3VPm4AAAAJ
Mobile Computing,R Wattenhofer,,,1,2002,4477094414202280545,SxCCDk4iOpsC,Roger Wattenhofer,EG3VPm4AAAAJ
A Unified Analysis of Distributed Counting with Queueing Theory,"R Wattenhofer, P Widmayer",Distributed data & structures,"2: records of the 2nd international meeting 6, 84",1,1999,902246770327302070,vDijr-p_gm4C,Roger Wattenhofer,EG3VPm4AAAAJ
Human Aligned Compression for Robust Models,"S Räber, A Plesner, T Aczel, R Wattenhofer",arXiv preprint arXiv:,:2504.12255,0,2025,NA,m44aUaJR3ikC,Roger Wattenhofer,EG3VPm4AAAAJ
FLIP Reasoning Challenge,"A Plesner, T Kuzhagaliyev, R Wattenhofer",arXiv preprint arXiv:,:2504.12256,0,2025,NA,HevVnK7dagcC,Roger Wattenhofer,EG3VPm4AAAAJ
Synthetic Data for Blood Vessel Network Extraction,"J Mathys, A Plesner, J Elmiger, R Wattenhofer",arXiv preprint arXiv:,:2504.11858,0,2025,NA,fc7zyzPI2QAC,Roger Wattenhofer,EG3VPm4AAAAJ
Position Paper: Rethinking Privacy in RL for Sequential Decision-making in the Age of LLMs,"FX Fan, C Tan, R Wattenhofer, YS Ong",arXiv preprint arXiv:,:2504.11511,0,2025,NA,pcWPcJyQGiUC,Roger Wattenhofer,EG3VPm4AAAAJ
Bootstrapping Language-Audio Pre-training for Music Captioning,"LA Lanzendörfer, C Pinkl, N Perraudin, R Wattenhofer",ICASSP,"2025-2025 IEEE International Conference on Acoustics, Speech and …",0,2025,NA,6LV2YwJzdtgC,Roger Wattenhofer,EG3VPm4AAAAJ
High-Fidelity Music Vocoder using Neural Audio Codecs,"LA Lanzendörfer, F Grötschla, M Ungersböck, R Wattenhofer",ICASSP,"2025-2025 IEEE International Conference on Acoustics, Speech and …",0,2025,NA,2mikiJ1VBVsC,Roger Wattenhofer,EG3VPm4AAAAJ
Benchmarking Music Generation Models and Metrics via Human Preference Studies,"F Grötschla, A Solak, LA Lanzendörfer, R Wattenhofer",ICASSP,"2025-2025 IEEE International Conference on Acoustics, Speech and …",0,2025,NA,KPAPMsW7zc0C,Roger Wattenhofer,EG3VPm4AAAAJ
Coarse-to-Fine Text-to-Music Latent Diffusion,"LA Lanzendörfer, T Lu, N Perraudin, D Herremans, R Wattenhofer",ICASSP,"2025-2025 IEEE International Conference on Acoustics, Speech and …",0,2025,NA,ExNiBuTMO9IC,Roger Wattenhofer,EG3VPm4AAAAJ
Generating Vocals from Lyrics and Musical Accompaniment,"G Streich, LA Lanzendörfer, F Grötschla, R Wattenhofer",ICASSP,"2025-2025 IEEE International Conference on Acoustics, Speech and …",0,2025,NA,f13iAvnbnnYC,Roger Wattenhofer,EG3VPm4AAAAJ
Contrastive Lyrics Alignment with a Timestamp-Informed Loss,"T Kick, F Grötschla, LA Lanzendörfer, R Wattenhofer",ICASSP,"2025-2025 IEEE International Conference on Acoustics, Speech and …",0,2025,NA,S_fw-_riRmcC,Roger Wattenhofer,EG3VPm4AAAAJ
Reasoning Effort and Problem Complexity: A Scaling Analysis in LLMs,"B Estermann, R Wattenhofer",arXiv preprint arXiv:,:2503.15113,0,2025,NA,xEMdJR0kL_sC,Roger Wattenhofer,EG3VPm4AAAAJ
Text Compression for Efficient Language Generation,"D Gu, P Belcak, R Wattenhofer",arXiv preprint arXiv:,:2503.11426,0,2025,NA,YanO1q2l3soC,Roger Wattenhofer,EG3VPm4AAAAJ
Can Large Reasoning Models do Analogical Reasoning under Perceptual Uncertainty?,"G Camposampiero, M Hersche, R Wattenhofer, A Sebastian, A Rahimi",arXiv preprint arXiv:,:2503.11207,0,2025,NA,3wLP7v6BnpwC,Roger Wattenhofer,EG3VPm4AAAAJ
Deep Differentiable Logic Gate Networks: Neuron Collapse Through a Neural Architecture Search Perspective,"S Yousefi, R Wattenhofer",,,0,2025,NA,w_ORaKkuc5QC,Roger Wattenhofer,EG3VPm4AAAAJ
Condorcet Winners and Anscombes Paradox Under Weighted Binary Voting,"C Baharav, A Constantinescu, R Wattenhofer",arXiv preprint arXiv:,:2502.14639,0,2025,NA,1pC5hbHeJ6IC,Roger Wattenhofer,EG3VPm4AAAAJ
Byzantine Game Theory: Sun Tzus Boxes,"A Constantinescu, R Wattenhofer",arXiv preprint arXiv:,:2502.14812,0,2025,NA,nnITTVbzT6kC,Roger Wattenhofer,EG3VPm4AAAAJ
Logarithmic Approximation for Road Pricing on Grids,"A Constantinescu, A Turko, R Wattenhofer",arXiv preprint arXiv:,:2502.11979,0,2025,NA,yeKNu01O_4gC,Roger Wattenhofer,EG3VPm4AAAAJ
Universality Frontier for Asynchronous Cellular Automata,"I Baburin, M Cook, F Grötschla, A Plesner, R Wattenhofer",arXiv preprint arXiv:,:2502.05989,0,2025,NA,INdAjOZKYREC,Roger Wattenhofer,EG3VPm4AAAAJ
Beyond Interpolation: Extrapolative Reasoning with Reinforcement Learning and Graph Neural Networks,"N Grillo, A Toccaceli, J Mathys, B Estermann, S Fresca, R Wattenhofer",arXiv preprint arXiv:,:2502.04402,0,2025,NA,wE8AsS3ykUMC,Roger Wattenhofer,EG3VPm4AAAAJ
Clone-Resistant Weights in Metric Spaces: A Framework for Handling Redundancy Bias,"D Berriaud, R Wattenhofer",arXiv preprint arXiv:,:2502.03576,0,2025,NA,DrOLxFoABAwC,Roger Wattenhofer,EG3VPm4AAAAJ
Optimal Broadcast on Congested Random Graphs,"A Paramonov, R Wattenhofer",arXiv preprint arXiv:,:2502.02165,0,2025,NA,n8FNryW2AHIC,Roger Wattenhofer,EG3VPm4AAAAJ
Efficient Extensions for Asynchronous Byzantine Agreement via Weak Agreement,"MM Erbes, R Wattenhofer",arXiv preprint arXiv:,:2502.02320,0,2025,NA,Np1obAXpBq8C,Roger Wattenhofer,EG3VPm4AAAAJ
Optimizing Resource Allocation: An Active Learning Approach to Iterative Combinatorial Auctions,"B Estermann, S Kramer, R Wattenhofer, KY Wang",Theoretical Computer Science,115104,0,2025,NA,_u2aKJ9e-CoC,Roger Wattenhofer,EG3VPm4AAAAJ
Quit-Resistant Reliable Broadcast and Efficient Terminating Gather,"MM Erbes, R Wattenhofer",,28th International Conference on Principles of Distributed Systems,0,2025,NA,uGrg30pLAbkC,Roger Wattenhofer,EG3VPm4AAAAJ
Neural Audio Codec for Latent Music Representations,"LA Lanzendörfer, F Grötschla, A Dellali, R Wattenhofer",Audio Imagination: NeurIPS,"2024 Workshop AI-Driven Speech, Music, and Sound …",0,2024,NA,6ScxedgR18sC,Roger Wattenhofer,EG3VPm4AAAAJ
Towards Learning to Reason: Comparing LLMs with Neuro-Symbolic on Arithmetic Relations in Abstract Reasoning,"M Hersche, G Camposampiero, R Wattenhofer, A Sebastian, A Rahimi",arXiv preprint arXiv:,:2412.05586,0,2024,NA,DOLguN9Lh8sC,Roger Wattenhofer,EG3VPm4AAAAJ
Beyond Pairwise Correlations: Higher-Order Redundancies in Self-Supervised Representation Learning,"D Zollikofer, B Egressy, F Benzing, M Otth, R Wattenhofer",arXiv preprint arXiv:,:2412.01926,0,2024,NA,bFuYayV9R1gC,Roger Wattenhofer,EG3VPm4AAAAJ
Audio Atlas: Visualizing and Exploring Audio Datasets,"LA Lanzendörfer, F Grötschla, U Valizada, R Wattenhofer",arXiv preprint arXiv:,:2412.00591,0,2024,NA,PuYkdpj8xa4C,Roger Wattenhofer,EG3VPm4AAAAJ
Can an AI Agent Safely Run a Government? Existence of Probably Approximately Aligned Policies,"F Berdoz, R Wattenhofer",arXiv preprint arXiv:,:2412.00033,0,2024,NA,zaHkCSmj5XkC,Roger Wattenhofer,EG3VPm4AAAAJ
Tiny Transformers Excel at Sentence Compression,"P Belcak, R Wattenhofer",arXiv preprint arXiv:,:2410.23510,0,2024,NA,LzOrNEA7mwcC,Roger Wattenhofer,EG3VPm4AAAAJ
Conditional Hallucinations for Image Compression,"T Aczel, R Wattenhofer",arXiv preprint arXiv:,:2410.19493,0,2024,NA,HmWvvuJwtxYC,Roger Wattenhofer,EG3VPm4AAAAJ
AEye: A Visualization Tool for Image Datasets,"F Grötschla, LA Lanzendörfer, M Calzavara, R Wattenhofer",,"2024 IEEE Visualization and Visual Analytics (VIS), 281-285",0,2024,NA,q7LczdTNAjsC,Roger Wattenhofer,EG3VPm4AAAAJ
Quantifying Liveness and Safety of Avalanche’s Snowball,"Q Kniep, M Laval, J Sliwinski, R Wattenhofer",European Symposium on Research in Computer Security,260-275,0,2024,NA,pe4chHNxNLUC,Roger Wattenhofer,EG3VPm4AAAAJ
Towards Leveraging Contrastively Pretrained Neural Audio Embeddings for Recommender Tasks,"F Grötschla, L Strässle, LA Lanzendörfer, R Wattenhofer",arXiv preprint arXiv:,:2409.09026,0,2024,NA,ZJ-noXUx9mkC,Roger Wattenhofer,EG3VPm4AAAAJ
Tyche: Collateral-Free Coalition-Resistant Multiparty Lotteries with Arbitrary Payouts,"Q Kniep, R Wattenhofer",arXiv preprint arXiv:,:2409.03464,0,2024,NA,1l3MdapXzAoC,Roger Wattenhofer,EG3VPm4AAAAJ
UltraSparseBERT: 99% Conditionally Sparse Language Modelling,"P Belcak, R Wattenhofer",Proceedings of the,62nd Annual Meeting of the Association for Computational …,0,2024,NA,ZYLUaBFA95QC,Roger Wattenhofer,EG3VPm4AAAAJ
Graph Dimension Attention Networks for Enterprise Credit Assessment,"S Wei, B Egressy, X Chen, Y Zhao, F Zhuang, R Wattenhofer, G Kou",arXiv preprint arXiv:,:2407.11615,0,2024,NA,43LB_KcVqeAC,Roger Wattenhofer,EG3VPm4AAAAJ
A minting mold for the eFranc,"H Gersbach, R Wattenhofer","The Elgar Companion to Decentralized Finance, Digital Assets, and Blockchain …",,0,2024,NA,LNjCCq68lIgC,Roger Wattenhofer,EG3VPm4AAAAJ
Overview of Achievements,R Wattenhofer,,,0,2024,NA,mu2_AnMl8iYC,Roger Wattenhofer,EG3VPm4AAAAJ
Short Paper: The PoW Landscape in the Aftermath of The Merge,"L Kiffer, S Skorik, Y Vonlanthen, R Wattenhofer",International Conference on Financial Cryptography and Data Security,281-292,0,2024,NA,BKYZGPsuSFYC,Roger Wattenhofer,EG3VPm4AAAAJ
Welcome from IEEE ICKG 2024 Chairs,"H Chen, A Fensel, XH Zhu, R Wattenhofer, X Wu",,"15th IEEE International Conference on Knowledge Graph, 2024, xii-xii",0,2024,NA,2TuIPqOg0e0C,Roger Wattenhofer,EG3VPm4AAAAJ
Leveraging Pre-Trained LMs for Rapid and Accurate Structure Elucidation from 2D NMR Data,"S Di Vita, F Grötschla, LA Lanzendörfer, R Wattenhofer",AI for Accelerated Materials Design Workshop (AI,I4Mat@ NeurIPS),0,2024,NA,n1qY4L4uFdgC,Roger Wattenhofer,EG3VPm4AAAAJ
Brief Announcement: Unifying Partial Synchrony,"A Constantinescu, D Ghinea, J Sliwinski, R Wattenhofer",,"38th International Symposium on Distributed Computing (DISC 2024), 43: 1-43: 7",0,2024,NA,o0eFlWRwRSUC,Roger Wattenhofer,EG3VPm4AAAAJ
"PUZZLES: A Benchmark for Neural Algorithmic Reasoning. Preprints 2024, 1, 0","B Estermann, L Lanzendörfer, Y Niedermayr, R Wattenhofer",Bridges,"3, 7x7i30e10m2d0",0,2024,NA,xckinRaLORAC,Roger Wattenhofer,EG3VPm4AAAAJ
Communication-Optimal Convex Agreement,"D Ghinea, CD Liu-Zhang, R Wattenhofer",Cryptology ePrint Archive,,0,2024,NA,1YatL4jblGcC,Roger Wattenhofer,EG3VPm4AAAAJ
Distributed Algorithms as a Gateway To Deductive Learning (Invited Talk),R Wattenhofer,,27th International Conference on Principles of Distributed Systems (OPODIS …,0,2024,NA,tL5YfqkXb3gC,Roger Wattenhofer,EG3VPm4AAAAJ
Learning with Graphs,R Wattenhofer,The International Conference on Computational Data and Social Networks …,,0,2023,NA,jPVjDSAV6m0C,Roger Wattenhofer,EG3VPm4AAAAJ
From Distributed Algorithms to Machine Learning and Back,R Wattenhofer,Proceedings of the,2023 ACM Symposium on Principles of Distributed Computing …,0,2023,NA,5p9vMBpPSXYC,Roger Wattenhofer,EG3VPm4AAAAJ
Co-Creating with AI: The Artist View,"S Teister, M Humeau, R Wattenhofer, J Fulton",Art Basel Conversations,,0,2023,NA,bxPAEoiBajcC,Roger Wattenhofer,EG3VPm4AAAAJ
Swarm Intelligence,R Wattenhofer,,30th International Colloquium on Structural Information and Communication …,0,2023,NA,Weau3kkTRIMC,Roger Wattenhofer,EG3VPm4AAAAJ
"LIPIcs, Volume 282, AFT 2023, Complete Volume}}","J Bonneau, SM Weinberg, D Movsowitz Davidow, Y Manevich, E Toch, ...",,"5th Conference on Advances in Financial Technologies (AFT 2023) 282, 0",0,2023,NA,rAN7mHg6NlYC,Roger Wattenhofer,EG3VPm4AAAAJ
FedHQL: Federated Heterogeneous Q-Learning,"F Xiaofeng Fan, Y Ma, Z Dai, C Tan, BKH Low, R Wattenhofer","arXiv e-prints, arXiv:",2301.11135,0,2023,NA,KYgttONoxcsC,Roger Wattenhofer,EG3VPm4AAAAJ
5th Conference on Advances in Financial Technologies (AFT 2023),"D Movsowitz Davidow, Y Manevich, E Toch, A Yaish, A Zohar, H Zhang, ...",Schloss Dagstuhl-Leibniz-Zentrum für Informatik GmbH,,0,2023,NA,TewouNez5YAC,Roger Wattenhofer,EG3VPm4AAAAJ
Flood and Echo: Algorithmic Alignment of GNNs with Distributed Computing,"J Mathys, F Grötschla, KV Nadimpalli, R Wattenhofer",,,0,2023,NA,PazO6pb-sMwC,Roger Wattenhofer,EG3VPm4AAAAJ
Visual Abstraction and Reasoning through Language.,"G Camposampiero, L Houmard, B Estermann, J Mathys, R Wattenhofer",CoRR,,0,2023,NA,iWL_APfBKHwC,Roger Wattenhofer,EG3VPm4AAAAJ
Predicting Gaze Position with Deep Learning of Electroencephalography Data,"M Plomecka, A Kastrati, L Wolf, R Wattenhofer, N Langer",Journal of Vision,"22 (14), 4010-4010",0,2022,NA,xIusEVNJREcC,Roger Wattenhofer,EG3VPm4AAAAJ
Diffusion Models for Graphs Benefit From Discrete State Spaces,"K Konstantin Haefeli, K Martinkus, N Perraudin, R Wattenhofer","arXiv e-prints, arXiv:",2210.01549,0,2022,NA,3WNXLiBY60kC,Roger Wattenhofer,EG3VPm4AAAAJ
Graph Neural Networks as Application of Distributed Algorithms,R Wattenhofer,Proceedings of the,"2022 Workshop on Advanced tools, programming languages …",0,2022,NA,DwWRdx-KAo4C,Roger Wattenhofer,EG3VPm4AAAAJ
Wireless Networks Algorithms: Looking Back & Moving Forward,R Wattenhofer,,18th International Symposium on Algorithmics of Wireless Networks …,0,2022,NA,Dmoar05iI2YC,Roger Wattenhofer,EG3VPm4AAAAJ
"Networks, Dynamics, Algorithms, and Learning (Invited Talk)",R Wattenhofer,,"1st Symposium on Algorithmic Foundations of Dynamic Networks (SAND 2022), 3 …",0,2022,NA,yKzB5RS27GgC,Roger Wattenhofer,EG3VPm4AAAAJ
Welcome Message from ICDCN 2022 Conference Chairs,"P Singh, R Wattenhofer, J Wu",ICDCN,2022: 23rd International Conference on Distributed Computing and …,0,2022,NA,DUFsPKDdMi0C,Roger Wattenhofer,EG3VPm4AAAAJ
A Theoretical Comparison of Graph Neural Network Extensions,"P András Papp, R Wattenhofer","arXiv e-prints, arXiv:",2201.12884,0,2022,NA,FQ36aI_S1AEC,Roger Wattenhofer,EG3VPm4AAAAJ
Chairs' introduction and welcome to DeFi 2021,"D Song, R Wattenhofer, A Gervais, P Jovanovic",DeFi,2021-Proceedings of the 2021 ACM CCS Workshop on Decentralized Finance …,0,2021,NA,uEM9VtRl8xsC,Roger Wattenhofer,EG3VPm4AAAAJ
DropGNN: Random Dropouts Increase the Expressiveness of Graph Neural Networks,"P András Papp, K Martinkus, L Faber, R Wattenhofer","arXiv e-prints, arXiv:",2111.06283,0,2021,NA,jKT558fuBk8C,Roger Wattenhofer,EG3VPm4AAAAJ
Do Universities Have a Future?,R Wattenhofer,Bulletin of EATCS,135 (3),0,2021,NA,1_W9tMSvGuwC,Roger Wattenhofer,EG3VPm4AAAAJ
"Two-Class (r, k)-Coloring: Coloring with Service Guarantees","PA Papp, R Schmid, V Stoppiello, R Wattenhofer",arXiv preprint arXiv:,:2108.03882,0,2021,NA,gFrPXmx1TSsC,Roger Wattenhofer,EG3VPm4AAAAJ
Debt Swapping for Risk Mitigation in Financial Networks,"P András Papp, R Wattenhofer","arXiv e-prints, arXiv:",2107.05359,0,2021,NA,WM2K3OHRCGMC,Roger Wattenhofer,EG3VPm4AAAAJ
Print Your Own Money: A Cash-Like Experience for Digital Payment Systems.,"Y Wang, Y Chen, S Wang, C Zhou, X Zheng, R Wattenhofer",arXiv preprint arXiv:,:2104.10480,0,2021,NA,TeJ9juy8vcMC,Roger Wattenhofer,EG3VPm4AAAAJ
Asynchronous Proof-of-Stake,"R Wattenhofer, J Sliwinski","Stabilization, Safety, and Security of Distributed Systems","13046, 194-208",0,2021,NA,71d7Y1FijdoC,Roger Wattenhofer,EG3VPm4AAAAJ
Sequential Defaulting in Financial Networks,"P András Papp, R Wattenhofer","arXiv e-prints, arXiv:",2011.10485,0,2020,NA,J4E9jCG1tHUC,Roger Wattenhofer,EG3VPm4AAAAJ
Asynchronous Byzantine Agreement in Incomplete Networks [Technical Report],"Y Wang, R Wattenhofer",arXiv preprint arXiv:,:2005.12725,0,2020,NA,yZoBfgUKqwcC,Roger Wattenhofer,EG3VPm4AAAAJ
On the Hardness of Red-Blue Pebble Games,"P András Papp, R Wattenhofer","arXiv e-prints, arXiv:",2005.08609,0,2020,NA,nOiSByfp82kC,Roger Wattenhofer,EG3VPm4AAAAJ
Network-Aware Strategies in Financial Systems,"P András Papp, R Wattenhofer","arXiv e-prints, arXiv:",2002.07566,0,2020,NA,GtqhT-R7ZnwC,Roger Wattenhofer,EG3VPm4AAAAJ
Default Ambiguity: Finding the Best Solution to the Clearing Problem,"P András Papp, R Wattenhofer","arXiv e-prints, arXiv:",2002.07741,0,2020,NA,tgTmbKTkO1IC,Roger Wattenhofer,EG3VPm4AAAAJ
Next Economic Crisis? It’s the Network!,R Wattenhofer,,29th International Conference on Computer Communications and Networks (ICCCN …,0,2020,NA,urP0JZOBBUsC,Roger Wattenhofer,EG3VPm4AAAAJ
Stabilization Time in Minority Processes,"P András Papp, R Wattenhofer","arXiv e-prints, arXiv:",1907.02131,0,2019,NA,rpSJNIKeXWsC,Roger Wattenhofer,EG3VPm4AAAAJ
Stabilization Time in Weighted Minority Processes,"P András Papp, R Wattenhofer","arXiv e-prints, arXiv:",1902.01228,0,2019,NA,u_mOZUIutIEC,Roger Wattenhofer,EG3VPm4AAAAJ
Song Snippets with Steganographically Embedded Information,"S Tanner, M Eichelberger, R Wattenhofer, G Voirol",ETH Zurich,,0,2018,NA,8VtEwCQfWZkC,Roger Wattenhofer,EG3VPm4AAAAJ
"WAVE Files used in Audio Experiment for"" Receiving Data Hidden in Music""","S Tanner, M Eichelberger, G Voirol, R Wattenhofer",ETH Zurich,,0,2018,NA,JH5k92_tO-AC,Roger Wattenhofer,EG3VPm4AAAAJ
Algorithms For and Against the Cloud,R Wattenhofer,,4th International Symposium on Algorithmic Aspects of Cloud Computing (ALGO …,0,2018,NA,vVJNg6_NJEsC,Roger Wattenhofer,EG3VPm4AAAAJ
Reducing Compare-and-Swap to Consensus Number One Primitives,"P Khanchandani, R Wattenhofer",arXiv preprint arXiv:,:1802.03844,0,2018,NA,EBV337fEn3EC,Roger Wattenhofer,EG3VPm4AAAAJ
29th International Symposium on Algorithms and Computation (ISAAC 2018),"SH Teng, C Stein, A Björklund, T Klimosová, J Malík, T Masarík, J Novotná, ...",Schloss Dagstuhl-Leibniz-Zentrum für Informatik GmbH,,0,2018,NA,CmbFvBriOyMC,Roger Wattenhofer,EG3VPm4AAAAJ
32nd International Symposium on Distributed Computing (DISC 2018),"SP Fekete, T Goldstein, M Mendler, Y Afek, Y Emek, N Kolikant, S Rafaeli, ...",Schloss Dagstuhl-Leibniz-Zentrum für Informatik GmbH,,0,2018,NA,ZZwcLRaXOV4C,Roger Wattenhofer,EG3VPm4AAAAJ
21st International Conference on Principles of Distributed Systems (OPODIS 2017),"L Rodrigues, C Burchert, R Wattenhofer, F Kuhn, P Schneider, ...",Schloss Dagstuhl-Leibniz-Zentrum für Informatik GmbH,,0,2018,NA,Q_E8KsG3g9MC,Roger Wattenhofer,EG3VPm4AAAAJ
Natural Language Multitasking,"G Brunner, Y Wang, R Wattenhofer, M Weigelt",arXiv preprint arXiv:,:1801.06024,0,2018,NA,Sf6vrWCRp3YC,Roger Wattenhofer,EG3VPm4AAAAJ
The Role of Cryptography in Distributed Systems,R Wattenhofer,,22nd Workshop on Elliptic Curve Cryptography (ECC 2018),0,2018,NA,idthP5jqfYAC,Roger Wattenhofer,EG3VPm4AAAAJ
Is Compare-and-Swap Really Necessary?,"P Khanchandani, R Wattenhofer",CoRR,,0,2018,NA,7H_jS4BsgvYC,Roger Wattenhofer,EG3VPm4AAAAJ
SmartCanvas: a Drawing Assistance Application for Android Devices,"B Maret, S Scherrer, P Khanchandani, R Wattenhofer",,,0,2017,NA,ndLnGcHYRF0C,Roger Wattenhofer,EG3VPm4AAAAJ
20th International Conference on Principles of Distributed Systems (OPODIS 2016),"N Shavit, C Cachin, W Zwaenepoel, F Ellen, YC Chan, E Gafni, Y He, ...",Schloss Dagstuhl-Leibniz-Zentrum für Informatik GmbH,,0,2017,NA,uoeYKOKFegwC,Roger Wattenhofer,EG3VPm4AAAAJ
Metric Matching: Cheap or Stable… or Fast?,R Wattenhofer,,4th Day on Computational Game Theory (AGT),0,2017,NA,EaFouW7jFu4C,Roger Wattenhofer,EG3VPm4AAAAJ
What Sould We Learn From Nakamotos Blockchain?,R Wattenhofer,The,21st International Conference on Principles of Distributed Systems …,0,2017,NA,x21FZCSn4ZoC,Roger Wattenhofer,EG3VPm4AAAAJ
Is There Any Practical Theory?,R Wattenhofer,,15th ACM Conference on Embedded Networked Sensor Systems (SenSys 2017),0,2017,NA,QoJ_w57xiyAC,Roger Wattenhofer,EG3VPm4AAAAJ
An Efficient Blockchain?,R Wattenhofer,,1st International Workshop on Cryptocurrencies and Blockchain Technology …,0,2017,NA,6VlyvFCUEfcC,Roger Wattenhofer,EG3VPm4AAAAJ
19th International Conference on Principles of Distributed Systems (OPODIS 2015),"E Anceaume, C Cachin, M Potop-Butucaru",Schloss Dagstuhl-Leibniz-Zentrum für Informatik GmbH,,0,2016,NA,Cy13deThEpcC,Roger Wattenhofer,EG3VPm4AAAAJ
Computer Engineering 2,R Wattenhofer,,,0,2016,NA,ZqE1mSdD_DYC,Roger Wattenhofer,EG3VPm4AAAAJ
Revised Selected Papers of the 11th International Symposium on Algorithms for Sensor Systems-Volume 9536,"P Bose, LA Gąsieniec, K Römer, R Wattenhofer",Springer-Verlag,,0,2015,NA,IExZWSxeYXUC,Roger Wattenhofer,EG3VPm4AAAAJ
"LIPIcs, Volume 46, OPODIS'15, Complete Volume}}","E Anceaume, C Cachin, M Potop-Butucaru, M Raynal, A Spiegelman, ...",,19th International Conference on Principles of Distributed Systems (OPODIS …,0,2015,NA,qt-6tCTBDsQC,Roger Wattenhofer,EG3VPm4AAAAJ
13-th IEEE international conference on peer-to-peer computing-Message from the chairs,"G Chockler, I Gupta, R Wattenhofer",,"14th IEEE International Conference on Peer-to-Peer Computing, IEEE P2P 2014 …",0,2014,NA,ujxm2eEBZHIC,Roger Wattenhofer,EG3VPm4AAAAJ
Ad hoc networks: pushing mobile and wireless communication since 1970,R Wattenhofer,Proceedings of the,15th ACM international symposium on Mobile ad hoc …,0,2014,NA,YsrPvlHIBpEC,Roger Wattenhofer,EG3VPm4AAAAJ
On Complexity of Distributed Diameter Approximation,泉泰介,電子情報通信学会技術研究報告= IEICE technical report: 信学技報,"113 (488), 61-68",0,2014,NA,t-hv7AR41mYC,Roger Wattenhofer,EG3VPm4AAAAJ
"Approximation, Randomization, and Combinatorial Optimization. Algorithms and Techniques (APPROX/RANDOM 2014)","I Ashlagi, Y Azar, M Charikar, A Chiplunkar, O Geri, H Kaplan, ...",Schloss Dagstuhl-Leibniz-Zentrum für Informatik GmbH,,0,2014,NA,4WewbtJKmRkC,Roger Wattenhofer,EG3VPm4AAAAJ
Keynote Address 1: Some Recent Research Results on Boosting Gadget Battery Life,V Bahl,,,0,2014,NA,BCdnXsLIVDwC,Roger Wattenhofer,EG3VPm4AAAAJ
"Proceedings of the 39th international colloquium conference on Automata, Languages, and Programming-Volume Part I","A Czumaj, K Mehlhorn, A Pitts, R Wattenhofer",Springer-Verlag,,0,2012,NA,koF6b02d8EEC,Roger Wattenhofer,EG3VPm4AAAAJ
What's New?,"SS Welten, M Calin, R Wattenhofer",Distributed Computing,,0,2012,NA,JaLtl8ASYokC,Roger Wattenhofer,EG3VPm4AAAAJ
The Price of Matching Selfish Vertices,"Y Emek, T Langner, R Wattenhofer",arXiv preprint arXiv:,:1112.4632,0,2011,NA,nRpfm8aw39MC,Roger Wattenhofer,EG3VPm4AAAAJ
Stability vs. Cost of Matchings,"Y Emek, T Langner, R Wattenhofer",arXiv preprint arXiv:,:1112.4632,0,2011,NA,a3BOlSfXSfwC,Roger Wattenhofer,EG3VPm4AAAAJ
COLLABORATIVE GO,"A Hugger, R Wattenhofer",,,0,2011,NA,F9fV5C73w3QC,Roger Wattenhofer,EG3VPm4AAAAJ
LIVE AUDIO STREAMING IN MOBILE PEER-TO-PEER SYSTEMS,"M Bruggmann, R Wattenhofer",,,0,2011,NA,yqoGN6RLRZoC,Roger Wattenhofer,EG3VPm4AAAAJ
Three plane localization,"J Schneider, R Wattenhofer",Proceedings of the,10th ACM/IEEE International Conference on Information …,0,2011,NA,sNmaIFBj_lkC,Roger Wattenhofer,EG3VPm4AAAAJ
Practicability of T4T Along Cycles,"M König, RP Wattenhofer",,,0,2011,NA,oNZyr7d5Mn4C,Roger Wattenhofer,EG3VPm4AAAAJ
SpiderBat: Augmenting Wireless Sensor Networks with Distance and Angle Information,"P Sommer, G Oberholzer, R Wattenhofer",NCCR MICS Workshop,2011,0,2011,NA,pYKElYtJMmwC,Roger Wattenhofer,EG3VPm4AAAAJ
Distributed Algorithms for Wireless Sensor Networks,R Wattenhofer,,10th International Conference on Ad Hoc Networks and Wireless (ADHOC-NOW 2011),0,2011,NA,nPTYJWkExTIC,Roger Wattenhofer,EG3VPm4AAAAJ
Distributed Algorithms: Tutorial,R Wattenhofer,Sublinear Algorithms,2011: Bertinoro Workshop on Sublinear Algorithms,0,2011,NA,4e5Qn2KL_jwC,Roger Wattenhofer,EG3VPm4AAAAJ
Peer-to-Peer,"S Schmid, R Wattenhofer",Springer,,0,2011,NA,bKqednn6t2AC,Roger Wattenhofer,EG3VPm4AAAAJ
Distributed Verification and Hardness of Approximation,"AD Sarma, S Holzer, L Kor, A Korman, D Nanongkai, G Pandurangan, ...",,,0,2010,NA,ubry08Y2EpUC,Roger Wattenhofer,EG3VPm4AAAAJ
Distributed Verification,"AD Sarma, S Holzer, L Kor, A Korman, D Nanongkai, G Pandurangan, ...",,,0,2010,NA,GtLg2Ama23sC,Roger Wattenhofer,EG3VPm4AAAAJ
10211 Abstracts Collection–Flexible Network Design,"A Gupta, S Leonardi, B Vöcking, R Wattenhofer",Schloss Dagstuhl–Leibniz-Zentrum für Informatik,,0,2010,NA,60iIaj97TE0C,Roger Wattenhofer,EG3VPm4AAAAJ
Implementation of an energy efficient data collection algorithm in TinyOS/SlotOS,"H Gumpert, R Wattenhofer",,,0,2009,NA,OTTXONDVkokC,Roger Wattenhofer,EG3VPm4AAAAJ
Special issue on PODC 2007,R Wattenhofer,Distributed Computing,"21 (5), 315",0,2009,NA,ZzlSgRqYykMC,Roger Wattenhofer,EG3VPm4AAAAJ
The {Price} of {Malice}: A {Game}-{Theoretic}{Framework} for {Malicious}{Behavior} in {Distributed}{Systems},"R Wattenhofer, T Moscibroda, S Schmid",Internet Mathematics,6 (2),0,2009,NA,i8eIfGGcn98C,Roger Wattenhofer,EG3VPm4AAAAJ
Distributed Computing and Networking,"SCSR Das, HSPS Tirthapura",,,0,2009,NA,SWgZeABleR0C,Roger Wattenhofer,EG3VPm4AAAAJ
Sensor Networks: Distributed Computing and Networking Get Together to Gather Data,R Wattenhofer,,9th International Conference on Distributed Computing and Networking (ICDCN),0,2009,NA,g8uWPOAv7ggC,Roger Wattenhofer,EG3VPm4AAAAJ
The Worst-Case Capacity of Wireless Networks,R Wattenhofer,Proceedings of the,6th International Symposium on Modeling and Optimization …,0,2009,NA,lg2tdxc6qMwC,Roger Wattenhofer,EG3VPm4AAAAJ
Algorithms for Sensor Networks: What Is It Good for?.,R Wattenhofer,ALGOSENSORS,1,0,2008,NA,6ZxmRoH8BuwC,Roger Wattenhofer,EG3VPm4AAAAJ
Exploring Search Methods with Pulsar,R Wattenhofer,Swiss Federal Institute of Technology Zurich,,0,2008,NA,HtEfBTGE9r8C,Roger Wattenhofer,EG3VPm4AAAAJ
Proceedings of the 26th Annual ACM Symposium on Principles of Distributed Computing,"I Gupta, R Wattenhofer",,26th Annual ACM Symposium on Principles of Distributed Computing,0,2007,NA,QsKbpXNoaWkC,Roger Wattenhofer,EG3VPm4AAAAJ
DISCRETE EVENT SYSTEMS,R Wattenhofer,,,0,2007,NA,c59VksA5Vz4C,Roger Wattenhofer,EG3VPm4AAAAJ
07151 Abstracts Collection–Geometry in Sensor Networks,"S Suri, R Wattenhofer, P Widmayer",Schloss Dagstuhl–Leibniz-Zentrum für Informatik,,0,2007,NA,_axFR9aDTf0C,Roger Wattenhofer,EG3VPm4AAAAJ
Towards Peer-to-Peer Games: XP2Pilot,"JL Geering, R Wattenhofer",,,0,2007,NA,PVjk1bu6vJQC,Roger Wattenhofer,EG3VPm4AAAAJ
Multi-Channel Primary Initialization Algorithm for Wireless Sensor Networks,"L Jin, C Xiang, T Moscibroda, R Wattenhofer",,2006 First International Conference on Communications and Networking in …,0,2006,NA,a9-T7VOCCH8C,Roger Wattenhofer,EG3VPm4AAAAJ
"Computer Engineering and Networks Laboratory (TIK) Departments of Computer Science and Electrical Engineering ETH Zurich, Switzerland","R Wattenhofer, K Albrecht",,,0,2006,NA,TIZ-Mc8IlK0C,Roger Wattenhofer,EG3VPm4AAAAJ
Mobile Hattrick,"T Britz, A Toggeburger, R Seidel, M Lorenzi",,,0,2006,NA,EsEWqaRxkBgC,Roger Wattenhofer,EG3VPm4AAAAJ
MLS,"R Flury, R Wattenhofer",Proceedings of the,7th ACM international symposium on Mobile ad hoc …,0,2006,NA,-qpA3cGbmHsC,Roger Wattenhofer,EG3VPm4AAAAJ
Tutorials-Algorithms for Wireless Sensor Networks,R Wattenhofer,Lecture Notes in Computer Science,"3868, 2-2",0,2006,NA,MpfHP-DdYjUC,Roger Wattenhofer,EG3VPm4AAAAJ
Swistry: P2P Live Streaming,"P Frey, R Wattenhofer",,,0,2006,NA,dBIO0h50nwkC,Roger Wattenhofer,EG3VPm4AAAAJ
Taming Dynamic and Selfish Peers,"S Schmid, F Kuhn, T Moscibroda, R Wattenhofer",Schloss Dagstuhl–Leibniz-Zentrum für Informatik,,0,2006,NA,LO7wyVUgiFcC,Roger Wattenhofer,EG3VPm4AAAAJ
On the Topologies Formed by Selfish Peers,"S Schmid, T Moscibroda, R Wattenhofer",Schloss Dagstuhl–Leibniz-Zentrum für Informatik,,0,2006,NA,ML0RJ9NH7IQC,Roger Wattenhofer,EG3VPm4AAAAJ
Proceedings of the 9th international conference on Principles of Distributed Systems,"JH Anderson, G Prencipe, R Wattenhofer",Springer-Verlag,,0,2005,NA,3x-KLxxGyuUC,Roger Wattenhofer,EG3VPm4AAAAJ
SANS: A Simple Ad Hoc and Sensor Network Simulator,"N Burri, R Wattenhofer, W Yves, A Zollinger",EdMedia+ Innovate Learning,164-171,0,2005,NA,BJbdYPG6LGMC,Roger Wattenhofer,EG3VPm4AAAAJ
From Algorithms to Sensor Networks,R Wattenhofer,Walter de Gruyter GmbH & Co. KG,"28 (2), 68-73",0,2005,NA,z_wVstp3MssC,Roger Wattenhofer,EG3VPm4AAAAJ
Optimization of Compact Set Membership Representation for Distributed Computing,"A Diener, R Wattenhofer, M Waldvogel",,,0,2005,NA,QYdC8u9Cj1oC,Roger Wattenhofer,EG3VPm4AAAAJ
Marc Cortesi Energy Efficient Deployment of Wireless Sensor Networks,R Wattenhofer,,,0,2005,NA,RtRctb2lSbAC,Roger Wattenhofer,EG3VPm4AAAAJ
EFFICIENT CONSTANT K-DOMINATING SET APPROXIMATION,"P Müller, T Moscibroda, R Wattenhofer",,,0,2005,NA,hMsQuOkrut0C,Roger Wattenhofer,EG3VPm4AAAAJ
Minimizing Interference in Ad Hoc and Sensor Networks,R Wattenhofer,Proceedings of the... Joint Workshop on Foundations of Mobile Computing,24,0,2005,NA,OkrdTXRNpVkC,Roger Wattenhofer,EG3VPm4AAAAJ
Proceedings of the 9th International Conference on Principles of Distributed Systems (OPODIS 2005),"H ANDERSON JAMES, G Prencipe, W Roger",,,0,2005,NA,TNEldfgDb5MC,Roger Wattenhofer,EG3VPm4AAAAJ
P2P: Past 2 Present,R Wattenhofer,,5th IEEE International Conference on Peer-to-Peer Computing (P2P),0,2005,NA,PQEM9vzQD9gC,Roger Wattenhofer,EG3VPm4AAAAJ
Algorithms for Ad Hoc Networks:(Case Study Clustering),R Wattenhofer,,4th Annual Mediterranean Ad Hoc Networking Workshop (MedHocNet 2005),0,2005,NA,ymY9cBF3mdcC,Roger Wattenhofer,EG3VPm4AAAAJ
How to Structure Chaos: Initializing Ad-Hoc and Sensor Networks,"T Moscibroda, R Wattenhofer","Handbook on theoretical and algorithmic aspects of sensor, ad hoc wireless …",,0,2005,NA,1r-w4gtu6w8C,Roger Wattenhofer,EG3VPm4AAAAJ
Dynamic Graph Labeling,"A Kinell, R O’Dell, R Wattenhofer",,,0,2004,NA,5qfkUJPXOUwC,Roger Wattenhofer,EG3VPm4AAAAJ
Brief announcement: efficient clustering in unstructured radio networks,"F Kuhn, T Moscibroda, R Wattenhofer",Proceedings of the twenty-third annual ACM symposium on Principles of …,,0,2004,NA,S16KYo8Pm5AC,Roger Wattenhofer,EG3VPm4AAAAJ
Virtual Coordinates for Ad hoc and Sensor Networks,"R Wattenhofer, T Moscibroda, R O'Dell, M Wattenhofer",Proceedings of the,2004 Joint Workshop on Foundations of Mobile Computing …,0,2004,NA,CRzUtm-VnGAC,Roger Wattenhofer,EG3VPm4AAAAJ
How the Hidden-Terminal Problem Affects Clustering in Ad Hoc and Sensor Networks,"T Moscibroda, F Kuhn, R Wattenhofer","Technical Report/ETH Zurich, Department of Computer Science",442,0,2004,NA,NXb4pA-qfm4C,Roger Wattenhofer,EG3VPm4AAAAJ
On coverage in infrastructure networks,"F Kuhn, P von Rickenbach, R Wattenhofer, E Welzl, A Zollinger",Technical report,437,0,2004,NA,kuK5TVdYjLIC,Roger Wattenhofer,EG3VPm4AAAAJ
André Bayer,R Wattenhofer,,,0,2003,NA,__bU50VfleQC,Roger Wattenhofer,EG3VPm4AAAAJ
Von Client/Server to Peer-to-Peer: Ein Paradigmenwechsel,R Wattenhofer,Einführungsvorlesung von Professorinnen und Professoren/ETH Zürich …,,0,2003,NA,pS0ncopqnHgC,Roger Wattenhofer,EG3VPm4AAAAJ
Departement Informatik Eidgenössische Technische Hochschule Zürich 21. August 2002,R Wattenhofer,,,0,2002,NA,Z5m8FVwuT1cC,Roger Wattenhofer,EG3VPm4AAAAJ
Verteilte Systeme,"G Alonso, F Mattern, R Wattenhofer",,,0,2002,NA,HhcuHIWmDEUC,Roger Wattenhofer,EG3VPm4AAAAJ
Ordered Multicast and Distributed Swap,"MH Tirthapura, R Wattenhofer",Brown University,,0,2000,NA,nroGzMJTTpEC,Roger Wattenhofer,EG3VPm4AAAAJ
Hard-Potato Routing,"R Wattenhofer, C Busch, M Herlihy",Proceedings of the,32nd Annual Acm Symposium on Theory of Computing …,0,2000,NA,HIFyuExEbWQC,Roger Wattenhofer,EG3VPm4AAAAJ
Panorama: Distributed Topology Control for Multihop Wireless Networks,"V Bahl, L Li, YM Wang, R Wattenhofer",,,0,2000,NA,w5CyTnyFq80C,Roger Wattenhofer,EG3VPm4AAAAJ
Clustering and Dominating Sets,"F Kuhn, T Moscibroda, R Wattenhofer, K Alzoubi, PJ Wan, O Frieder",wireless networks,46-55,0,1999,NA,2ywjKiB__4kC,Roger Wattenhofer,EG3VPm4AAAAJ
Parallele Präfix-Summation. Das Schweizer Taschenmesser der parallelen Algorithmen,"R Wattenhofer, P Widmayer",Prinzipien des Algorithmenentwurfs,103-121,0,1997,NA,R-LXmdHK_14C,Roger Wattenhofer,EG3VPm4AAAAJ
"DISS. ETH No. 12826, 1998",RP Wattenhofer,Swiss Federal Institute of Technology,,0,1969,NA,kh2fBNsKQNwC,Roger Wattenhofer,EG3VPm4AAAAJ
Scaling laws for test-time compute,R Wattenhofer,,,0,NA,NA,x8G803Bi31IC,Roger Wattenhofer,EG3VPm4AAAAJ
Project: Sample Efficiency in Text Diffusion Pretraining,R Wattenhofer,,,0,NA,NA,fixghrsIJ_wC,Roger Wattenhofer,EG3VPm4AAAAJ
Reinforcement Learning for Locally Checkable Labeling Problems,"F Grötschla, J Mathys, L Holbein, R Wattenhofer",The Seventeenth Workshop on Adaptive and Learning Agents,,0,NA,NA,gYnLYBw1zZMC,Roger Wattenhofer,EG3VPm4AAAAJ
Generalized Turing Test for LLMs,R Wattenhofer,,,0,NA,NA,Ui_nyea79ooC,Roger Wattenhofer,EG3VPm4AAAAJ
Semester Project: Data Efficiency in Text Diffusion Models,R Wattenhofer,,,0,NA,NA,9fRKRCJz75UC,Roger Wattenhofer,EG3VPm4AAAAJ
Rethinking Message Passing for Algorithmic Alignment,"J Mathys, F Grötschla, KV Nadimpalli, R Wattenhofer",NeurIPS,2024 Workshop on Symmetry and Geometry in Neural Representation,0,NA,NA,gxb_f1p9zx4C,Roger Wattenhofer,EG3VPm4AAAAJ
RTDS,"P Bissig, J Deriu, KT Foerster, R Wattenhofer",Proceedings of the,15th International Conference on Mobile and Ubiquitous,0,NA,NA,ve7iT2ZEuL4C,Roger Wattenhofer,EG3VPm4AAAAJ
Rethinking Message Passing for Algorithmic Alignment on Graphs,"J Mathys, F Grötschla, KV Nadimpalli, R Wattenhofer",,,0,NA,NA,uQdrZ3qaPmcC,Roger Wattenhofer,EG3VPm4AAAAJ
Demo Abstract: YETI-An Eclipse Plug-in for TinyOS 2.1,"N Burri, R Flury, S Nellen, B Sigg, P Sommer, R Wattenhofer",,,0,NA,NA,S0RksyIsHSIC,Roger Wattenhofer,EG3VPm4AAAAJ
Eliciting Internal Reward Models in LLMs,R Wattenhofer,,,0,NA,NA,tBp-nognM3UC,Roger Wattenhofer,EG3VPm4AAAAJ
Interpreting LLM’s “Reversal Curse”,R Wattenhofer,,,0,NA,NA,wTekDMGr9GkC,Roger Wattenhofer,EG3VPm4AAAAJ
PWN 2006 Workshop Organization,"B Lee, C Yu, M Denko, ICU Dongman Lee, KM Nesterenko, S Kumar, ...",,,0,NA,NA,pZ2CosqRuhkC,Roger Wattenhofer,EG3VPm4AAAAJ
LoGra-Med: Long-Context Multi-Graph Alignment for Medical Visual-Language Models,"DMH Nguyen, NT Diep, TQ Nguyen, BH Le, T Nguyen, AT Nguyen, ...",,,0,NA,NA,MtS25d97-7AC,Roger Wattenhofer,EG3VPm4AAAAJ
Multiplayer Gerrymandering,R Wattenhofer,,,0,NA,NA,Qh5Z_vBjo80C,Roger Wattenhofer,EG3VPm4AAAAJ
BLAP: Bootstrapping Language-Audio Pre-training for Music Captioning,"LA Lanzendörfer, C Pinkl, N Perraudin, R Wattenhofer",Audio Imagination: NeurIPS,"2024 Workshop AI-Driven Speech, Music, and Sound",0,NA,NA,RZBefGmQYygC,Roger Wattenhofer,EG3VPm4AAAAJ
Emergent architectures: Neuro-symbolic AI,R Wattenhofer,,,0,NA,NA,PQY3Tb_h0-cC,Roger Wattenhofer,EG3VPm4AAAAJ
View-Specific Video Compression,R Wattenhofer,,,0,NA,NA,JoHZYnTS1h4C,Roger Wattenhofer,EG3VPm4AAAAJ
A Concept for an Introduction to Parallelization in Java,"KT Förster, M König, R Wattenhofer",Proceedings of the,17th Annual Conference on Information Technology,0,NA,NA,aVq8r21TQD4C,Roger Wattenhofer,EG3VPm4AAAAJ
Divide & Scale: Formalization and Roadmap to Robust Sharding,R Wattenhofer,Structural Information and Communication Complexity,19,0,NA,NA,it4f3qIuXWYC,Roger Wattenhofer,EG3VPm4AAAAJ
3.25 Consistent Updates in Software Defined Networks,R Wattenhofer,Algorithm Engineering,18,0,NA,NA,G887dSk7Sz8C,Roger Wattenhofer,EG3VPm4AAAAJ
Hierarchical Representations for Transformers,R Wattenhofer,,,0,NA,NA,beqBT5984LEC,Roger Wattenhofer,EG3VPm4AAAAJ
GNN Pretraining,R Wattenhofer,,,0,NA,NA,xm1hsP5ya-EC,Roger Wattenhofer,EG3VPm4AAAAJ
Network-level Attacks Against Ethereum PoS,R Wattenhofer,,,0,NA,NA,gL9scSG3K_gC,Roger Wattenhofer,EG3VPm4AAAAJ
Open Access Media,"Y Wang, P Zuest, Y Yao, Z Lu, R Wattenhofer",,,0,NA,NA,J-ba04ztB30C,Roger Wattenhofer,EG3VPm4AAAAJ
"Principles of distributed systems (9th International conference, OPODIS 2005, Pisa, Italy, December 12-14, 2005)","JH Anderson, G Prencipe, R Wattenhofer",,,0,NA,NA,_TjUWtciUekC,Roger Wattenhofer,EG3VPm4AAAAJ
Algorithms for Sensor and Ad-Hoc Networks,R Wattenhofer,,,0,NA,NA,RdUpO4xyVKMC,Roger Wattenhofer,EG3VPm4AAAAJ
Towards better graph generative models and glob-ally accurate evaluation metrics,R Wattenhofer,,,0,NA,NA,AubyX3KqGToC,Roger Wattenhofer,EG3VPm4AAAAJ
Representation Learning for Reinforcement Learn-ing (RL4RL),R Wattenhofer,,,0,NA,NA,43B52WW2E64C,Roger Wattenhofer,EG3VPm4AAAAJ
Spectral Coarsening for Graph Generation,R Wattenhofer,,,0,NA,NA,-LHtoeeytlUC,Roger Wattenhofer,EG3VPm4AAAAJ
Asynchronous Message Passing: A new Framework for Learning in Graphs,"L Faber, R Wattenhofer",,,0,NA,NA,2_BaaiyHPJIC,Roger Wattenhofer,EG3VPm4AAAAJ
Spectral Denoising Diffusion Probabilistic Models for Graphs,R Wattenhofer,,,0,NA,NA,wgKq3sYidysC,Roger Wattenhofer,EG3VPm4AAAAJ
Deep Generative Models for Graphs,R Wattenhofer,,,0,NA,NA,kQqwFFzsCTwC,Roger Wattenhofer,EG3VPm4AAAAJ
Group Prof. Roger Wattenhofer Distributed Computing,K Figures,,,0,NA,NA,qSd0DAb9jMoC,Roger Wattenhofer,EG3VPm4AAAAJ
Quantifying Effects of Design Decisions in VAE-based Unsupervised Disentanglement Learning,R Wattenhofer,,,0,NA,NA,F9HO9s0W2bwC,Roger Wattenhofer,EG3VPm4AAAAJ
Clustering Ethereum Addresses,R Wattenhofer,,,0,NA,NA,Oj-SLI0tZTcC,Roger Wattenhofer,EG3VPm4AAAAJ
Disentangled Representations for RL,R Wattenhofer,,,0,NA,NA,uPCvBZYD9qUC,Roger Wattenhofer,EG3VPm4AAAAJ
Contrastive Learning & Predictability Minimization,R Wattenhofer,,,0,NA,NA,s2G-WRnXBicC,Roger Wattenhofer,EG3VPm4AAAAJ
Scaling Graph Neural Networks Using Differentiable Trees,R Wattenhofer,,,0,NA,NA,ehoypfNsBj8C,Roger Wattenhofer,EG3VPm4AAAAJ
Evaluating Performance Limits of BFT Protocols,R Wattenhofer,,,0,NA,NA,_9Xh93LWpsYC,Roger Wattenhofer,EG3VPm4AAAAJ
The Future of Jobs,R Wattenhofer,,,0,NA,NA,IHkkN1K1AlAC,Roger Wattenhofer,EG3VPm4AAAAJ
The Power of a Leader in the Stone Age,"Y Emek, S Holzer, R Wattenhofer",,,0,NA,NA,IT1MJ6E3JesC,Roger Wattenhofer,EG3VPm4AAAAJ
Polynomial Time Algorithms for Branching Markov Decision Processes and Probabilistic Min (Max) Polynomial Bellman Equations,"PMMPBE In, A Czumaj, K Mehlhorn, A Pitts, R Wattenhofer",,,0,NA,NA,GJVTs2krol4C,Roger Wattenhofer,EG3VPm4AAAAJ
Highly Dynamic Graphs,"R O’Dell, R Wattenhofer",,,0,NA,NA,AFXcoJnoRH0C,Roger Wattenhofer,EG3VPm4AAAAJ
Directed Graph Exploration,"R Wattenhofer, KT Förster",,,0,NA,NA,WIXB4To3Tx4C,Roger Wattenhofer,EG3VPm4AAAAJ
Lower and Upper bounds for Online Directed Graph Exploration,"R Wattenhofer, KT Förster",,,0,NA,NA,8RAEygVn5_EC,Roger Wattenhofer,EG3VPm4AAAAJ
Payment Channel Creation Game,"G Avarikioti, L Heimbach, Y Wang, R Wattenhofer",,,0,NA,NA,pUxgyZctzPYC,Roger Wattenhofer,EG3VPm4AAAAJ
Lost in Space,"M O’Dell, R O’Dell, M Wattenhofer, R Wattenhofer",,,0,NA,NA,Nufq_to8ts0C,Roger Wattenhofer,EG3VPm4AAAAJ
Byzantine Agreement: Optimistic Analysis,R Wattenhofer,,,0,NA,NA,CMvovTBb2okC,Roger Wattenhofer,EG3VPm4AAAAJ
Benchmarking of Distributed Ledger Technology,R Wattenhofer,,,0,NA,NA,rqnDXT1GswoC,Roger Wattenhofer,EG3VPm4AAAAJ
Byzantine Agreement: From Theory to Practice,R Wattenhofer,,,0,NA,NA,yJjnfzR0HrkC,Roger Wattenhofer,EG3VPm4AAAAJ
Online Matching: Haste makes Waste!(Full Version),"Y Emek, S Kutten, R Wattenhofer",,,0,NA,NA,4n0clTBhZ78C,Roger Wattenhofer,EG3VPm4AAAAJ
ICTAI 2018,"Y Li, X Xie, G Brunner, M Fritsche, O Richter, R Wattenhofer",,,0,NA,NA,WzTVkKNmPSkC,Roger Wattenhofer,EG3VPm4AAAAJ
Geometric Edge-Coloring,R Wattenhofer,,,0,NA,NA,XDrR66g3YHsC,Roger Wattenhofer,EG3VPm4AAAAJ
Clock Synchronization,"C Lenzen, T Locher, R Wattenhofer",,,0,NA,NA,VRfTbSk87rEC,Roger Wattenhofer,EG3VPm4AAAAJ
Dozer,"N Burri, P von Rickenbach, R Wattenhofer",,,0,NA,NA,KTwcwpFFj4wC,Roger Wattenhofer,EG3VPm4AAAAJ
Attractive Sports Route Generation,R Wattenhofer,,,0,NA,NA,L24QuVWYgZ0C,Roger Wattenhofer,EG3VPm4AAAAJ
3.10 Scalable Funding of Blockchain Micropayment Channel Networks,"R Wattenhofer, C Decker, C Burchert",Opportunities and Risks of Blockchain Technologies,13,0,NA,NA,_tF6a-HnqWAC,Roger Wattenhofer,EG3VPm4AAAAJ
Outdoor Sports Route Generation,R Wattenhofer,,,0,NA,NA,wUn16MOA3RoC,Roger Wattenhofer,EG3VPm4AAAAJ
Low Power Gesture Recognition,"P Bissig, R Wattenhofer",,,0,NA,NA,m92CDrhVnKEC,Roger Wattenhofer,EG3VPm4AAAAJ
"Diploma/Master’s Thesis “Implementing eQuus, A Robust P2P System”",R Wattenhofer,,,0,NA,NA,m4fbC6XIj1kC,Roger Wattenhofer,EG3VPm4AAAAJ
8 Sorting,R Wattenhofer,,,0,NA,NA,eI34FqJmdUoC,Roger Wattenhofer,EG3VPm4AAAAJ
Robot Composer,R Wattenhofer,,,0,NA,NA,2vr6o8x5NLkC,Roger Wattenhofer,EG3VPm4AAAAJ
Implementation of a Blockchain Micropayment Chan-nel Network,R Wattenhofer,,,0,NA,NA,AZju0d2GQJ0C,Roger Wattenhofer,EG3VPm4AAAAJ
Concurrent Counting using Compare-and-Swap Registers,"P Khanchandani, R Wattenhofer",,,0,NA,NA,wSy_KLzO7YEC,Roger Wattenhofer,EG3VPm4AAAAJ
Gateway for IEEE 802.15. 4 based Wireless Sensor Network,R Wattenhofer,,,0,NA,NA,-uzm3Y7AvW0C,Roger Wattenhofer,EG3VPm4AAAAJ
"Is Bitcoin Stable, Secure and Scalable?",R Wattenhofer,,,0,NA,NA,JP7YXuLIOvAC,Roger Wattenhofer,EG3VPm4AAAAJ
Part 2: Fault-Tolerance,R Wattenhofer,,,0,NA,NA,NxmKEeNBbOMC,Roger Wattenhofer,EG3VPm4AAAAJ
Organization of Music on Mobile Devices,R Wattenhofer,,,0,NA,NA,Wq2b2clWBLsC,Roger Wattenhofer,EG3VPm4AAAAJ
Making Bitcoin Exchanges Transparent,"J Guthrie, C Decker, J Seidel, R Wattenhofer",,,0,NA,NA,AYInfyleIOsC,Roger Wattenhofer,EG3VPm4AAAAJ
13 Fragen zu Mobile Computing SS 2002,R Wattenhofer,,,0,NA,NA,RJOyoaXV5v8C,Roger Wattenhofer,EG3VPm4AAAAJ
Asymptotically Optimal Mobile Ad-Hoc Routing,"F Kuhn, R Wattenhofer, A Zollinger",,,0,NA,NA,kJDgFkosVoMC,Roger Wattenhofer,EG3VPm4AAAAJ
Summary Review Documentation for “Boosting Market Liquidity of Peer-to-Peer Systems Through Cyclic Trading”,"R Eidenbenz, T Locher, S Schmid, R Wattenhofer",,,0,NA,NA,zdjWy_NXXwUC,Roger Wattenhofer,EG3VPm4AAAAJ
SOFSEM 2015: Theory and Practice of Computer Science LNCS 8939,"GFIT Margaria-Steffen, JPJJ Quisquater, R Wattenhofer",,,0,NA,NA,DkZNVXde3BIC,Roger Wattenhofer,EG3VPm4AAAAJ
14-th IEEE International Conference on Peer-to-Peer Computing Organizing Committee,"G Chockler, I Gupta, R Wattenhofer, T Langner, G Ananthanarayanan, ...",,,0,NA,NA,EPG8bYD4jVwC,Roger Wattenhofer,EG3VPm4AAAAJ
Modeling Replica Placement in a Distributed File System: Narrowing the Gap,"JR Douceur, RP Wattenhofer",Proceedings of,9th Annual European Symposium on Algorithms (ESA,0,NA,NA,oi2SiIJ9l4AC,Roger Wattenhofer,EG3VPm4AAAAJ
Computability in Anonymous Networks: Revocable vs. Irrecovable Outputs [Full Version],"Y Emek, J Seidel, R Wattenhofer",,,0,NA,NA,w0F2JDEymm0C,Roger Wattenhofer,EG3VPm4AAAAJ
Practice: Small Systems,"T Locher, R Wattenhofer",,,0,NA,NA,sszUF3NjhM4C,Roger Wattenhofer,EG3VPm4AAAAJ
Optimal Clock Synchronization in Wireless Sensor Networks,"C Lenzen, P Sommer, R Wattenhofer",,,0,NA,NA,U_HPUtbDl20C,Roger Wattenhofer,EG3VPm4AAAAJ
Lab “PeerBlast: A Peer-to-Peer XBlast”(4-6 People),R Wattenhofer,,,0,NA,NA,PyEswDtIyv0C,Roger Wattenhofer,EG3VPm4AAAAJ
Lab “P2Pilot: A Peer-to-Peer Variant of XPilot”(4-6 People),R Wattenhofer,,,0,NA,NA,-jrNzM816MMC,Roger Wattenhofer,EG3VPm4AAAAJ
Semester Thesis Better bounds on contention management Motivation and Informal Description The garbage collector freed the software engineer from worrying about memory …,R Wattenhofer,,,0,NA,NA,QyXJ3EUuO1IC,Roger Wattenhofer,EG3VPm4AAAAJ
Semester Thesis “MultiSweeper–A Multi-player MineSweeper”,R Wattenhofer,,,0,NA,NA,HGTzPopzzJcC,Roger Wattenhofer,EG3VPm4AAAAJ
Ants: Robust Mobile Finite State Machines,R Wattenhofer,,,0,NA,NA,-7ulzOJl1JYC,Roger Wattenhofer,EG3VPm4AAAAJ
On Consistent Updates in Software Defined Networks (Extended Version),RMR Wattenhofer,,,0,NA,NA,6_hjMsCP8ZoC,Roger Wattenhofer,EG3VPm4AAAAJ
13-th IEEE International Conference on Peer-to-Peer Computing,"Y Xu, Y Liu, K Ross, KW Hwang, V Gopalakrishnan, R Jana, S Lee, ...",,,0,NA,NA,rHJHxKgnXwkC,Roger Wattenhofer,EG3VPm4AAAAJ
GPS on iPAQ,"P Frey, R Wattenhofer",,,0,NA,NA,SjuI4pbJlxcC,Roger Wattenhofer,EG3VPm4AAAAJ
Principles of Distributed Systems,"JHAG Prencipe, R Wattenhofer",,,0,NA,NA,7H_MAutzIkAC,Roger Wattenhofer,EG3VPm4AAAAJ
Scheduling Activities in Wireless Sensor Networks,"D Estrin, R Wattenhofer",,,0,NA,NA,j7_hQOaDUrUC,Roger Wattenhofer,EG3VPm4AAAAJ
Semester Thesis Speeding up programs (on multi-core systems),R Wattenhofer,,,0,NA,NA,fFSKOagxvKUC,Roger Wattenhofer,EG3VPm4AAAAJ
alg hocnet,R Wattenhofer,,,0,NA,NA,3htObqc8RwsC,Roger Wattenhofer,EG3VPm4AAAAJ
"Tight Bounds for Parallel Randomized Load Balancing (TIK Report Number 324) Revised November 5, 2010","C Lenzen, R Wattenhofer",,,0,NA,NA,OcBU2YAGkTUC,Roger Wattenhofer,EG3VPm4AAAAJ
SA/MA: Efficient Multicore Systems with Transactional Memory,R Wattenhofer,,,0,NA,NA,ODE9OILHJdcC,Roger Wattenhofer,EG3VPm4AAAAJ
Tight Bounds for Parallel Randomized Load Balancing (TIK Report Number 324),"C Lenzen, R Wattenhofer",,,0,NA,NA,HtS1dXgVpQUC,Roger Wattenhofer,EG3VPm4AAAAJ
Robust and Energy-Efficient Environmental Monitoring using Wireless Sensor Networks,"N Burri, P von Rickenbach, R Wattenhofer",,,0,NA,NA,4vMrXwiscB8C,Roger Wattenhofer,EG3VPm4AAAAJ
Improving Keyword Search in ConfSearch,"A Paukste, K Michael, R Wattenhofer",,,0,NA,NA,9c2xU6iGI7YC,Roger Wattenhofer,EG3VPm4AAAAJ
A Dynamic P2P System Resilient to Adversarial Churn,"F Kuhn, S Schmid, R Wattenhofer",,,0,NA,NA,IUKN3-7HHlwC,Roger Wattenhofer,EG3VPm4AAAAJ
alg hoc net 2005,R Wattenhofer,,,0,NA,NA,IRz6iEL74y4C,Roger Wattenhofer,EG3VPm4AAAAJ
A Churn-Resistant P2P-System Based on the Pancake Graph,"JM Smit, R Wattenhofer, F Kuhn, S Schmid",,,0,NA,NA,2VqYfGB8ITEC,Roger Wattenhofer,EG3VPm4AAAAJ
Diploma/Master Thesis “Frequency Assignment in Cellular Networks”,R Wattenhofer,,,0,NA,NA,umqufdRvDiIC,Roger Wattenhofer,EG3VPm4AAAAJ
Semester/Master Thesis Distributed Graph Coloring,R Wattenhofer,,,0,NA,NA,XvxMoLDsR5gC,Roger Wattenhofer,EG3VPm4AAAAJ
Semester Thesis “Distributed Dominating Set Approximations in Various Graph Families”,R Wattenhofer,,,0,NA,NA,9pM33mqn1YgC,Roger Wattenhofer,EG3VPm4AAAAJ
Crypto-Breaker Reloaded,"R Wattenhofer, M Kuhn, S Schmid",,,0,NA,NA,ClCfbGk0d_YC,Roger Wattenhofer,EG3VPm4AAAAJ
The Impact of Internet Policy and Topology on Delayed Routing Convergence,"A Ahuja, C Labovitz, S Venkatachary, R Wattenhofer",,,0,NA,NA,SpbeaW3--B0C,Roger Wattenhofer,EG3VPm4AAAAJ
A Collaborative Shared Document Writer,"M Meier, K Albrecht, R Wattenhofer",,,0,NA,NA,VaXvl8Fpj5cC,Roger Wattenhofer,EG3VPm4AAAAJ
Ъ в гб о ж н РгиЙШги иг Ъгйи в,"C Busch, M Herlihy, R Wattenhofer",,,0,NA,NA,lmc2jWPfTJgC,Roger Wattenhofer,EG3VPm4AAAAJ
Master Thesis “Advanced Aggregation in Ad-Hoc Sensor Networks”,R Wattenhofer,,,0,NA,NA,gsN89kCJA0AC,Roger Wattenhofer,EG3VPm4AAAAJ
Semester or Master Thesis Speeding up programs (on multi-core systems),R Wattenhofer,,,0,NA,NA,tYavs44e6CUC,Roger Wattenhofer,EG3VPm4AAAAJ
Dominik Grolimund,"L Meisser, R Wattenhofer, S Schmid",,,0,NA,NA,KUbvn5osdkgC,Roger Wattenhofer,EG3VPm4AAAAJ
Randomized Greedy Hot-Potato Routing,"R Wattenhofer, C Busch, M Herlihy",,,0,NA,NA,g3aElNc5_aQC,Roger Wattenhofer,EG3VPm4AAAAJ
Secure Multicast for Virtual Private Converencing,"C Schroedter, R Strobl, R Wattenhofer",,,0,NA,NA,EYYDruWGBe4C,Roger Wattenhofer,EG3VPm4AAAAJ
SA/MA: Enhance BitThief–Make BitTorrent Strategy Proof,R Wattenhofer,,,0,NA,NA,BwyfMAYsbu0C,Roger Wattenhofer,EG3VPm4AAAAJ
SA/MA: BitTorrent for Really Selfish Peers,R Wattenhofer,,,0,NA,NA,AvfA0Oy_GE0C,Roger Wattenhofer,EG3VPm4AAAAJ
MedAgentBench: Dataset for Benchmarking LLMs as Agents in Medical Applications,"Y Jiang, KC Black, G Geng, D Park, AY Ng, JH Chen",arXiv preprint arXiv:,:2501.14654,2,2025,14149629387782150250,_mQi-xiA4oYC,Andrew Ng,mG4imMEAAAAJ
Evaluating and Improving the Effectiveness of Synthetic Chest X-Rays for Medical Image Analysis,"E Prakash, JMJ Valanarasu, Z Chen, EP Reis, A Johnston, A Pareek, ...",arXiv preprint arXiv:,:2411.18602,0,2024,NA,gmHTDCtJMcoC,Andrew Ng,mG4imMEAAAAJ
Deep learning for detecting and characterizing oil and gas well pads in satellite imagery,"N Ramachandran, J Irvin, M Omara, R Gautam, K Meisenhelder, ...",Nature Communications,"15 (1), 7036",3,2024,9206064668591741341,9LpHyFPp1DQC,Andrew Ng,mG4imMEAAAAJ
Automatic deforestation driver attribution using deep learning on satellite imagery,"N Ramachandran, J Irvin, H Sheng, S Johnson-Yu, K Story, R Rustowicz, ...",Global Environmental Change,"86, 102843",4,2024,3101474117295078594,c1AJUTjuCtUC,Andrew Ng,mG4imMEAAAAJ
Auto-Generating Weak Labels for Real & Synthetic Data to Improve Label-Scarce Medical Image Segmentation,"T Deshpande, E Prakash, EG Ross, C Langlotz, A Ng, JMJ Valanarasu",arXiv preprint arXiv:,:2404.17033,1,2024,7781310975459236618,SrKkpNFED5gC,Andrew Ng,mG4imMEAAAAJ
Unlocking Robust Segmentation Across All Age Groups via Continual Learning,"CY Liu, JMJ Valanarasu, C Gonzalez, C Langlotz, A Ng, S Gatidis",arXiv preprint arXiv:,:2404.13185,0,2024,NA,X5YyAB84Iw4C,Andrew Ng,mG4imMEAAAAJ
Agentic Design Patterns Part 1,A Ng,"The Batch Letters, available online",(03.10. 2024): https://www. deeplearning …,5,2024,10288281911120215790,NZNkWSpQBv0C,Andrew Ng,mG4imMEAAAAJ
CloudTracks: A Dataset for Localizing Ship Tracks in Satellite Images of Clouds,"MA Chaudhry, L Kim, J Irvin, Y Ido, S Chu, JT Isobe, AY Ng, ...",arXiv preprint arXiv:,:2401.14486,0,2024,NA,oqD4_j7ulsYC,Andrew Ng,mG4imMEAAAAJ
Probabilistic Prediction of Laboratory Test Information Yield,"Y Jiang, AH Lee, X Ni, CK Corbin, JA Irvin, AY Ng, JH Chen",AMIA Annual Symposium Proceedings,"2023, 1007",2,2024,4796068876784465673,lK9BDNCuzFgC,Andrew Ng,mG4imMEAAAAJ
AI-optimized harvester configured to maximize yield and minimize impurities,"D Wang, AYT Ng, Y Rong, GF Diamos, B Tan, BS Kim, TV Rosenflanz, ...",US Patent,"11,864,494",0,2024,NA,-yGd096yOn8C,Andrew Ng,mG4imMEAAAAJ
Many-shot in-context learning in multimodal foundation models,"Y Jiang, JA Irvin, JH Wang, MA Chaudhry, JH Chen, AY Ng",ICML,2024 Workshop on In-Context Learning,34,2024,810388126677807301,hefNtdE4IMkC,Andrew Ng,mG4imMEAAAAJ
Dataperf: Benchmarks for data-centric ai development,"M Mazumder, C Banbury, X Yao, B Karlaš, W Gaviria Rojas, S Diamos, ...",Advances in Neural Information Processing Systems,"36, 5320-5347",146,2023,15223786853090276431,yeL6HyUMUGUC,Andrew Ng,mG4imMEAAAAJ
Probabilistic latent semantic analysis,H Li,Machine Learning Methods,387-399,3,2023,12811762063084681708,lvd772isFD0C,Andrew Ng,mG4imMEAAAAJ
LymphoML: An interpretable artificial intelligence-based method identifies morphologic features that correlate with lymphoma subtype,"V Shankar, X Yang, V Krishna, B Tan, O Silva, R Rojansky, A Ng, ...",Machine Learning for Health (ML,"L4H), 528-558",7,2023,14079657451250795768,J3LtWjKFLicC,Andrew Ng,mG4imMEAAAAJ
USat: A unified self-supervised encoder for multi-sensor satellite imagery,"J Irvin, L Tao, J Zhou, Y Ma, L Nashold, B Liu, AY Ng",arXiv preprint arXiv:,:2312.02199,17,2023,12696841191150019112,qsWQJNntlusC,Andrew Ng,mG4imMEAAAAJ
An empirical study of automated mislabel detection in real world vision datasets,"M Srikanth, J Irvin, BW Hill, F Godoy, I Sabane, AY Ng",arXiv preprint arXiv:,:2312.02200,3,2023,6792917143835195035,RfUwGJFMQ-0C,Andrew Ng,mG4imMEAAAAJ
A System for Automated Vehicle Damage Localization and Severity Estimation Using Deep Learning,"Y Ma, H Ghanbari, T Huang, J Irvin, O Brady, S Zalouk, H Sheng, A Ng, ...",IEEE Transactions on Intelligent Transportation Systems,"25 (6), 5627-5639",0,2023,NA,ukw-9cB-YDkC,Andrew Ng,mG4imMEAAAAJ
Weakly-semi-supervised object detection in remotely sensed imagery,"JH Wang, J Irvin, BK Behar, H Tran, R Samavedam, Q Hsu, AY Ng",arXiv preprint arXiv:,:2311.17449,2,2023,4912918763967980805,SpPTWFSNUtQC,Andrew Ng,mG4imMEAAAAJ
Systems and methods for radiology image classification from noisy images,"S Zhou, AY Ng, P Rajpurkar, M Sabini, C Wang, NM Phu, A Kiani, J Irvin, ...",US Patent,"11,798,159",0,2023,NA,z6xuaG2dYH0C,Andrew Ng,mG4imMEAAAAJ
User-generated visual guide for the classification of images,"D Wang, GP Gopal, AYT Ng, KT Nathillvar, R Hashimov, P He, DA Laird, ...",US Patent,"11,790,270",0,2023,NA,KTwcwpFFj4wC,Andrew Ng,mG4imMEAAAAJ
Evaluating progress in automatic chest x-ray radiology report generation,"F Yu, M Endo, R Krishnan, I Pan, A Tsai, EP Reis, EKUN Fonseca, ...",Patterns,4 (9),129,2023,4375107801895037877,rOcdG6UcVlcC,Andrew Ng,mG4imMEAAAAJ
Real-time neural text-to-speech,"M Chrzanowski, A Coates, G DIAMOS, A GIBIANSKY, J Miller, A Ng, ...",US Patent,"11,705,107",2,2023,15120023913496245927,wE-fMHVdjMkC,Andrew Ng,mG4imMEAAAAJ
Chatgpt prompt engineering for developers,"I Fulford, A Ng",Short Course by DeepLearning. AI & OpenAI. Accessed,1,21,2023,685089253241603865,DquSII9TDu4C,Andrew Ng,mG4imMEAAAAJ
How to Train Your CheXDragon: Training Chest X-Ray Models for Transfer to Novel Tasks and Healthcare Systems,"C Van Uden, J Irvin, M Huang, N Dean, J Carr, A Ng, C Langlotz",arXiv preprint arXiv:,:2305.08017,0,2023,NA,E7VqQtBCVmcC,Andrew Ng,mG4imMEAAAAJ
Guided workflow for deep learning error analysis,"MW Sabini, K Yang, AYT Ng, D Bibireata, D Laird, W Blodgett, Y Liu, ...",US Patent App.,"17/971,063",0,2023,NA,QaSi33NTfwYC,Andrew Ng,mG4imMEAAAAJ
Data-centric AI resource hub,A Ng,Accessed: Apr,5,8,2023,6505124987804162760,d4tt_xEv1X8C,Andrew Ng,mG4imMEAAAAJ
"Marked crosswalks in US transit-oriented station areas, 2007–2020: A computer vision approach using street view imagery","M Li, H Sheng, J Irvin, H Chung, A Ying, T Sun, AY Ng, DA Rodriguez",Environment and Planning B: Urban Analytics and City Science,"50 (2), 350-369",25,2023,2259939391876306339,QsKbpXNoaWkC,Andrew Ng,mG4imMEAAAAJ
Deep learning models for speech recognition,"A Hannun, C Case, J Casper, B Catanzaro, G Diamos, E Eisen, ...",US Patent,"11,562,733",5,2023,10958364811541732175,yxmsSjX2EkcC,Andrew Ng,mG4imMEAAAAJ
"L’IA TEND À CENTRALISER LA PRISE DE DÉCISIONS ET LE POUVOIR, ET C’EST UN PROBLÈME","E BRYNJOLFSSON, A NG",ANGLES MORTS DE LA GOUVERNANCE DE L’IA,71,0,2023,NA,uAPFzskPt0AC,Andrew Ng,mG4imMEAAAAJ
"Big AI can centralize decision-making and power, and that’sa problem","E Brynjolfsson, A Ng",Missing links in AI governance,65-87,14,2023,8974617278203297944,MDX3w3dAD3YC,Andrew Ng,mG4imMEAAAAJ
Vetllm: Large language model for predicting diagnosis from veterinary notes,"Y Jiang, JA Irvin, AY Ng, J Zou",PACIFIC SYMPOSIUM ON BIOCOMPUTING,"2024, 120-133",4,2023,11186665143352259186,cNe27ouKFcQC,Andrew Ng,mG4imMEAAAAJ
Radiology report expert evaluation (rexval) dataset,"F Yu, M Endo, R Krishnan, I Pan, A Tsai, EP Reis, EKU Fonseca, H Lee, ...",,,5,2023,3579781725628637723,RXiHnyRawswC,Andrew Ng,mG4imMEAAAAJ
Programa especializado: Aprendizaje profundo,A Ng,Coursera. org,,4,2023,13586819648104991667,uUvzmPk0f8oC,Andrew Ng,mG4imMEAAAAJ
Detecting neighborhood gentrification at scale via street-level visual data,"T Huang, T Dai, Z Wang, H Yoon, H Sheng, AY Ng, R Rajagopal, ...",,"2022 IEEE International Conference on Big Data (Big Data), 1632-1640",7,2022,8546514866330367308,I858iXPj1OkC,Andrew Ng,mG4imMEAAAAJ
A proof of concept for a deep learning system that can aid embryologists in predicting blastocyst survival after thaw,"P Marsh, D Radif, P Rajpurkar, Z Wang, E Hariton, S Ribeiro, R Simbulan, ...",Scientific Reports,"12 (1), 21119",7,2022,4657035072034170967,wyM6WWKXmoIC,Andrew Ng,mG4imMEAAAAJ
MedSelect: Selective labeling for medical image classification using meta-learning,"D Vrabac, A Smit, Y He, AY Ng, AL Beam, P Rajpurkar",International Conference on Medical Imaging with Deep Learning,1301-1310,3,2022,16389279133683221442,OzeSX8-yOCQC,Andrew Ng,mG4imMEAAAAJ
Expert-level detection of pathologies from unannotated chest X-ray images via self-supervised learning,"E Tiu, E Talius, P Patel, CP Langlotz, AY Ng, P Rajpurkar",Nature biomedical engineering,"6 (12), 1399-1406",328,2022,17473788116202366429,rLGzs9wiiwIC,Andrew Ng,mG4imMEAAAAJ
Transfer learning enables prediction of myocardial injury from continuous single-lead electrocardiography,"BT Jin, R Palleti, S Shi, AY Ng, JV Quinn, P Rajpurkar, D Kim",Journal of the American Medical Informatics Association,"29 (11), 1908-1918",15,2022,6215113219809881852,H7nrzBkawXsC,Andrew Ng,mG4imMEAAAAJ
Benchmarking saliency methods for chest X-ray interpretation,"A Saporta, X Gui, A Agrawal, A Pareek, SQH Truong, CDT Nguyen, ...",Nature Machine Intelligence,"4 (10), 867-878",180,2022,2596704975411178430,_AeoHAGD03cC,Andrew Ng,mG4imMEAAAAJ
Model Management System for Improving Training Data Through Machine Learning Deployment,"D Bibireata, AYT Ng, P He, Z Qiu, C Iral, M Zhang, A Leal, J Guan, ...",US Patent App.,"17/470,368",0,2022,NA,R22Rs3tN8aoC,Andrew Ng,mG4imMEAAAAJ
Improving debris flow evacuation alerts in Taiwan using machine learning,"YL Tsai, J Irvin, S Chundi, AY Ng, CB Field, PK Kitanidis",arXiv preprint arXiv:,:2208.13027,1,2022,8195766006819475550,YPNY0knpFBYC,Andrew Ng,mG4imMEAAAAJ
METER-ML: a multi-sensor earth observation benchmark for automated methane source mapping,"B Zhu, N Lui, J Irvin, J Le, S Tadwalkar, C Wang, Z Ouyang, FY Liu, AY Ng, ...",arXiv preprint arXiv:,:2207.11166,18,2022,8296101573790355442,I8rxH6phXEkC,Andrew Ng,mG4imMEAAAAJ
IFT80 negatively regulates osteoclast differentiation via association with Cbl-b to disrupt TRAF6 stabilization and activation,"V Deepak, S Yang, Z Li, X Li, A Ng, D Xu, YP Li, MJ Oursler, S Yang",Proceedings of the National Academy of Sciences,"119 (26), e2201490119",10,2022,1557147951369325332,lg2tdxc6qMwC,Andrew Ng,mG4imMEAAAAJ
CheXED: comparison of a deep learning model to a clinical decision support system for pneumonia in the emergency department,"JA Irvin, A Pareek, J Long, P Rajpurkar, DKM Eng, N Khandwala, ...",Journal of thoracic imaging,"37 (3), 162-167",15,2022,10396841496763466502,nPT8s1NX_-sC,Andrew Ng,mG4imMEAAAAJ
Unbiggen ai,AYT Ng,IEEE Spectrum. IEEE Spectrum.[Online]. Available: https://bit. ly/,/3RNNvsr,31,2022,1158990087343631621,_tF6a-HnqWAC,Andrew Ng,mG4imMEAAAAJ
Tackling climate change with machine learning,"D Rolnick, PL Donti, LH Kaack, K Kochanski, A Lacoste, K Sankaran, ...",ACM Computing Surveys (CSUR),"55 (2), 1-96",1355,2022,17248164998556463858,ALROH1vI_8AC,Andrew Ng,mG4imMEAAAAJ
"Unbiggen AI: the AI pioneer says it’s time for smart-sized,“data-centric” solutions to big issues","E Strickland, NG Andrew",IEEE Spectrum,9,8,2022,4826719002265904083,8uzoZH4hB9AC,Andrew Ng,mG4imMEAAAAJ
Contrastive learning of heart and lung sounds for label-efficient diagnosis,"PN Soni, S Shi, PR Sriram, AY Ng, P Rajpurkar",Patterns,3 (1),35,2022,13213239628970098189,jmjb1lOE9QIC,Andrew Ng,mG4imMEAAAAJ
Deep learning-based sparse whole-slide image analysis for the diagnosis of gastric intestinal metaplasia,"J Braatz, P Rajpurkar, S Zhang, AY Ng, J Shen",arXiv preprint arXiv:,:2201.01449,7,2022,14184137181214288430,sJPMR1oEGYQC,Andrew Ng,mG4imMEAAAAJ
"Splitting into train, dev and test sets","A Ng, K Katanforoosh",,,5,2022,3981925961030036470,htyGaKyDgHMC,Andrew Ng,mG4imMEAAAAJ
Unbiggen AI—IEEE Spectrum,A Ng,IEEE Spectrum. url: https://spectrum. ieee. org/andrew-ng-data-centric-ai,,8,2022,1383526431354505674,0ngZmJvimKcC,Andrew Ng,mG4imMEAAAAJ
RGS12 inhibits the progression and metastasis of multiple myeloma by driving M1 macrophage polarization and activation in the bone marrow microenvironment,"G Yuan, Y Huang, S Yang, A Ng, S Yang",Cancer Communications,"42 (1), 60",49,2021,16670447257679679035,wLxue7F8ec0C,Andrew Ng,mG4imMEAAAAJ
"Data-centric ai competition, 2021","A Ng, D Laird, L He",URL https://https-deeplearning-ai. github. io/data-centric-comp,,7,2021,15226643797093084593,vVJNg6_NJEsC,Andrew Ng,mG4imMEAAAAJ
Towards global mapping of oil and gas infrastructure for MethaneSAT source attribution,"M Omara, R Gautam, K Meisenhelder, A Franco, J Benmergui, ...",AGU Fall Meeting Abstracts,"2021, B32E-06",0,2021,NA,Og1tA8FjbJAC,Andrew Ng,mG4imMEAAAAJ
Mapping Oil and Gas Infrastructure Globally using Deep Learning on Satellite Imagery,"J Irvin, H Sheng, R Gautam, M Omara, K Meisenhelder, A Ng, R Jackson",AGU Fall Meeting Abstracts,"2021, GC41A-03",0,2021,NA,JWITY9-sCbMC,Andrew Ng,mG4imMEAAAAJ
Retrieval-based chest x-ray report generation using a pre-trained contrastive language-image model,"M Endo, R Krishnan, V Krishna, AY Ng, P Rajpurkar",Machine Learning for Health,209-219,112,2021,17244597866286959024,pQTOvowfQioC,Andrew Ng,mG4imMEAAAAJ
3KG: Contrastive learning of 12-lead electrocardiograms using physiologically-inspired augmentations,"B Gopal, R Han, G Raghupathi, A Ng, G Tison, P Rajpurkar",Machine learning for health,156-167,67,2021,17558912514409921403,ZqE1mSdD_DYC,Andrew Ng,mG4imMEAAAAJ
Chexbreak: Misclassification identification for deep learning models interpreting chest x-rays,"E Chen, A Kim, R Krishnan, J Long, AY Ng, P Rajpurkar",Machine Learning for Healthcare Conference,103-125,5,2021,11099313394461134715,SAZ1SQo2q1kC,Andrew Ng,mG4imMEAAAAJ
Medaug: Contrastive learning leveraging patient metadata improves representations for chest x-ray interpretation,"YNT Vu, R Wang, N Balachandar, C Liu, AY Ng, P Rajpurkar",Machine Learning for Healthcare Conference,755-769,96,2021,9205125980269057861,0aBXIfxlw9sC,Andrew Ng,mG4imMEAAAAJ
Gap-filling eddy covariance methane fluxes: Comparison of machine learning model predictions and uncertainties at FLUXNET-CH4 wetlands,"J Irvin, S Zhou, G McNicol, F Lu, V Liu, E Fluet-Chouinard, Z Ouyang, ...",Agricultural and Forest Meteorology,"308, 108528",89,2021,5366511435763521075,s9ia6_kGH2AC,Andrew Ng,mG4imMEAAAAJ
AI does not have to be too complicated or expensive for your business,الهادي,مجلة الجمعية المصرية لنظم المعلومات وتکنولوجيا الحاسبات,"26 (26), 22-24",25,2021,9662695289822967516,eH23hyXCXa4C,Andrew Ng,mG4imMEAAAAJ
Nasopharyngeal metabolomics and machine learning approach for the diagnosis of influenza,"CA Hogan, P Rajpurkar, H Sowrirajan, NA Phillips, AT Le, M Wu, ...",EBioMedicine,71,29,2021,12001667790983806415,hGdtkIFZdKAC,Andrew Ng,mG4imMEAAAAJ
CheXseg: combining expert annotations with DNN-generated saliency maps for X-ray segmentation,"SU Gadgil, M Endo, E Wen, AY Ng, P Rajpurkar",Medical Imaging with Deep Learning,190-204,16,2021,8087856734681301059,ghEM2AJqZyQC,Andrew Ng,mG4imMEAAAAJ
Unseen Disease Detection for Deep Learning Interpretation of Chest X-rays,"S Shi, I Malhi, K Tran, AY Ng, P Rajpurkar",Medical Imaging with Deep Learning,699-712,0,2021,NA,X9ykpCP0fEIC,Andrew Ng,mG4imMEAAAAJ
Moco pretraining improves representation and transferability of chest x-ray models,"H Sowrirajan, J Yang, AY Ng, P Rajpurkar",Medical Imaging with Deep Learning,728-744,239,2021,5213743676485693249,IsPWOBWtZBwC,Andrew Ng,mG4imMEAAAAJ
Q-Pain: a question answering dataset to measure social bias in pain management,"C Logé, E Ross, DYA Dadey, S Jain, A Saporta, AY Ng, P Rajpurkar",arXiv preprint arXiv:,:2108.01764,25,2021,11577438876039822449,-uzm3Y7AvW0C,Andrew Ng,mG4imMEAAAAJ
MLOps: From model-centric to data-centric AI,A Ng,DeepLearning. AI https://www. deeplearning. ai/wp-content/uploads/,/2021/06 …,64,2021,3103992780501051172,4e5Qn2KL_jwC,Andrew Ng,mG4imMEAAAAJ
Development and validation of an artificial intelligence system to optimize clinician review of patient records,"EA Chi, G Chi, CT Tsui, Y Jiang, K Jarr, CV Kulkarni, M Zhang, J Long, ...",JAMA Network Open,"4 (7), e2117391-e2117391",50,2021,4788333061561142332,NxmKEeNBbOMC,Andrew Ng,mG4imMEAAAAJ
Improving hospital readmission prediction using individualized utility analysis,"M Ko, E Chen, A Agrawal, P Rajpurkar, A Avati, A Ng, S Basu, NH Shah",Journal of Biomedical Informatics,"119, 103826",16,2021,5081476524893535050,QUX0mv85b1cC,Andrew Ng,mG4imMEAAAAJ
Radgraph: Extracting clinical entities and relations from radiology reports,"S Jain, A Agrawal, A Saporta, SQH Truong, DN Duong, T Bui, P Chambon, ...",arXiv preprint arXiv:,:2106.14463,229,2021,13387578541851019655,JP7YXuLIOvAC,Andrew Ng,mG4imMEAAAAJ
Automated coronary calcium scoring using deep learning with multicenter external validation,"D Eng, C Chute, N Khandwala, P Rajpurkar, J Long, S Shleifer, ...",NPJ digital medicine,"4 (1), 88",125,2021,736399006984358292,AzKEL7Gb_04C,Andrew Ng,mG4imMEAAAAJ
DLBCL-Morph: Morphological features computed using deep learning for an annotated digital DLBCL image set,"D Vrabac, A Smit, R Rojansky, Y Natkunam, RH Advani, AY Ng, ...",Scientific Data,"8 (1), 135",30,2021,10715438309553492671,wvYxNZNCP7wC,Andrew Ng,mG4imMEAAAAJ
"Learning neighborhood representation from multi-modal multi-graph: Image, text, mobility graph and beyond","T Huang, Z Wang, H Sheng, AY Ng, R Rajagopal",arXiv preprint arXiv:,:2105.02489,14,2021,11590460647991880083,zwpXiJ37cpgC,Andrew Ng,mG4imMEAAAAJ
VisualCheXbert: addressing the discrepancy between radiology report labels and image labels,"S Jain, A Smit, SQH Truong, CDT Nguyen, MT Huynh, M Jain, VA Young, ...","Proceedings of the Conference on Health, Inference, and Learning",105-115,34,2021,2329238637734530235,eGYfIraVYiQC,Andrew Ng,mG4imMEAAAAJ
CheXternal: Generalization of deep learning models for chest X-ray interpretation to photos of chest X-rays and external clinical settings,"P Rajpurkar, A Joshi, A Pareek, AY Ng, MP Lungren","Proceedings of the Conference on Health, Inference, and Learning",125-132,18,2021,7777623965423324346,YlPif8NxrbYC,Andrew Ng,mG4imMEAAAAJ
CheXtransfer: performance and parameter efficiency of ImageNet models for chest X-Ray interpretation,"A Ke, W Ellsworth, O Banerjee, AY Ng, P Rajpurkar","Proceedings of the conference on health, inference, and learning",116-124,135,2021,9817439778435166811,qe6vwMD2xtsC,Andrew Ng,mG4imMEAAAAJ
Effect of radiology report labeler quality on deep learning models for chest X-ray interpretation,"S Jain, A Smit, AY Ng, P Rajpurkar",arXiv preprint arXiv:,:2104.00793,10,2021,18433074694950880928,MIg0yeAD4ggC,Andrew Ng,mG4imMEAAAAJ
Medselect: Selective labeling for medical image classification combining meta-learning with deep reinforcement learning,"A Smit, D Vrabac, Y He, AY Ng, AL Beam, P Rajpurkar",arXiv preprint arXiv:,:2103.14339,11,2021,12719816349522396119,-6RzNnnwWf8C,Andrew Ng,mG4imMEAAAAJ
From Model-centric to Data-centric AI,A Ng,Website: https://www. deeplearning. ai,,16,2021,1692861154238911743,Y9VhQm-5nPIC,Andrew Ng,mG4imMEAAAAJ
A chat with andrew on mlops: From model-centric to data-centric ai,A Ng,URL: https://youtu. be/,/06-AZXmwHjo,44,2021,13191262480200989968,nPTYJWkExTIC,Andrew Ng,mG4imMEAAAAJ
CheXseen: Unseen disease detection for deep learning interpretation of chest X-rays,"S Shi, I Malhi, K Tran, AY Ng, P Rajpurkar",arXiv preprint arXiv:,:2103.04590,4,2021,3594781512672804095,Wq2b2clWBLsC,Andrew Ng,mG4imMEAAAAJ
Data augmentation with Mobius transformations,"S Zhou, J Zhang, H Jiang, T Lundh, AY Ng",Machine Learning: Science and Technology,"2 (2), 025016",32,2021,13827544042167617845,KaMxkj08jr0C,Andrew Ng,mG4imMEAAAAJ
MedAug: Contrastive learning leveraging patient metadata improves representations for chest X-ray interpretation,"Y Nhi Truong Vu, R Wang, N Balachandar, C Liu, AY Ng, P Rajpurkar","arXiv e-prints, arXiv:",2102.10663,1,2021,1993488255731961435,1tZ8xJnm2c8C,Andrew Ng,mG4imMEAAAAJ
"Mlops: From model-centric to data-centric ai, 2021",A Ng,YouTube Video Interview,,7,2021,10783037826321795556,u3T1itk59dMC,Andrew Ng,mG4imMEAAAAJ
Data-centric AI competition,"A Ng, D Laird, L He",DeepLearning AI,,38,2021,13230781053554479465,WwIwg2wKZ0QC,Andrew Ng,mG4imMEAAAAJ
GloFlow: Whole slide image stitching from video using optical flow and global image alignment,"V Krishna, A Joshi, D Vrabac, P Bulterys, E Yang, S Fernandez-Pol, ...",Medical Image Computing and Computer Assisted Intervention–MICCAI,2021: 24th …,5,2021,16537253763316805130,zUl2_INMlC4C,Andrew Ng,mG4imMEAAAAJ
M3G: Learning urban neighborhood representation from multi-modal multi-graph,"T Huang, Z Wang, H Sheng, AY Ng, R Rajagopal",Proceedings of the DeepSpatial,"2021, 2nd",8,2021,13473206477560125752,mel-f30kHHgC,Andrew Ng,mG4imMEAAAAJ
Deep learning saliency maps do not accurately highlight diagnostically relevant regions for medical image interpretation,"A Saporta, X Gui, A Agrawal, A Pareek, SQH Truong, CDT Nguyen, ...",,,40,2021,3473462466751756784,eAlLMO4JVmQC,Andrew Ng,mG4imMEAAAAJ
Systems and methods for real-time neural text-to-speech,"M Chrzanowski, A Coates, G DIAMOS, A GIBIANSKY, J Miller, A Ng, ...",US Patent,"10,872,598",8,2020,7270799045064434892,OcBU2YAGkTUC,Andrew Ng,mG4imMEAAAAJ
PENet—a scalable deep-learning model for automated diagnosis of pulmonary embolism using volumetric CT imaging,"H Shih-Cheng, K Tanay, B Imon, C Chute, RL Ball, B Norah, A Huang, ...",NPJ Digital Medicine,3 (1),4,2020,10345012467000685030,tBlTYpvFGQIC,Andrew Ng,mG4imMEAAAAJ
"Upscaling FLUXNET-CH4: Data-driven model performance, predictors, and regional to global methane emission estimates for freshwater wetlands","G McNicol, E Fluet-Chouinard, S Knox, Z Yang, Z Zhang, T Aalto, ...",AGU Fall Meeting Abstracts,"2020, B038-0010",0,2020,NA,UuEBAcK4md4C,Andrew Ng,mG4imMEAAAAJ
Incorporating machine learning and social determinants of health indicators into prospective risk adjustment for health plan payments,"JA Irvin, AA Kondrich, M Ko, P Rajpurkar, B Haghgoo, BE Landon, ...",BMC Public Health,"20, 1-10",56,2020,7609942911953305083,pAkWuXOU-OoC,Andrew Ng,mG4imMEAAAAJ
"CheXphoto: 10,000+ photos and transformations of chest X-rays for benchmarking deep learning robustness","NA Phillips, P Rajpurkar, M Sabini, R Krishnan, S Zhou, A Pareek, ...",Machine Learning for Health,318-327,33,2020,7854798795033965601,An6A6Jpfc1oC,Andrew Ng,mG4imMEAAAAJ
Ngboost: Natural gradient boosting for probabilistic prediction,"T Duan, A Anand, DY Ding, KK Thai, S Basu, A Ng, A Schuler",International conference on machine learning,2690-2700,492,2020,4894543059596757711,WC23djZS0W4C,Andrew Ng,mG4imMEAAAAJ
Ognet: Towards a global oil and gas infrastructure database using deep learning on remotely sensed imagery,"H Sheng, J Irvin, S Munukutla, S Zhang, C Cross, K Story, R Rustowicz, ...",arXiv preprint arXiv:,:2011.07227,24,2020,16342331114849693236,aIdbFUkbNIkC,Andrew Ng,mG4imMEAAAAJ
CheXphotogenic: Generalization of Deep Learning Models for Chest X-ray Interpretation to Photos of Chest X-rays,"P Rajpurkar, A Joshi, A Pareek, J Irvin, AY Ng, M Lungren",arXiv preprint arXiv:,:2011.06129,2,2020,8249677886460740857,k_7cPK9k7w8C,Andrew Ng,mG4imMEAAAAJ
Forestnet: Classifying drivers of deforestation in indonesia using deep learning on satellite imagery,"J Irvin, H Sheng, N Ramachandran, S Johnson-Yu, S Zhou, K Story, ...",arXiv preprint arXiv:,:2011.05479,57,2020,16153228571326831856,QsaTk4IG4EwC,Andrew Ng,mG4imMEAAAAJ
Exploration and apprenticeship learning in reinforcement learning,"P Abbeel, AY Ng",Proceedings of the,"22nd international conference on Machine learning, 1-8",340,2005,1529537548306019474,UebtZRa9Y70C,Andrew Ng,mG4imMEAAAAJ
Machine learning yearning,A Ng,URL: http://www. mlyearning. org/,"/(96) 139, 30",336,2017,16368701604771616690,FAceZFleit8C,Andrew Ng,mG4imMEAAAAJ
Classification with hybrid generative/discriminative models,"R Raina, Y Shen, A Mccallum, A Ng",Advances in neural information processing systems,16,334,2003,12582495627708914368,YOwf2qJgpHMC,Andrew Ng,mG4imMEAAAAJ
Using inaccurate models in reinforcement learning,"P Abbeel, M Quigley, AY Ng",Proceedings of the,"23rd international conference on Machine learning, 1-8",332,2006,11146470784058192408,JQOojiI6XY0C,Andrew Ng,mG4imMEAAAAJ
Transfer learning for text classification,"CB Do, AY Ng",Advances in neural information processing systems,18,326,2005,3122044596731576190,HoB7MX3m0LUC,Andrew Ng,mG4imMEAAAAJ
Learning for control from multiple demonstrations,"A Coates, P Abbeel, AY Ng",Proceedings of the,"25th international conference on Machine learning, 144-151",325,2008,13728564938350609874,L7CI7m0gUJcC,Andrew Ng,mG4imMEAAAAJ
Data noising as smoothing in neural network language models,"Z Xie, SI Wang, J Li, D Lévy, A Nie, D Jurafsky, AY Ng",arXiv preprint arXiv:,:1703.02573,321,2017,4606432760581617114,NaGl4SEjCO4C,Andrew Ng,mG4imMEAAAAJ
"Link analysis, eigenvectors and stability","AY Ng, AX Zheng, MI Jordan",International Joint Conference on Artificial Intelligence,"17 (1), 903-910",319,2001,17591413540951625352,WJVC3Jt7v1AC,Andrew Ng,mG4imMEAAAAJ
An information-theoretic analysis of hard and soft assignment methods for clustering,"M Kearns, Y Mansour, AY Ng",Learning in graphical models,495-520,309,1998,11404840297814982360,7T2F9Uy0os0C,Andrew Ng,mG4imMEAAAAJ
An experimental and theoretical comparison of model selection methods,"M Kearns, Y Mansour, AY Ng, D Ron",Proceedings of the Eighth Annual Conference on Computational Learning Theory …,,288,1995,3866986487280519333,Wp0gIr-vW9MC,Andrew Ng,mG4imMEAAAAJ
Selecting receptive fields in deep networks,"A Coates, A Ng",Advances in neural information processing systems,24,283,2011,5862329444572369795,pyW8ca7W8N0C,Andrew Ng,mG4imMEAAAAJ
Impact of a deep learning assistant on the histopathologic classification of liver cancer,"A Kiani, B Uyumazturk, P Rajpurkar, A Wang, R Gao, E Jones, Y Yu, ...",NPJ digital medicine,"3 (1), 23",273,2020,5979370119144157805,Dem6FJhTUoYC,Andrew Ng,mG4imMEAAAAJ
Regularization and feature selection in least-squares temporal difference learning,"JZ Kolter, AY Ng",Proceedings of the,26th annual international conference on machine learning …,272,2009,14281612377493715610,k8Z6L05lTy4C,Andrew Ng,mG4imMEAAAAJ
A control architecture for quadruped locomotion over rough terrain,"JZ Kolter, MP Rodgers, AY Ng",,"2008 IEEE International Conference on Robotics and Automation, 811-818",265,2008,18228740678271798746,HtS1dXgVpQUC,Andrew Ng,mG4imMEAAAAJ
CS229 Lecture notes,A Ng,CS,"S229 Lecture notes 1 (1), 1-3",263,2000,16025039089793134160,Ri6SYOTghG4C,Andrew Ng,mG4imMEAAAAJ
Deep learning–assisted diagnosis of cerebral aneurysms using the HeadXNet model,"A Park, C Chute, P Rajpurkar, J Lou, RL Ball, K Shpanskaya, ...",JAMA network open,"2 (6), e195600-e195600",261,2019,7642511412964719551,0CzhzZyukY4C,Andrew Ng,mG4imMEAAAAJ
Policy search by dynamic programming,"J Bagnell, SM Kakade, J Schneider, A Ng",Advances in neural information processing systems,16,256,2003,13956646554137349512,dhFuZR0502QC,Andrew Ng,mG4imMEAAAAJ
Chexnet: Radiologist-level pneumonia detection on chest x-rays with deep learning. arXiv,"P Rajpurkar, J Irvin, K Zhu, B Yang, H Mehta, T Duan, D Ding, A Bagul, ...",arXiv preprint arXiv:,:1711.05225 10,249,2017,1142713063334266681,X0DADzN9RKwC,Andrew Ng,mG4imMEAAAAJ
Learning deep energy models,"J Ngiam, Z Chen, PW Koh, AY Ng",Proceedings of the,28th international conference on machine learning (ICML …,237,2011,466969693413677098,2osOgNQ5qMEC,Andrew Ng,mG4imMEAAAAJ
Contextual search and name disambiguation in email using graphs,"E Minkov, WW Cohen, AY Ng",Proceedings of the,29th annual international ACM SIGIR conference on …,232,2006,10342748540673810642,5awf1xo2G04C,Andrew Ng,mG4imMEAAAAJ
Approximate planning in large POMDPs via reusable trajectories,"M Kearns, Y Mansour, A Ng",Advances in Neural Information Processing Systems,12,231,1999,11705434998299548052,SpbeaW3--B0C,Andrew Ng,mG4imMEAAAAJ
What artificial intelligence can and can’t do right now,A Ng,Harvard Business Review,"9 (11), 1-4",230,2016,13036287181195184513,Z5m8FVwuT1cC,Andrew Ng,mG4imMEAAAAJ
First-pass large vocabulary continuous speech recognition using bi-directional recurrent DNNs,"AY Hannun, AL Maas, D Jurafsky, AY Ng",arXiv preprint arXiv:,:1408.2873,227,2014,846490275929017709,YsMSGLbcyi4C,Andrew Ng,mG4imMEAAAAJ
Robotic grasping of novel objects,"A Saxena, J Driemeyer, J Kearns, A Ng",Advances in neural information processing systems,19,225,2006,15772902512919332390,nrtMV_XWKgEC,Andrew Ng,mG4imMEAAAAJ
On feature selection: learning with exponentially many irreverent features as training examples,AY Ng,Massachusetts Institute of Technology,,220,1998,1981817047946888519,ZfRJV9d4-WMC,Andrew Ng,mG4imMEAAAAJ
Reactive grasping using optical proximity sensors,"K Hsiao, P Nangeroni, M Huber, A Saxena, AY Ng",,"2009 IEEE International Conference on Robotics and Automation, 2098-2105",217,2009,15502776751201348041,0N-VGjzr574C,Andrew Ng,mG4imMEAAAAJ
Learning factor graphs in polynomial time and sample complexity,"P Abbeel, D Koller, AY Ng",The Journal of Machine Learning Research,"7, 1743-1788",217,2006,1476868809841091859,_FxGoFyzp5QC,Andrew Ng,mG4imMEAAAAJ
Robust textual inference via graph matching,"A Haghighi, AY Ng, CD Manning",Proceedings of Human Language Technology Conference and Conference on …,,216,2005,2331432033597153377,mVmsd5A6BfQC,Andrew Ng,mG4imMEAAAAJ
Hierarchical apprenticeship learning with application to quadruped locomotion,"J Kolter, P Abbeel, A Ng",Advances in Neural Information Processing Systems,20,214,2007,12569187575585874575,IjCSPb-OGe4C,Andrew Ng,mG4imMEAAAAJ
Learning grasp strategies with partial shape information.,"A Saxena, LLS Wong, AY Ng",AAAI,"3 (2), 1491-1494",213,2008,3402014713378909077,_Qo2XoVZTnwC,Andrew Ng,mG4imMEAAAAJ
Deep learning of invariant features via simulated fixations in video,"W Zou, S Zhu, K Yu, A Ng",Advances in neural information processing systems,25,209,2012,14358293240518169689,oNZyr7d5Mn4C,Andrew Ng,mG4imMEAAAAJ
Discriminative training of kalman filters.,"P Abbeel, A Coates, M Montemerlo, AY Ng, S Thrun",Robotics: Science and systems,"2, 1",208,2005,11598644514872945767,evX43VCCuoAC,Andrew Ng,mG4imMEAAAAJ
Building DNN acoustic models for large vocabulary speech recognition,"AL Maas, P Qi, Z Xie, AY Hannun, CT Lengerich, D Jurafsky, AY Ng",Computer Speech & Language,"41, 195-213",205,2017,3651918093918719580,j3f4tGmQtD8C,Andrew Ng,mG4imMEAAAAJ
From uncertainty to belief: Inferring the specification within,"T Kremenek, P Twohey, G Back, A Ng, D Engler",Proceedings of the,7th symposium on Operating systems design and …,200,2006,5309418734943094250,u_35RYKgDlwC,Andrew Ng,mG4imMEAAAAJ
Lexicon-free conversational speech recognition with neural networks,"A Maas, Z Xie, D Jurafsky, AY Ng",Proceedings of the,2015 Conference of the North American Chapter of the …,195,2015,1488373198442828710,roLk4NBRz8UC,Andrew Ng,mG4imMEAAAAJ
Comparing speech and keyboard text entry for short messages in two languages on touchscreen phones,"S Ruan, JO Wobbrock, K Liou, A Ng, JA Landay","Proceedings of the ACM on Interactive, Mobile, Wearable and Ubiquitous …",,180,2018,2236747367468011719,4DMP91E08xMC,Andrew Ng,mG4imMEAAAAJ
Neural language correction with character-based attention,"Z Xie, A Avati, N Arivazhagan, D Jurafsky, AY Ng",arXiv preprint arXiv:,:1603.09727,170,2016,7784828506705135294,4fKUyHm3Qg0C,Andrew Ng,mG4imMEAAAAJ
Fast gaussian process regression using kd-trees,"Y Shen, M Seeger, A Ng",Advances in neural information processing systems,18,164,2005,15479407792236941120,9vf0nzSNQJEC,Andrew Ng,mG4imMEAAAAJ
Automatic single-image 3d reconstructions of indoor manhattan world scenes,"E Delage, H Lee, AY Ng",Robotics Research: Results of the,"12th International Symposium ISRR, 305-321",163,2007,3338361741639316381,e5wmG9Sq2KIC,Andrew Ng,mG4imMEAAAAJ
Solving the problem of cascading errors: Approximate bayesian inference for linguistic annotation pipelines,"JR Finkel, CD Manning, AY Ng",Proceedings of the,2006 Conference on Empirical Methods in Natural Language …,162,2006,4238791235590134054,YFjsv_pBGBYC,Andrew Ng,mG4imMEAAAAJ
Efficient multiple hyperparameter learning for log-linear models,"C Foo, A Ng",Advances in neural information processing systems,20,161,2007,7723118511857312602,zA6iFVUQeVQC,Andrew Ng,mG4imMEAAAAJ
Bayesian estimation for autonomous object manipulation based on tactile sensors,"A Petrovskaya, O Khatib, S Thrun, AY Ng",Proceedings,2006 IEEE International Conference on Robotics and Automation …,160,2006,3896099552954036822,bEWYMUwI8FkC,Andrew Ng,mG4imMEAAAAJ
A low-cost compliant 7-DOF robotic manipulator,"M Quigley, A Asbeck, A Ng",,"2011 IEEE International Conference on Robotics and Automation, 6051-6058",158,2011,12440838951463282298,ipzZ9siozwsC,Andrew Ng,mG4imMEAAAAJ
Apprenticeship learning for motion planning with application to parking lot navigation,"P Abbeel, D Dolgov, AY Ng, S Thrun",,2008 IEEE/RSJ International Conference on Intelligent Robots and Systems …,158,2008,7861297446162484100,5Ul4iDaHHb8C,Andrew Ng,mG4imMEAAAAJ
Shaping and policy search in reinforcement learning,AY Ng,"University of California, Berkeley",,158,2003,3224332289711303388,HDshCWvjkbEC,Andrew Ng,mG4imMEAAAAJ
Simultaneous mapping and localization with sparse extended information filters: Theory and initial results,"S Thrun, D Koller, Z Ghahramani, H Durrant-Whyte, AY Ng",Algorithmic Foundations of Robotics V,363-380,155,2004,8649705370303222751,1sJd4Hv_s6UC,Andrew Ng,mG4imMEAAAAJ
Noising and denoising natural language: Diverse backtranslation for grammar correction,"Z Xie, G Genthial, S Xie, AY Ng, D Jurafsky",Proceedings of the,2018 Conference of the North American Chapter of the …,152,2018,11277403081175327223,_Ybze24A_UAC,Andrew Ng,mG4imMEAAAAJ
Learning to open new doors,"E Klingbeil, A Saxena, AY Ng",,2010 IEEE/RSJ International Conference on Intelligent Robots and Systems …,151,2010,5354124124579476723,fPk4N6BV_jEC,Andrew Ng,mG4imMEAAAAJ
Grasping novel objects with depth segmentation,"D Rao, QV Le, T Phoka, M Quigley, A Sudsang, AY Ng",,2010 IEEE/RSJ international conference on intelligent robots and systems …,149,2010,4394927379995885929,BqipwSGYUEgC,Andrew Ng,mG4imMEAAAAJ
Stair: Hardware and software architecture,"M Quigley, E Berger, AY Ng",AAAI,"2007 robotics workshop, Vancouver, BC, 31-37",144,2007,4236104948547355475,NMxIlDl6LWMC,Andrew Ng,mG4imMEAAAAJ
Grasping with application to an autonomous checkout robot,"E Klingbeil, D Rao, B Carpenter, V Ganapathi, AY Ng, O Khatib",,"2011 IEEE international conference on robotics and automation, 2837-2844",137,2011,14853428935228135805,i2xiXl-TujoC,Andrew Ng,mG4imMEAAAAJ
Learning to grasp objects with multiple contact points,"QV Le, D Kamm, AF Kara, AY Ng",,"2010 IEEE International Conference on Robotics and Automation, 5062-5069",136,2010,12959144081240460736,AvfA0Oy_GE0C,Andrew Ng,mG4imMEAAAAJ
Apprenticeship learning for helicopter control,"A Coates, P Abbeel, AY Ng",Communications of the ACM,"52 (7), 97-105",136,2009,4863351234845809846,ldfaerwXgEUC,Andrew Ng,mG4imMEAAAAJ
2003. Latent dirichlet allocation,"DM Blei, AY Ng, MI Jordan",Journal of machine Learning research,"3, 993-1022",136,2003,668442971601435812,CMvovTBb2okC,Andrew Ng,mG4imMEAAAAJ
CheXaid: deep learning assistance for physician diagnosis of tuberculosis using chest x-rays in patients with HIV,"P Rajpurkar, C O’Connell, A Schechter, N Asnani, J Li, A Kiani, RL Ball, ...",NPJ digital medicine,"3 (1), 115",134,2020,7072328694630211765,DrR-2ekChdkC,Andrew Ng,mG4imMEAAAAJ
"Machine learning yearning: Technical strategy for AI engineers, in the era of deep learning",A Ng,Self-publishing,,133,2018,7384912134012135261,AXkvAH5U_nMC,Andrew Ng,mG4imMEAAAAJ
Integrating visual and range data for robotic object detection,"S Gould, P Baumstarck, M Quigley, AY Ng, D Koller",Workshop on Multi-camera and Multi-modal Sensor Fusion Algorithms and …,,128,2008,8697531149444035311,wbdj-CoPYUoC,Andrew Ng,mG4imMEAAAAJ
Learning 3-d object orientation from images,"A Saxena, J Driemeyer, AY Ng",,"2009 IEEE International conference on robotics and automation, 794-800",125,2009,17369634882222128299,DUooU5lO8OsC,Andrew Ng,mG4imMEAAAAJ
"Learning vehicular dynamics, with application to modeling helicopters","P Abbeel, V Ganapathi, A Ng",Advances in Neural Information Processing Systems,18,125,2005,17004556581006134833,WbkHhVStYXYC,Andrew Ng,mG4imMEAAAAJ
Learning to merge word senses,"R Snow, S Prakash, D Jurafsky, AY Ng",Proceedings of the,2007 joint conference on empirical methods in natural …,120,2007,15630551601796458425,FPJr55Dyh1AC,Andrew Ng,mG4imMEAAAAJ
High-accuracy 3d sensing for mobile manipulation: Improving object detection and door opening,"M Quigley, S Batra, S Gould, E Klingbeil, Q Le, A Wellman, AY Ng",,"2009 IEEE international conference on robotics and automation, 2816-2822",119,2009,13595442281019124679,vbGhcppDl1QC,Andrew Ng,mG4imMEAAAAJ
The stanford littledog: A learning and rapid replanning approach to quadruped locomotion,"J Zico Kolter, AY Ng",The International Journal of Robotics Research,"30 (2), 150-174",118,2011,4783639854840930179,lSLTfruPkqcC,Andrew Ng,mG4imMEAAAAJ
Peripheral-Foveal Vision for Real-time Object Recognition and Tracking in Video.,"S Gould, J Arfvidsson, A Kaehler, B Sapp, M Messner, GR Bradski, ...",Ijcai,"7, 2115-2121",117,2007,7608528948724277487,vRqMK49ujn8C,Andrew Ng,mG4imMEAAAAJ
Robust textual inference via learning and abductive reasoning,"R Raina, AY Ng, CD Manning",AAAI,1099-1105,117,2005,8297717393734891505,eflP2zaiRacC,Andrew Ng,mG4imMEAAAAJ
UFLDL tutorial,"A Ng, J Ngiam, CY Foo, Y Mai, C Suen",Chapters available at http://deeplearningstanford. edu/wiki/index. php …,,111,2012,9946348281883858063,PVjk1bu6vJQC,Andrew Ng,mG4imMEAAAAJ
Learning to grasp novel objects using vision,"A Saxena, J Driemeyer, J Kearns, C Osondu, AY Ng",Experimental Robotics: The,10th International Symposium on Experimental …,110,2008,11515512076736713343,_Re3VWB3Y0AC,Andrew Ng,mG4imMEAAAAJ
AppendiXNet: deep learning for diagnosis of appendicitis from a small dataset of CT exams using video pretraining,"P Rajpurkar, A Park, J Irvin, C Chute, M Bereket, D Mastrodicasa, ...",Scientific reports,"10 (1), 3958",108,2020,1155760290646079725,HGTzPopzzJcC,Andrew Ng,mG4imMEAAAAJ
Clustering with the k-means algorithm,A Ng,Machine Learning,1-2,108,2012,6936613406346703166,UxriW0iASnsC,Andrew Ng,mG4imMEAAAAJ
Make3D: Depth Perception from a Single Still Image.,"A Saxena, M Sun, AY Ng",Aaai,"3, 1571-1576",108,2008,12655259377318890046,vDijr-p_gm4C,Andrew Ng,mG4imMEAAAAJ
"Probabilistic Mobile Manipulation in Dynamic Environments, with Application to Opening Doors.","A Petrovskaya, AY Ng",IJCAI,2178-2184,106,2007,7284969238929358312,Tiz5es2fbqcC,Andrew Ng,mG4imMEAAAAJ
Learning random walk models for inducing word dependency distributions,"K Toutanova, CD Manning, AY Ng",Proceedings of the twenty-first international conference on Machine learning …,,105,2004,7518632454212032468,l7t_Zn2s7bgC,Andrew Ng,mG4imMEAAAAJ
"A probabilistic approach to mixed open-loop and closed-loop control, with application to extreme autonomous driving","JZ Kolter, C Plagemann, DT Jackson, AY Ng, S Thrun",,"2010 IEEE International Conference on Robotics and Automation, 839-845",103,2010,5053507436893112707,SeFeTyx0c_EC,Andrew Ng,mG4imMEAAAAJ
Stereo vision and terrain modeling for quadruped robots,"JZ Kolter, Y Kim, AY Ng",,"2009 IEEE International Conference on Robotics and Automation, 1557-1564",97,2009,11894409784115904277,VLnqNzywnoUC,Andrew Ng,mG4imMEAAAAJ
Exponential Family Sparse Coding with Application to Self-taught Learning.,"H Lee, R Raina, A Teichman, AY Ng",IJCAI,"9, 1113-1119",95,2009,9658959118343996993,Mojj43d5GZwC,Andrew Ng,mG4imMEAAAAJ
Origins of the modern MOOC (xMOOC),"A Ng, J Widom","Hrsg. Fiona M. Hollands, Devayani Tirthali: MOOCs: Expectations and Reality …",,94,2014,7088449491674553008,uWQEDVKXjbEC,Andrew Ng,mG4imMEAAAAJ
Autonomous autorotation of an RC helicopter,"P Abbeel, A Coates, T Hunter, AY Ng",Experimental Robotics: The Eleventh International Symposium,385-394,94,2009,13858811900808958199,TIZ-Mc8IlK0C,Andrew Ng,mG4imMEAAAAJ
Learning sound location from a single microphone,"A Saxena, AY Ng",,"2009 IEEE International Conference on Robotics and Automation, 1737-1742",93,2009,12410179196140610334,0KyAp5RtaNEC,Andrew Ng,mG4imMEAAAAJ
Inverse Reinforcement Learning.,"P Abbeel, AY Ng",Encyclopedia of machine learning,554-558,90,2010,10157328359200457788,edDO8Oi4QzsC,Andrew Ng,mG4imMEAAAAJ
Nuts and bolts of building AI applications using Deep Learning,A Ng,NIPS Keynote Talk,64,89,2016,17109722469962685947,a9-T7VOCCH8C,Andrew Ng,mG4imMEAAAAJ
Learning new facts from knowledge bases with neural tensor networks and semantic word vectors,"D Chen, R Socher, CD Manning, AY Ng",arXiv preprint arXiv:,:1301.3618,88,2013,228525085493083731,9yKSN-GCB0IC,Andrew Ng,mG4imMEAAAAJ
Spam Deobfuscation using a Hidden Markov Model.,"H Lee, AY Ng",CEAS,,86,2005,12705405046635021446,uWiczbcajpAC,Andrew Ng,mG4imMEAAAAJ
Speech is 3x faster than typing for english and mandarin text entry on mobile devices,"S Ruan, JO Wobbrock, K Liou, A Ng, J Landay",arXiv preprint arXiv:,:1608.07323,83,2016,7256664213013874554,XiSMed-E-HIC,Andrew Ng,mG4imMEAAAAJ
Policy search via the signed derivative.,"JZ Kolter, AY Ng",Robotics: science and systems,5,83,2009,7806604205514473290,sSrBHYA8nusC,Andrew Ng,mG4imMEAAAAJ
Solving uncertain Markov decision processes,"JA Bagnell, AY Ng, JG Schneider",Carnegie Mellon University,,83,2001,6997006063031603025,SP6oXDckpogC,Andrew Ng,mG4imMEAAAAJ
Evaluation of a machine learning model based on pretreatment symptoms and electroencephalographic features to predict outcomes of antidepressant treatment in adults with …,"P Rajpurkar, J Yang, N Dass, V Vale, AS Keller, J Irvin, Z Taylor, S Basu, ...",JAMA network open,"3 (6), e206653-e206653",81,2020,4500054452418312299,5bg8sr1QxYwC,Andrew Ng,mG4imMEAAAAJ
Task-space trajectories via cubic spline optimization,"JZ Kolter, AY Ng",,"2009 IEEE international conference on robotics and automation, 1675-1682",81,2009,6117713309712270966,bFI3QPDXJZMC,Andrew Ng,mG4imMEAAAAJ
Mura dataset: Towards radiologist-level abnormality detection in musculoskeletal radiographs,"P Rajpurkar, J Irvin, A Bagul, D Ding, T Duan, H Mehta, B Yang, K Zhu, ...",Medical imaging with deep learning,,80,2017,11365579265767493433,Oo1CbQkBAzEC,Andrew Ng,mG4imMEAAAAJ
Vision-based classification of skin cancer using deep learning,"S Kalouche, A Ng, J Duchi",,"2015, conducted on Stanfords Machine Learning course (CS 229) taught",80,2016,2405685418804848756,OP4eGU-M3BUC,Andrew Ng,mG4imMEAAAAJ
Systems and methods for speech transcription,"A Hannun, C Case, J Casper, B Catanzaro, G Diamos, E Elsen, ...",US Patent,"10,540,957",79,2020,9140191626216283577,738O_yMBCRsC,Andrew Ng,mG4imMEAAAAJ
Mechatronic design of an integrated robotic hand,"M Quigley, C Salisbury, AY Ng, JK Salisbury",The International Journal of Robotics Research,"33 (5), 706-720",79,2014,15237718967776781507,ruyezt5ZtCIC,Andrew Ng,mG4imMEAAAAJ
Autonomous sign reading for semantic mapping,"C Case, B Suresh, A Coates, AY Ng",,"2011 IEEE international Conference on Robotics and Automation, 3297-3303",79,2011,3750059681476690489,iH-uZ7U-co4C,Andrew Ng,mG4imMEAAAAJ
Quadruped robot obstacle negotiation via reinforcement learning,"H Lee, Y Shen, CH Yu, G Singh, AY Ng",Proceedings,2006 IEEE International Conference on Robotics and Automation …,79,2006,209534310591274076,d1gkVwhDpl0C,Andrew Ng,mG4imMEAAAAJ
Emergence of object-selective features in unsupervised feature learning,"A Coates, A Karpathy, A Ng",Advances in Neural Information Processing Systems,25,78,2012,10794633353847907100,PR6Y55bgFSsC,Andrew Ng,mG4imMEAAAAJ
Countdown regression: sharp and calibrated survival predictions,"A Avati, T Duan, S Zhou, K Jung, NH Shah, AY Ng",Uncertainty in Artificial Intelligence,145-155,77,2020,12854697734415524962,QIV2ME_5wuYC,Andrew Ng,mG4imMEAAAAJ
Ambulatory atrial fibrillation monitoring using wearable photoplethysmography with deep learning,"Y Shen, M Voisin, A Aliamiri, A Avati, A Hannun, A Ng",Proceedings of the,25th ACM SIGKDD international conference on knowledge …,76,2019,8543561807400543188,OR75R8vi5nAC,Andrew Ng,mG4imMEAAAAJ
A vision-based system for grasping novel objects in cluttered environments,"A Saxena, L Wong, M Quigley, AY Ng",Robotics Research: The,"13th International Symposium ISRR, 337-348",74,2011,15496895790646721565,GtLg2Ama23sC,Andrew Ng,mG4imMEAAAAJ
A probabilistic model for semantic word vectors,"AL Maas, AY Ng",NIPS Workshop on Deep Learning and Unsupervised Feature Learning,1-8,73,2010,12799321088063538669,URolC5Kub84C,Andrew Ng,mG4imMEAAAAJ
Joint calibration of multiple sensors,"QV Le, AY Ng",,2009 IEEE/RSJ International Conference on Intelligent Robots and Systems …,71,2009,802335243996106426,W7OEmFMy1HYC,Andrew Ng,mG4imMEAAAAJ
Online bounds for Bayesian algorithms,"SM Kakade, A Ng",Advances in neural information processing systems,17,71,2004,18206866392676448822,a0OBvERweLwC,Andrew Ng,mG4imMEAAAAJ
Solving uncertain Markov decision problems,"J Bagnell, AY Ng, J Schneider","Robotics Institute, Carnegie Mellon University",,71,2001,17859308075541912928,QYdC8u9Cj1oC,Andrew Ng,mG4imMEAAAAJ
Artificial intelligence is the new electricity,A Ng,Presentation at the Stanford MSx future forum,,70,2017,14080980003557018203,tuHXwOkdijsC,Andrew Ng,mG4imMEAAAAJ
Multi-camera object detection for robotics,"A Coates, AY Ng",,"2010 IEEE International conference on robotics and automation, 412-419",70,2010,4643226509212744608,RYcK_YlVTxYC,Andrew Ng,mG4imMEAAAAJ
Unsupervised learning of visual invariance with temporal coherence,"WY Zou, AY Ng, K Yu",NIPS,2011 workshop on deep learning and unsupervised feature learning 3,67,2011,10780737399641436921,1yQoGdGgb4wC,Andrew Ng,mG4imMEAAAAJ
Scalable learning for object detection with GPU hardware,"A Coates, P Baumstarck, Q Le, AY Ng",,2009 IEEE/RSJ International Conference on Intelligent Robots and Systems …,66,2009,8415835969607252231,mvPsJ3kp5DgC,Andrew Ng,mG4imMEAAAAJ
Cs294a lecture notes: Sparse autoencoder,A Ng,"Lecture Notes: Sparse Autoencoder, Standford, CA, USA: Stanford Univ. Press",,65,2010,4815934141611158351,2vr6o8x5NLkC,Andrew Ng,mG4imMEAAAAJ
On local rewards and scaling distributed reinforcement learning,"D Bagnell, A Ng",Advances in Neural Information Processing Systems,18,65,2005,12782169336403918870,tkaPQYYpVKoC,Andrew Ng,mG4imMEAAAAJ
AI is the new electricity,A Ng,"O'Reilly Media, Incorporated",,64,2018,2610557257488091510,jFemdcug13IC,Andrew Ng,mG4imMEAAAAJ
Offering verified credentials in massive open online courses: Moocs and technology to advance learning and learning research (ubiquity symposium),"A Maas, C Heather, C Do, R Brandman, D Koller, A Ng",Ubiquity,"2014 (May), 1-11",64,2014,"9274782797764480740,16185641285271143983",WA5NYHcadZ8C,Andrew Ng,mG4imMEAAAAJ
Autonomous operation of novel elevators for robot navigation,"E Klingbeil, B Carpenter, O Russakovsky, AY Ng",,"2010 IEEE International Conference on Robotics and Automation, 751-758",64,2010,11366394398048240493,NJ774b8OgUMC,Andrew Ng,mG4imMEAAAAJ
"A crystal-free single-chip micro mote with integrated 802.15. 4 compatible transceiver, sub-mw ble compatible beacon transmitter, and cortex m0","F Maksimovic, B Wheeler, DC Burnett, O Khan, S Mesri, I Suciu, L Lee, ...",,"2019 Symposium on VLSI Circuits, C88-C89",63,2019,7674740152369119784,hsZV8lGYWTMC,Andrew Ng,mG4imMEAAAAJ
Convolutional deep belief networks for scalable unsupervised learning of hierarchical representations,"L Honglak, G Roger, R Rajesh, AY Ng",Proc. Int. Conf. on Machine Learning (ICML ‘,"‘09), 609-616",63,2009,10279445807099653578,vxA22ZmNLkoC,Andrew Ng,mG4imMEAAAAJ
AI transformation playbook: How to lead your company into the AI era,A Ng,Landing AI,,62,2018,6876972624024946058,mUJArPsKIAAC,Andrew Ng,mG4imMEAAAAJ
Unsupervised learning models of primary cortical receptive fields and receptive field plasticity,"M Bhand, R Mudur, B Suresh, A Saxe, A Ng",Advances in neural information processing systems,24,62,2011,15798415369974079717,5qfkUJPXOUwC,Andrew Ng,mG4imMEAAAAJ
Low-cost accelerometers for robotic manipulator perception,"M Quigley, R Brewer, SP Soundararaj, V Pradeep, Q Le, AY Ng",,2010 IEEE/RSJ International Conference on Intelligent Robots and Systems …,62,2010,18018136322368903256,HIFyuExEbWQC,Andrew Ng,mG4imMEAAAAJ
Machine learning. coursera,A Ng,Standford University,,61,2016,13684281137908240292,KI9T_ytC6pkC,Andrew Ng,mG4imMEAAAAJ
Deep speech: Scaling up end-to-end speech recognition. arXiv,"A Hannun, C Case, J Casper, B Catanzaro, G Diamos, E Elsen, ...",arXiv preprint arXiv:,:1412.5567,61,2014,13758118568413026222,LWqeokA2EBkC,Andrew Ng,mG4imMEAAAAJ
Machine Learning and AI via Brain simulations,A Ng,Accessed: May,"3, 2018",60,2013,1496082228074599323,Se3iqnhoufwC,Andrew Ng,mG4imMEAAAAJ
ICRA workshop on open source software,"M Quigley, K Conley, B Gerkey, J Faust, T Foote, J Leibs, R Wheeler, ...","Kobe, Japan",3,60,2009,13728125635282836968,yIeBiWEAh44C,Andrew Ng,mG4imMEAAAAJ
First spectroscopic imaging observations of the sun at low radio frequencies with the Murchison Widefield Array prototype,"D Oberoi, LD Matthews, IH Cairns, D Emrich, V Lobzin, CJ Lonsdale, ...",The Astrophysical Journal Letters,"728 (2), L27",59,2011,4763333176747451630,CB2v5VPnA5kC,Andrew Ng,mG4imMEAAAAJ
Clinical Value of Predicting Individual Treatment Effects for Intensive Blood Pressure Therapy: A Machine Learning Experiment to Estimate Treatment Effects from Randomized …,"T Duan, P Rajpurkar, D Laird, AY Ng, S Basu",Circulation: Cardiovascular Quality and Outcomes,"12 (3), e005010",58,2019,694823739831942985,fbc8zXXH2BUC,Andrew Ng,mG4imMEAAAAJ
K means,C Piech,CS,S221,58,2013,5582200014248011814,V_vSwabWVtYC,Andrew Ng,mG4imMEAAAAJ
Cardiologist-level arrhythmia detection with convolutional neural networks. arXiv 2017,"P Rajpurkar, AY Hannun, M Haghpanahi, C Bourn, AY Ng",arXiv preprint arXiv:,:1707.01836,56,2011,6195268989429312313,DQNrXyjhriIC,Andrew Ng,mG4imMEAAAAJ
A Fast Data Collection and Augmentation Procedure for Object Recognition.,"B Sapp, A Saxena, AY Ng",AAAI,1402-1408,56,2008,1902390045973119743,ULOm3_A8WrAC,Andrew Ng,mG4imMEAAAAJ
"Demis Hassabis, John C","D Rolnick, PL Donti, LH Kaack, K Kochanski, A Lacoste, K Sankaran, ...","Platt, Felix Creutzig, Jennifer Chayes, and Yoshua Bengio. Tackling Climate …",,54,2019,8702688142417292551,3lUAU8Oskd0C,Andrew Ng,mG4imMEAAAAJ
Policy search via density estimation,"A Ng, R Parr, D Koller",Advances in Neural Information Processing Systems,12,54,1999,12134689340021673590,_5tno0g5mFcC,Andrew Ng,mG4imMEAAAAJ
Deep learning,"A Ng, J Ngiam, CY Foo, Y Mai",CS,"S229 Lecture Notes, 1-30",53,2014,18269532755510795087,yFnVuubrUp4C,Andrew Ng,mG4imMEAAAAJ
Arrangement and method for three-dimensional depth image construction,"AY Ng, A Saxena, SH Chung, M Sun",US Patent,"8,472,699",53,2013,1848167131762576373,KlAtU1dfN6UC,Andrew Ng,mG4imMEAAAAJ
Hierarchical Bayesian models for applications in information retrieval,"DM Blei, MI Jordan, AY Ng",Bayesian statistics,"7 (2), 5-43",53,2003,1612362102881306701,F9fV5C73w3QC,Andrew Ng,mG4imMEAAAAJ
Robust textual inference using diverse knowledge sources,"R Raina, A Haghighi, C Cox, J Finkel, J Michels, K Toutanova, ...",Proc. of the,1st. PASCAL Recognision Textual Entailment Challenge Workshop …,52,2005,11560373263152774326,tzM49s52ZIMC,Andrew Ng,mG4imMEAAAAJ
Learning first-order Markov models for control,"P Abbeel, A Ng",Advances in neural information processing systems,17,52,2004,5557612827646246751,O3NaXMp0MMsC,Andrew Ng,mG4imMEAAAAJ
Surfactant cocktail-aided extraction/precipitation/on-pellet digestion strategy enables efficient and reproducible sample preparation for large-scale quantitative proteomics,"S Shen, B An, X Wang, SP Hilchey, J Li, J Cao, Y Tian, C Hu, L Jin, A Ng, ...",Analytical chemistry,"90 (17), 10350-10359",51,2018,1987496952510047266,ubry08Y2EpUC,Andrew Ng,mG4imMEAAAAJ
Tackling climate change with machine learning (2019),"D Rolnick, PL Donti, LH Kaack, K Kochanski, A Lacoste, K Sankaran, ...",arXiv preprint arxiv:,:1906.05433,51,1906,1386248851273677081,S2WlVNSe3u4C,Andrew Ng,mG4imMEAAAAJ
Effective data fusion with generalized vegetation index: Evidence from land cover segmentation in agriculture,"H Sheng, X Chen, J Su, R Rajagopal, A Ng",Proceedings of the IEEE/CVF conference on computer vision and pattern …,,50,2020,6358322113343743861,HhcuHIWmDEUC,Andrew Ng,mG4imMEAAAAJ
Advice for applying machine learning,A Ng,Machine learning,3-15,50,2011,8998174302878186853,t6usbXjVLHcC,Andrew Ng,mG4imMEAAAAJ
Learning omnidirectional path following using dimensionality reduction.,"JZ Kolter, AY Ng",Robotics: Science and systems,27-30,49,2007,6417785206467372689,xtRiw3GOFMkC,Andrew Ng,mG4imMEAAAAJ
Deep learning specialization,A Ng,Internet: https://www. coursera. org/specializations/deep-learning,,48,2017,15068077174522646295,mKu_rENv82IC,Andrew Ng,mG4imMEAAAAJ
Deep speech: scaling up end-to-end speech recognition (2014),"A Hannun, C Case, J Casper, B Catanzaro, G Diamos, E Elsen, ...",arXiv preprint arXiv:,:1412.5567,48,2014,4179500814463332981,8RAEygVn5_EC,Andrew Ng,mG4imMEAAAAJ
3-d reconstruction from sparse views using monocular vision,"A Saxena, M Sun, AY Ng",,"2007 IEEE 11th International Conference on Computer Vision, 1-8",48,2007,14247020547121884502,lmc2jWPfTJgC,Andrew Ng,mG4imMEAAAAJ
RGS12 is a critical proinflammatory factor in the pathogenesis of inflammatory arthritis via acting in Cox2-RGS12-NF kappa B pathway activation loop,"G Yuan, S Yang, S Yang, A Ng, MJ Oursler",JOURNAL OF BONE AND MINERAL RESEARCH,"34, 147-147",46,2019,13520371077539432357,-7ulzOJl1JYC,Andrew Ng,mG4imMEAAAAJ
Machine learning yearning. 2018,A Ng,URL: https://info. deeplearning. ai/machine-learning-yearning-book,,44,2017,8130463244339422798,6_hjMsCP8ZoC,Andrew Ng,mG4imMEAAAAJ
Neural networks and deep learning,"A Ng, K Katanforoosh","Coursera, https://www. coursera. org/learn/neural-networks-deep-learning",,43,2017,13718188255706943390,sszUF3NjhM4C,Andrew Ng,mG4imMEAAAAJ
Word-level acoustic modeling with convolutional vector regression,"AL Maas, SD Miller, TM O’neil, AY Ng, P Nguyen",Proc. ICML Workshop Representation Learn,,42,2012,4861744743125263032,2P1L_qKh6hAC,Andrew Ng,mG4imMEAAAAJ
RGS12 is a novel critical NF-κB activator in inflammatory arthritis,"G Yuan, S Yang, A Ng, C Fu, MJ Oursler, L Xing, S Yang",Iscience,23 (6),41,2020,7168907295620870972,w0F2JDEymm0C,Andrew Ng,mG4imMEAAAAJ
CheXpedition: Investigating generalization challenges for translation of chest X-ray algorithms to the clinical setting,"P Rajpurkar, A Joshi, A Pareek, P Chen, A Kiani, J Irvin, AY Ng, ...",arXiv preprint arXiv:,:2002.11379,41,2020,2963609698698816646,MAUkC_7iAq8C,Andrew Ng,mG4imMEAAAAJ
groupTime: preference based group scheduling,"M Brzozowski, K Carattini, SR Klemmer, P Mihelich, J Hu, AY Ng",Proceedings of the SIGCHI conference on Human Factors in computing systems …,,41,2006,10486072162561091266,VL0QpB8kHFEC,Andrew Ng,mG4imMEAAAAJ
What data scientists should know about deep learning,A Ng,speech presented at Extract Data Conference,,40,2015,15259799642859978803,RoXSNcbkSzsC,Andrew Ng,mG4imMEAAAAJ
Optimal investment with inside information and parameter uncertainty,"A Danilova, M Monoyios, A Ng",Mathematics and Financial Economics,"3, 13-38",40,2010,2593478420843900494,Ak0FvsSvgGUC,Andrew Ng,mG4imMEAAAAJ
Touch based perception for object manipulation,"A Petrovskaya, O Khatib, S Thrun, AY Ng","Robotics Science and Systems, Robot Manipulation Workshop",2-7,40,2007,6542824243757131906,P5F9QuxV20EC,Andrew Ng,mG4imMEAAAAJ
Stable adaptive control with online learning,"H Kim, A Ng",Advances in Neural Information Processing Systems,17,38,2004,11089008873039101547,u5HHmVD_uO8C,Andrew Ng,mG4imMEAAAAJ
Deep learning for class-generic object detection,"B Huval, A Coates, A Ng",arXiv preprint arXiv:,:1312.6885,37,2013,15743905856890198879,hCrLmN-GePgC,Andrew Ng,mG4imMEAAAAJ
The online revolution: Education for everyone,"D Koller, A Ng",Seminar presentation at the Said Business School,,35,2013,11785628938519604670,fEOibwPWpKIC,Andrew Ng,mG4imMEAAAAJ
The 1st agriculture-vision challenge: Methods and results,"MT Chiu, X Xu, K Wang, J Hobbs, N Hovakimyan, TS Huang, H Shi",Proceedings of the IEEE/CVF Conference on Computer Vision and Pattern …,,34,2020,890050846842652152,ce2CqMG-AY4C,Andrew Ng,mG4imMEAAAAJ
Unsupervised feature learning and deep learning,"A Ng, J Ngiam, CY Foo, Y Mai, C Suen, A Coates, A Maas, A Hannun, ...","Technical report, Stanford University",,34,2013,13329430539644811538,4MWp96NkSFoC,Andrew Ng,mG4imMEAAAAJ
Modeling cortical representational plasticity with unsupervised feature learning,"A Saxe, M Bhand, R Mudur, B Suresh, A Ng",Poster presented at COSYNE,24-27,34,2011,2053180277028109213,4TOpqqG69KYC,Andrew Ng,mG4imMEAAAAJ
A steiner tree approach to efficient object detection,"O Russakovsky, AY Ng",,2010 IEEE Computer Society Conference on Computer Vision and Pattern …,33,2010,17832811791807653727,9c2xU6iGI7YC,Andrew Ng,mG4imMEAAAAJ
"Systems, methods and devices for augmenting video content","A Saxena, S Batra, AY Ng",US Patent,"8,477,246",32,2013,6327577348588899330,abG-DnoFyZgC,Andrew Ng,mG4imMEAAAAJ
A Factor Graph Model for Software Bug Finding.,"T Kremenek, AY Ng, DR Engler",IJCAI,2510-2516,32,2007,8149314384054416204,D_sINldO8mEC,Andrew Ng,mG4imMEAAAAJ
Evaluating the disentanglement of deep generative models through manifold topology,"S Zhou, E Zelikman, F Lu, AY Ng, G Carlsson, S Ermon",arXiv preprint arXiv:,:2006.03680,31,2020,8056390107725360961,F2UWTTQJPOcC,Andrew Ng,mG4imMEAAAAJ
Machine learning by stanford university,A Ng,,10th February,31,2018,1741765326280602986,kRWSkSYxWN8C,Andrew Ng,mG4imMEAAAAJ
CS294A Lecture notes,"A Ng, S Autoencoder",Dosegljivo: https://web. stanford. edu/class/cs,s294a …,31,2011,14697111310648047398,S16KYo8Pm5AC,Andrew Ng,mG4imMEAAAAJ
DeepWind: Weakly supervised localization of wind turbines in satellite imagery,"S Zhou, J Irvin, Z Wang, E Zhang, J Aljubran, W Deadrick, R Rajagopal, ...",Proc. CVPR,"4, 23-32",31,2009,13045880226965795,jE2MZjpN3IcC,Andrew Ng,mG4imMEAAAAJ
Transfer learning by constructing informative priors,"R Raina, AY Ng, D Koller",Proceedings of ICML,,31,2006,1724890084639916849,3fE2CSJIrl8C,Andrew Ng,mG4imMEAAAAJ
The state of artificial intelligence,A Ng,Andrew Ng at MIT EmTech,7,30,2017,16272692540594951793,kF1pexMAQbMC,Andrew Ng,mG4imMEAAAAJ
"Improving deep neural networks: Hyperparameter tuning, regularization and optimization",A Ng,Deeplearning. ai on Coursera,,30,2017,6653152836421209110,PyEswDtIyv0C,Andrew Ng,mG4imMEAAAAJ
Evaluating image similarity,"Y Song, CJ Rosenberg, AYT Ng, B Chen",US Patent,"8,831,358",30,2014,3568290089444167374,4JMBOYKVnBMC,Andrew Ng,mG4imMEAAAAJ
Have we met? MDP based speaker ID for robot dialogue.,"F Krsmanovic, C Spencer, D Jurafsky, AY Ng",INTERSPEECH,461-464,30,2006,16249105571287628504,9pM33mqn1YgC,Andrew Ng,mG4imMEAAAAJ
Applying online search techniques to continuous-state reinforcement learning,"S Davies, AY Ng, A Moore",AAAI/IAAI,753-760,30,1998,8505822593606679512,V3AGJWp-ZtQC,Andrew Ng,mG4imMEAAAAJ
Deep learning assistance for the histopathologic diagnosis of Helicobacter pylori,"S Zhou, H Marklund, O Blaha, M Desai, B Martin, D Bingham, GJ Berry, ...",Intelligence-Based Medicine,"1, 100004",29,2020,6193541359086972581,HJSXoJQnj-YC,Andrew Ng,mG4imMEAAAAJ
Machine learning yearning. deeplearning. ai,A Ng,"URL: https://www. deepl earni ng. ai, https://github. com/ajaym ache/machi …",,29,2018,11491851867042686868,2l5NCbZemmgC,Andrew Ng,mG4imMEAAAAJ
Recurrent neural network feature enhancement: The 2nd CHiME challenge,"AL Maas, TM O’Neil, AY Hannun, AY Ng",Proceedings The,2nd CHiME Workshop on Machine Listening in Multisource …,29,2013,5618412302044899633,yD5IFk8b50cC,Andrew Ng,mG4imMEAAAAJ
Breast density scoring with multiscale denoising autoencoders,"K Petersen, K Chernoff, M Nielsen, AY Ng",Proc. STMI Workshop at,15th Int. Conf. Medical Image Computing and Computer …,27,2012,12195905815572879192,9Nmd_mFXekcC,Andrew Ng,mG4imMEAAAAJ
A majorization-minimization algorithm for (multiple) hyperparameter learning,"CS Foo, CB Do, AY Ng",Proceedings of the,26th Annual International Conference on Machine Learning …,27,2009,4440578459418679703,GnPB-g6toBAC,Andrew Ng,mG4imMEAAAAJ
"Convergence rates of the Voting Gibbs classi er, with application to Bayesian feature selection","AY Ng, MI Jordan",,,27,2001,5180920599356787105,EUQCXRtRnyEC,Andrew Ng,mG4imMEAAAAJ
AI for Everyone,A Ng,"online MOOC, https://www. deeplearning. ai/ai-foreveryone/, accessed",18,26,2019,4071814029478201678,rTD5ala9j4wC,Andrew Ng,mG4imMEAAAAJ
How to choose your first AI project,A Ng,Harvard Business Review,2,25,2019,7884859274163935566,AYInfyleIOsC,Andrew Ng,mG4imMEAAAAJ
The stair vision library (v2. 4),"S Gould, O Russakovsky, I Goodfellow, P Baumstarck, AY Ng, D Koller",,,25,2009,13735213312795317192,ILKRHgRFtOwC,Andrew Ng,mG4imMEAAAAJ
Space-indexed dynamic programming: learning to follow trajectories,"JZ Kolter, A Coates, AY Ng, Y Gu, C DuHadway",Proceedings of the,"25th international conference on Machine learning, 488-495",24,2008,10147033902989688212,dTyEYWd-f8wC,Andrew Ng,mG4imMEAAAAJ
Short-term solar irradiance forecasting using calibrated probabilistic models,"E Zelikman, S Zhou, J Irvin, C Raterink, H Sheng, A Avati, J Kelly, ...",arXiv preprint arXiv:,:2010.04715,23,2020,17022418745363065276,jSAVyFp_754C,Andrew Ng,mG4imMEAAAAJ
Active perception: Interactive manipulation for improving object detection,"QV Le, A Saxena, AY Ng",Standford University Journal,3,23,2008,784033734483659828,Tyk-4Ss8FVUC,Andrew Ng,mG4imMEAAAAJ
Approximate inference a lgorithms for two-layer bayesian networks,"A Ng, M Jordan",Advances in neural information processing systems,12,23,1999,12035539299271091064,qUcmZB5y_30C,Andrew Ng,mG4imMEAAAAJ
Artificial intelligence: the new electricity,"C Jewell, A Ng",WIPO MAGAZINE,",(3), 2-6",22,2019,12709322917115956074,ifOnle78iJkC,Andrew Ng,mG4imMEAAAAJ
Machine learning yearning: technical strategy for AI engineers in the era of deep learning. 2019,A Ng,to appear,,22,2018,17583376673696784917,UmS_249rOGwC,Andrew Ng,mG4imMEAAAAJ
Cs 229 lecture notes: Support vector machines,A Ng,University Lecture notes,,22,2012,18378195923765899359,ODE9OILHJdcC,Andrew Ng,mG4imMEAAAAJ
Autonomous Helicopter Flight Using Reinforcement Learning.,"A Coates, P Abbeel, AY Ng",Encyclopedia of Machine Learning,53-61,22,2010,18205176902372340867,N5tVd3kTz84C,Andrew Ng,mG4imMEAAAAJ
Generative learning algorithms,A Ng,Stanford Lecture Notes,5 (4),20,2008,7913334933661886608,fQNAKQ3IYiAC,Andrew Ng,mG4imMEAAAAJ
Autonomous helicopter tracking and localization using a self-surveying camera array,"M Matsuoka, A Chen, SPN Singh, A Coates, AY Ng, S Thrun",The International Journal of Robotics Research,"26 (2), 205-215",20,2007,7886515483187940433,LPZeul_q3PIC,Andrew Ng,mG4imMEAAAAJ
CS229 course notes: Deep learning,A Ng,"Dept. Comput. Sci., Stanford Univ., Stanford, CA, USA, Tech. Rep",,19,2018,10594525536705874351,g5Ck-dwhA_QC,Andrew Ng,mG4imMEAAAAJ
Deep learning for the digital pathologic diagnosis of cholangiocarcinoma and hepatocellular carcinoma: evaluating the impact of a web-based diagnostic assistant,"B Uyumazturk, A Kiani, P Rajpurkar, A Wang, RL Ball, R Gao, Y Yu, ...",arXiv preprint arXiv:,:1911.07372,17,2019,10525037785402701372,XUvXOeBm_78C,Andrew Ng,mG4imMEAAAAJ
A low-power optical receiver for contact-free programming and 3D localization of autonomous microsystems,"B Wheeler, A Ng, B Kilberg, F Maksimovic, KSJ Pister",,"2019 IEEE 10th Annual Ubiquitous Computing, Electronics & Mobile …",17,2019,4020865247288247016,Br1UauaknNIC,Andrew Ng,mG4imMEAAAAJ
Distribution of parameter calculation for iterative optimization methods,"R Monga, X Wu, AYT Ng",US Patent,"9,015,083",17,2015,13000403363308799427,BUYA1_V_uYcC,Andrew Ng,mG4imMEAAAAJ
Open-loop plans in multi-robot POMDPs,"C Yu, J Chuang, B Gerkey, G Gordon, A Ng","Technical report, Stanford CS Dept, Tech. Rep.",,17,2005,16337556455634082117,_FM0Bhl9EiAC,Andrew Ng,mG4imMEAAAAJ
Weiss YJAinips On spectral clustering: analysis and an algorithm,"AY Ng, MI Jordan",,,17,2002,1381517164477640660,cRMvf6lLvU8C,Andrew Ng,mG4imMEAAAAJ
Hiring your first chief AI officer,A Ng,Harvard Business Review,"2, 100-107",16,2016,2830727318348286643,DBa1UEJaJKAC,Andrew Ng,mG4imMEAAAAJ
Ion-current-based temporal proteomic profiling of influenza-a-virus-infected mouse lungs revealed underlying mechanisms of altered integrity of the lung microvascular barrier,"S Shen, J Li, S Hilchey, X Shen, C Tu, X Qiu, A Ng, S Ghaemmaghami, ...",Journal of proteome research,"15 (2), 540-553",16,2016,5218028915979747046,jgBuDB5drN8C,Andrew Ng,mG4imMEAAAAJ
Mixtures of Gaussians and the EM algorithm,A Ng,"Lecture Notes on Machine Learning, Stanford University, Stanford, CA",,16,2016,3246992962305459842,TQgYirikUcIC,Andrew Ng,mG4imMEAAAAJ
Multi-dimensional sentiment analysis with learned representations,"AL Maas, AY Ng, C Potts",Stanford Univ Zugriff am,"9, 2014",16,2011,697660519427681288,zYLM7Y9cAGgC,Andrew Ng,mG4imMEAAAAJ
The stair vision library,"S Gould, O Russakovsky, I Goodfellow, P Baumstarck, AY Ng, D Koller",,,15,2010,12367074528297262920,yB1At4FlUx8C,Andrew Ng,mG4imMEAAAAJ
Neural text style transfer via denoising and reranking,"J Lee, Z Xie, C Wang, M Drach, D Jurafsky, AY Ng",Proceedings of the Workshop on Methods for Optimizing and Evaluating Neural …,,14,2019,16855646473170055515,6yz0xqPARnAC,Andrew Ng,mG4imMEAAAAJ
i23-Rapid Interactive 3D Reconstruction from a Single Image.,"S Srivastava, A Saxena, C Theobalt, S Thrun, AY Ng",VMV,19-28,14,2009,16013305647281512487,YohjEiUPhakC,Andrew Ng,mG4imMEAAAAJ
CS230 Deep Learning,"A Ng, K Katanforoosh","Course Notes, Stanford University",,13,2018,16283812616561326699,rqnDXT1GswoC,Andrew Ng,mG4imMEAAAAJ
The online revolution: Learning without limits,"D Koller, A Ng",Proceedings of the,20th International Conference for Online Learning,13,2013,1691201874156177269,MXK_kJrjxJIC,Andrew Ng,mG4imMEAAAAJ
Learning from moocs,A Ng,Inside Higher Ed,24 (1),13,2013,18132037452226565181,cWzG1nlazyYC,Andrew Ng,mG4imMEAAAAJ
A chat with andrew on MLOps: From model-centric to data-centric AI. 2021,A Ng,URL: https://www. youtube. com/,/06-AZXmwHj,13,NA,15080767625529391000,as0KMg8qHbkC,Andrew Ng,mG4imMEAAAAJ
Using large-scale brain simulations for machine learning and AI,"J Dean, A Ng",Official Google Blog. Retrieved,"26, 2015",12,2015,10772515558105851755,q-HalDI95KYC,Andrew Ng,mG4imMEAAAAJ
Sequence models,"A Ng, K Katanforoosh, Y Mourri",Deeplearning. ai on Coursera,,11,2018,13002399946286407986,pS0ncopqnHgC,Andrew Ng,mG4imMEAAAAJ
Coursera-machine learning,A Ng,URL https://www. coursera. org/learn/machine-learning.[abgerufen am,2017-05-31],10,2020,2548481676628289237,U_HPUtbDl20C,Andrew Ng,mG4imMEAAAAJ
"Convolutional neural networks, deep learning","A Ng, K Kian, B Younes",Coursera and deeplearning. ai,,10,2018,17851929629294195971,tHtfpZlB6tUC,Andrew Ng,mG4imMEAAAAJ
Andrew Ng: Artificial intelligence is the new electricity,A Ng,YouTube,,10,2017,13272482632907350165,qE4H1tSSYIIC,Andrew Ng,mG4imMEAAAAJ
Nuts and bolts of applying deep learning,A Ng,"Bay Area Deep Learning School, Stanford University, CA. Conference Lecture …",,10,2016,3713885126034004015,-jrNzM816MMC,Andrew Ng,mG4imMEAAAAJ
What AI Can and Can’t Do,A Ng,"Harvard Business Review, Boston",,10,2015,18353995510867232904,2ywjKiB__4kC,Andrew Ng,mG4imMEAAAAJ
Origins of the Modern MOOC,"A Ng, J Widom","Palo Alto, CA, available at: www. robotics. stanford. edu/ang/papers/mooc",c14 …,10,2014,6641354380471932903,BPS1z4jHU5cC,Andrew Ng,mG4imMEAAAAJ
Identity verification for online education,"B Suresh, CB Heather, J Ngiam, M Kim, PS Fox, AYT Ng",US Patent,"9,342,675",9,2016,4807217605677734991,vV6vV6tmYwMC,Andrew Ng,mG4imMEAAAAJ
"‘Machine learning yearning: Technical strategy for AI engineers, in the era of deep learning, draft version 0.5",A Ng,"Harvard Bus. Publishing, Boston, MA, USA, Tech. Rep",,9,2016,7025716914966219098,LK8CI43ZvvMC,Andrew Ng,mG4imMEAAAAJ
Machine learning lectures,A Ng,Youtube channel Artificial Intelligence-All in One,,9,2016,14449794254854028312,SGW5VrABaM0C,Andrew Ng,mG4imMEAAAAJ
Moocs: the Coming Revolutions,"D Koller, A Ng",Educause Seminar [Video],,9,2012,14444354760288616063,nWoA1JPTheMC,Andrew Ng,mG4imMEAAAAJ
Introduction to machine learning,A Ng,Coursera,,9,2011,17157018608404621317,hvmnpdAuIbkC,Andrew Ng,mG4imMEAAAAJ
Why is deep learning taking off,A Ng,Technical Report Coursera,,9,2011,1446667383052077093,SIv7DqKytYAC,Andrew Ng,mG4imMEAAAAJ
Reinforcement learning and apprenticeship learning for robotic control,AY Ng,International Conference on Algorithmic Learning Theory,29-31,9,2006,14253010276212583509,LI9QrySNdTsC,Andrew Ng,mG4imMEAAAAJ
"AI transformation playbook. Landing AI, 13 December",A Ng,,,8,2020,8233463381482329382,EPG8bYD4jVwC,Andrew Ng,mG4imMEAAAAJ
Machine Learning Yearning. deeplearning. ai; 2017,A Ng,Accessed May,11,8,2019,5828710022717781818,PuOEWVtPfzwC,Andrew Ng,mG4imMEAAAAJ
"Sequence Models, Deep Learning","A Ng, K Kian, B Younes",Coursera and Deeplearning. ai,,8,2018,2151872466821225419,Kqc1aDSOPooC,Andrew Ng,mG4imMEAAAAJ
The online revolution: education for everyone.,"AY Ng, D Koller",CIKM,1913-1914,8,2013,15861880095403362550,86PQX7AUzd4C,Andrew Ng,mG4imMEAAAAJ
Retention and Intention in Massive Open Online Courses: In Depth (EDUCAUSE Review),"D Koller, A Ng, C Do, Z Chen",Retrieved Jan,,8,2013,2612903062886435634,q1zXlPLtbUIC,Andrew Ng,mG4imMEAAAAJ
Optimal exercise of an executive stock option by an insider,"M Monoyios, A Ng",International Journal of Theoretical and Applied Finance,"14 (01), 83-106",8,2011,16850507927304005942,Bg7qf7VwUHIC,Andrew Ng,mG4imMEAAAAJ
"Guest editorial: Special issue on robot learning, Part A","J Peters, AY Ng",Autonomous robots,"27, 1-2",8,2009,16912173122697952381,0izLItjtcgwC,Andrew Ng,mG4imMEAAAAJ
Why AI is the new electricity (2017),A Ng,O'Reilly Media,,8,NA,6321174329453910735,l6Q3WhenKVUC,Andrew Ng,mG4imMEAAAAJ
Machine learning yearning-draft,A Ng,Andrew Ng (in en),,7,2018,2003279241317793624,N4u4nq0IxgcC,Andrew Ng,mG4imMEAAAAJ
deeplearning. ai.“,A Ng,Deep Learning Specialization.” coursera. org/specializations/deep-learning,,7,2017,12878040797198692934,w2UhwfzvF0QC,Andrew Ng,mG4imMEAAAAJ
Deep Learning: What's Next,A Ng,Proceedings of the,2016 International Conference on Autonomous Agents …,7,2016,18057709229564148454,4vMrXwiscB8C,Andrew Ng,mG4imMEAAAAJ
The online revolution: Education at scale,"D Koller, A Ng",L Educ,,7,2012,10102180303727340378,LPtt_HFRSbwC,Andrew Ng,mG4imMEAAAAJ
Machine learning specialization,"A Ng, A Bagul, G Ladwig, E Shyu","Coursera, https://www. coursera. org/specializations/machine-learning …",,7,2012,16110425057382869616,wGzT3bKASkAC,Andrew Ng,mG4imMEAAAAJ
Lecture notes for machine learning,A Ng,Stanford University cs,s229,7,2010,10244803561157098110,DkZNVXde3BIC,Andrew Ng,mG4imMEAAAAJ
Portable GPS Baseband Logging,"M Quigley, P Abbeel, D De Lorenzo, Y Gu, S Bolouki, D Akos, AY Ng",Proceedings of the,20th International Technical Meeting of the Satellite …,7,2007,1600844634722617540,hqOjcs7Dif8C,Andrew Ng,mG4imMEAAAAJ
Andrew Ng–The State of Artificial Intelligence,A Ng,YouTube. com,,7,NA,8054190036784904179,NDuN12AVoxsC,Andrew Ng,mG4imMEAAAAJ
Predicting inpatient discharge prioritization with electronic health records,"A Avati, S Pfohl, C Lin, T Nguyen, M Zhang, P Hwang, J Wetstone, K Jung, ...",arXiv preprint arXiv:,:1812.00371,6,2018,14914035678363545906,KbBQZpvPDL4C,Andrew Ng,mG4imMEAAAAJ
Neural Networks and Deep Learning| Coursera,A Ng,,,6,2017,1494580735483810618,N6_Y7JlWxwsC,Andrew Ng,mG4imMEAAAAJ
Why does batch norm work,A Ng,Deeplearning. ai,,6,2017,16589691830715481885,GYcXSSpN504C,Andrew Ng,mG4imMEAAAAJ
Andrew Ng: What AI Can and Can’t Do,A Ng,Harvard Business Review. November,"9, 2016",6,2016,12637236859946986947,YsrPvlHIBpEC,Andrew Ng,mG4imMEAAAAJ
Driverseat: Crowdstrapping learning tasks for autonomous driving,"P Rajpurkar, T Migimatsu, J Kiske, R Cheng-Yue, S Tandon, T Wang, ...",arXiv preprint arXiv:,:1512.01872,6,2015,13340525283845481673,BwyfMAYsbu0C,Andrew Ng,mG4imMEAAAAJ
Stanford machine learning,A Ng,Coursera Lecture Notes,,6,2012,4004409185523500241,GiYFt9mpioMC,Andrew Ng,mG4imMEAAAAJ
Support vector machines (Part V of CS229 machine learning course materials),A Ng,May,13 (05),6,2010,12696174735982843580,hNSvKAmkeYkC,Andrew Ng,mG4imMEAAAAJ
Robotic grasping on the Stanford artificial intelligence robot,"L Wong, AY Ng",,,6,2008,13948685212530645080,kuK5TVdYjLIC,Andrew Ng,mG4imMEAAAAJ
Coursera. Model Selection and Train/Validation/Test Sets,A Ng,,,5,2019,7976224921101889135,gV6rEsy15s0C,Andrew Ng,mG4imMEAAAAJ
Improving Deep Neural Networks: Hyper parameter tuning,"A Ng, K Katanforoosh, YB Mourri",Regularization and Optimization,,5,2019,2775785408057352559,AZju0d2GQJ0C,Andrew Ng,mG4imMEAAAAJ
Deep learning specialization. Coursera,A Ng,,,5,2018,17519138197501147441,eI34FqJmdUoC,Andrew Ng,mG4imMEAAAAJ
Coursera Machine Learning courses,AY Ng,URL: https://www. coursera. org/learn/machine-learning,,5,2012,12193629415296914897,j5aT6aphRxQC,Andrew Ng,mG4imMEAAAAJ
"Cs294a lecture notes, 2011",A Ng,,,5,2011,14281487422583462418,lbI08cpqPnQC,Andrew Ng,mG4imMEAAAAJ
Ufldl tutorial on neural networks,"N Andrew, N Jiquan, F Chuan Yu, M Yifan, S Caroline",Ufldl Tutorial on Neural Networks,,5,2011,11534938042776892183,uDGL6kOW6j0C,Andrew Ng,mG4imMEAAAAJ
A graphical framework for contextual search and name disambiguation in email,"E Minkov, W Cohen, AY Ng",Proceedings of TextGraphs: the First Workshop on Graph Based Methods for …,,5,2006,3065380740943785499,-f6ydRqryjwC,Andrew Ng,mG4imMEAAAAJ
AI transformation playbook. How to lead your company into the AI era. Landing AI,A Ng,,,4,2020,8183165925139942485,TGkaJS32XoUC,Andrew Ng,mG4imMEAAAAJ
Autonomous Helicopter Tracking and Localization Using a Self-Calibrating Camera Array,"M Matsuoka, A Chen, SPN Singh",Proceedings of the Fifih International Conference on Field Service Robotics,,4,2005,16785135042011835282,u-coK7KVo8oC,Andrew Ng,mG4imMEAAAAJ
Linear regression,SH Na,,,3,2018,814198986252363285,RGFaLdJalmkC,Andrew Ng,mG4imMEAAAAJ
CS 229,"A Ng, D Boneh","Course Notes (Stanford University, Stanford, CA",2014),3,2017,14331326848065125303,adHtZc2wMuEC,Andrew Ng,mG4imMEAAAAJ
Logistic Regression,"A Ng, J Ngiam, CY Foo",unpublished,,3,2017,4709577493927919459,Xz60mAmATU4C,Andrew Ng,mG4imMEAAAAJ
Y. 2009. Convolutional deep belief networks for scalable unsupervised learning of hierarchical representations,"H Lee, R Grosse, R Ranganath, A Ng",Proc. of the,26th International Conference on Machine Learning (ICML’09),3,2009,7555762556617848183,PVqtIyvKoSUC,Andrew Ng,mG4imMEAAAAJ
STAIR: The STanford Artificial Intelligence Robot project,"AY Ng, S Gould, M Quigley, A Saxena, E Berger",Snowbird Workshop,,3,2008,17073307676565793610,NXb4pA-qfm4C,Andrew Ng,mG4imMEAAAAJ
Reinforcement learning with multiple demonstrations,"A Coates, P Abbeel, AY Ng",The Twenty-first Annual Conference on Neural Information Processing Systems …,,3,2007,14036348684555915756,b1wdh0AR-JQC,Andrew Ng,mG4imMEAAAAJ
Autonomous aerobatic airplane control with reinforcement learning,"J De Becdelievre, K Poulet, B Bevillard, A Ng, J Duchi","Stanford University, CS",S299: Machine Learning—Final Report,2,2016,1603611490284941536,0EnyYjriUFMC,Andrew Ng,mG4imMEAAAAJ
Learning for control from multiple demonstrations (Full version),"A Coates, P Abbeel, AY Ng",,,2,2008,7845586120304115430,8AbLer7MMksC,Andrew Ng,mG4imMEAAAAJ
Optical Illusion,"S Bolouki, R Grosse, H Lee, A Ng","Standford University, Stanford",,2,2007,18248242352959660985,bKqednn6t2AC,Andrew Ng,mG4imMEAAAAJ
Exploring the Utility of ResearchCyc for Reasoning from Natural Language,"CD Manning, AY Ng","tech. rep., Leland Junior Stanford University",,2,2006,10874924959598665925,dQ2og3OwTAUC,Andrew Ng,mG4imMEAAAAJ
Sparse sampling methods for planning and learning in large and partially observable markov decision processes,"M Kearns, Y Mansour, A Ng",Draft Report,,2,1998,7557389298147793689,tOudhMTPpwUC,Andrew Ng,mG4imMEAAAAJ
Ultrasonic Sensor Network: Target Localization with Passive Self-Localization,"A Saxena, A Ng",Project Report,,2,NA,13756308081875981538,g3aElNc5_aQC,Andrew Ng,mG4imMEAAAAJ
GloFlow: Global Image Alignment for Creation of Whole Slide Images for Pathology from Video,"V Krishna, A Joshi, PL Bulterys, E Yang, AY Ng, P Rajpurkar",arXiv preprint arXiv:,:2010.15269,1,2020,1630808144098301564,Hck25ST_3aIC,Andrew Ng,mG4imMEAAAAJ
PD60-05 automated detection of prostate cancer on multiparametric MRI using deep neural networks trained on spatial coordinates and pathology of biopsy cores,"L Chen, N Bien, R Fan, R Cheong, P Rajpurkar, A Thong, N Wang, ...",Journal of Urology,"201, e1098",1,2019,5863188548241575118,gVv57TyPmFsC,Andrew Ng,mG4imMEAAAAJ
Emotion classification on face images,"M Jorda, N Miolane, A Ng","Stanford University, CS",S229: Machine Learning Techniques project report,1,2015,1856057417712841806,Zph67rFs4hoC,Andrew Ng,mG4imMEAAAAJ
Classifying News for Topic and Sentiment,"T Atwood, M de Lascurain, J Smith, A Ng",Twelfth annual CS,S229 Machine Learning poster session,1,2013,12533560264834575159,EkHepimYqZsC,Andrew Ng,mG4imMEAAAAJ
Supplementary Material: Unsupervised learning models of primary cortical receptive fields and receptive field plasticity,"A Saxe, M Bhand, R Mudur, B Suresh, AY Ng",stanford. edu,,1,2011,3996558502307780643,PoWvk5oyLR8C,Andrew Ng,mG4imMEAAAAJ
The International Journal of Robotics,"A Saxena, J Driemeyer, AY Ng",The International Journal of Robotics Research,"27 (2), 157-173",1,2008,12581338330383157117,zLWjf1WUPmwC,Andrew Ng,mG4imMEAAAAJ
Rapid interactive 3d reconstruction from a single still image,"A Saxena, N Senaratna, S Srivastava, AY Ng",SIGGRAPH Late Breaking Research,,1,2008,8371996097827307170,q3oQSFYPqjQC,Andrew Ng,mG4imMEAAAAJ
Titan's magnetospheric interaction,"Y Ma, CT Russell, NF Andrew, TE Cravens, FM Neubauer, MK Dougherty, ...",AGU Fall Meeting Abstracts,"2007, P51D-03",1,2007,10772268799715892751,ZuybSZzF8UAC,Andrew Ng,mG4imMEAAAAJ
A Complete Control Architecture for Quadruped Locomotion Over Rough Terrain,"JZ Kolter, MP Rodgers, AY Ng",,,1,NA,11490529772963327122,8xutWZnSdmoC,Andrew Ng,mG4imMEAAAAJ
Supplementary Material: Recursive Deep Models for Semantic Compositionality Over a Sentiment Treebank,"R Socher, A Perelygin, JY Wu, J Chuang, CD Manning, AY Ng, C Potts",Tit: The Stanford Sentiment Treebank,,1,NA,9715256103813202540,eMMeJKvmdy0C,Andrew Ng,mG4imMEAAAAJ
Game Theory with Restricted Strategies,"M Kearns, Y Mansour, AY Ng, S Singh",URL: https://www. cis. upenn. edu/~ mkearns/teaching/cgt/resgames. ps,,1,NA,1686720996955308373,8k81kl-MbHgC,Andrew Ng,mG4imMEAAAAJ
Deep learning-based Helicobacter pylori detection for histopathology: A diagnostic study,"S Zhou, H Marklund, O Blaha, M Desai, B Martin, D Bingham, GJ Berry, ...",medRxiv,2020.08. 23.20179010,0,2020,NA,69ZgNCALVd0C,Andrew Ng,mG4imMEAAAAJ
The 1st Agriculture-Vision Challenge: Methods and Results,"M Tik Chiu, X Xu, K Wang, J Hobbs, N Hovakimyan, TS Huang, H Shi, ...","arXiv e-prints, arXiv:",2004.09754,0,2020,NA,uVUOdF_882EC,Andrew Ng,mG4imMEAAAAJ
FLUXNET Methane Synthesis: Modeling Wetland Methane Fluxes from Sites to the Globe,"G McNicol, E Fluet-Chouinard, Z Zhang, J Irvin, S Zhou, F Lu, A Kondrich, ...",AGU Fall Meeting Abstracts,"2019, B13O-2502",0,2019,NA,owLR8QvbtFgC,Andrew Ng,mG4imMEAAAAJ
Rgs12 enhances osteoclastogenesis by suppressing Nrf2 activity and promoting the formation of reactive oxygen species,"AYH Ng, Z Li, MM Jones, C Tu, MJ Oursler, J Qu, S Yang",bioRxiv,470542,0,2018,NA,zCSUwVk65WsC,Andrew Ng,mG4imMEAAAAJ
Project Final Report,"B Ni, D Wugofski, Z Shi, A Ng, J Duchi",,,0,2016,NA,Ade32sEp0pkC,Andrew Ng,mG4imMEAAAAJ
Predicting Volatility in Equity Markets Using Macroeconomic News,"C Campbell, R Jiang, W Wright, A Ng",,,0,2015,NA,-_dYPAW6P2MC,Andrew Ng,mG4imMEAAAAJ
Proceedings of the Twenty-Fifth Conference on Uncertainty in Artificial Intelligence (2009),"J Bilmes, A Ng",arXiv preprint arXiv:,:1206.3959,0,2012,NA,HbR8gkJAVGIC,Andrew Ng,mG4imMEAAAAJ
Large-Scale Learning for Vision with GPUs,"A Coates, R Raina, AY Ng",Scaling up Machine Learning: Parallel and Distributed Approaches,373,0,2011,NA,b0M2c_1WBrUC,Andrew Ng,mG4imMEAAAAJ
Low-Cost Manipulation Powered by ROS.,"M Quigley, AT Asbeck, AY Ng",Enabling Intelligence through Middleware,,0,2010,NA,XD-gHx7UXLsC,Andrew Ng,mG4imMEAAAAJ
Value Iteration and DDP for an Inverted Pendulum,"GM Horn, A Ng",,,0,2009,NA,7PzlFSSx8tAC,Andrew Ng,mG4imMEAAAAJ
INTERNET ARTICLE COMMENT CLASSIFIER,"M Jones, E Ma, P Vasudevan, CS Stanford, A Ng",,,0,2008,NA,PELIpwtuRlgC,Andrew Ng,mG4imMEAAAAJ
"Autonomous Helicopter Tracking and Localization Using a Self-Surveying Camera Array Masayoshi Matsuoka, Alan Chen, Surya PN Singh, Adam Coates, Andrew Y. Ng, and Sebastian Thrun",AY Ng,Field and Service Robotics: Results of the,"5th International Conference 25, 19",0,2006,NA,qCpRzq7zkD8C,Andrew Ng,mG4imMEAAAAJ
The First Conference on E‐mail and Anti‐Spam,"D Heckerman, T Berson, J Goodman, A Ng",AI Magazine,"26 (1), 96-96",0,2005,NA,umqufdRvDiIC,Andrew Ng,mG4imMEAAAAJ
Sebastian Thrun,"Y Liu, D Koller, AY Ng, Z Ghahramani, H Durrant-Whyte",The International Journal of Robotics Research,"23 (7-8), 693-716",0,2004,NA,6ZxmRoH8BuwC,Andrew Ng,mG4imMEAAAAJ
"BAYESIAN STATISTICS 7, PP. 25-43","DM BLEI, MI JORDAN, AY NG",Bayesian Statistics,7: Proceedings of the Seventh Valencia International …,0,2003,NA,hfzGNhXhx5MC,Andrew Ng,mG4imMEAAAAJ
A cooperative expert system architecture for embedded avionics,A Ng,Proceedings of the IEEE,1988 National Aerospace and Electronics Conference …,0,1988,NA,DyXnQzXoVgIC,Andrew Ng,mG4imMEAAAAJ
The Stratospheric Aerosol Injection (SAI) Simulator: An Open-Source Web Tool for Exploring Climate and SAI Deployment Scenarios,"C Beall, JA Irvin, J Dexheimer, D Gruener, AY Ng, D Watson-Parris, ...",Available at SSRN,520073,0,NA,NA,mVC4hKzE2FoC,Andrew Ng,mG4imMEAAAAJ
Decoding Dining Delight: Correlating Operational and Service Metrics with Restaurant Ratings,"S Yang, X He, R Alghamdi, M Chida, A Ng",,,0,NA,NA,3MwzVuqRcA0C,Andrew Ng,mG4imMEAAAAJ
40.1 A brief history of machine learning,"M Devin, G Corrado, K Chen, J Dean, AY Ng, BHLFU Large",,,0,NA,NA,hHIA4WEVY-EC,Andrew Ng,mG4imMEAAAAJ
Text Detectionand Character Recognitionin Scene Images with Unsupervised Feature Learning,"A Coates, B Carpenter, C Case, S Satheesh, B Suresh, T Wang, DJ Wu, ...",,,0,NA,NA,q0uBw5dMOAkC,Andrew Ng,mG4imMEAAAAJ
Morphological features computed using deep learning for an annotated digital DLBCL image set,"D Vrabac, A Smit, R Rojansky, Y Natkunam, RH Advani, AY Ng, ...",,,0,NA,NA,LXmCCkuhhTsC,Andrew Ng,mG4imMEAAAAJ
Haptic Belt with Pedestrian Detection,"VL Quoc, M Quigley, J Feng, J Chen, WY Zou, M Rasi, T Low, AY Ng",,,0,NA,NA,nVrZBo8bIpAC,Andrew Ng,mG4imMEAAAAJ
Appendix to Policy Search via the Signed Derivative,"JZ Kolter, AY Ng",,,0,NA,NA,mlAyqtXpCwEC,Andrew Ng,mG4imMEAAAAJ
A Graphical Framework for Contextual Search and Dismabiguation in Email,"E Minkov, AY Ng, WW Cohen",,,0,NA,NA,bz8QjSJIRt4C,Andrew Ng,mG4imMEAAAAJ
CS 229: Observing Dark Worlds,"A Singla, N Sawant",,,0,NA,NA,XoXfffV-tXoC,Andrew Ng,mG4imMEAAAAJ
Discriminative Learning of Markov Random Fields for Segmentation of 3D Scan Data,"DAB Taskar, V Chatalbashev, DKDGG Heitz, A Ng",,,0,NA,NA,q3CdL3IzO_QC,Andrew Ng,mG4imMEAAAAJ
Introspective Computing for Prefetching,"AY Ng, E Xing",,,0,NA,NA,foquWX3nUaYC,Andrew Ng,mG4imMEAAAAJ
Part 1-Keynotes,"G Nelmes, H Kazerooni, M Matsuoka, A Chen, SPN Singh, A Coates, ...",,,0,NA,NA,xtoqd-5pKcoC,Andrew Ng,mG4imMEAAAAJ
Peripheral-Foveal Vision for Real-time Object Recognition,"S Gould, B Sapp, M Quigley, AY Ng",,,0,NA,NA,-FonjvnnhkoC,Andrew Ng,mG4imMEAAAAJ
OpenArms: Towards Low-cost Robotic Manipulation,"M Quigley, R Brewer, AY Ng",,,0,NA,NA,WZBGuue-350C,Andrew Ng,mG4imMEAAAAJ
M h L d AI Machine Learning and AI via Brain simulations,A Ng,,,0,NA,NA,uJ-U7cs_P_0C,Andrew Ng,mG4imMEAAAAJ
Digital Communication and Signal Processing System Design,"A Chan, AY Ng",Digital Communication,"18, 55",0,NA,NA,tKAzc9rXhukC,Andrew Ng,mG4imMEAAAAJ
Stacked Autoencoders for Semi-‐Supervised Learning,"I Papusha, J Ngiam, A Ng",,,0,NA,NA,UHK10RUVsp4C,Andrew Ng,mG4imMEAAAAJ
Portfolio Recommendation System,"B Eserol, A Ng",,,0,NA,NA,XiVPGOgt02cC,Andrew Ng,mG4imMEAAAAJ
Improving Text Classification by Shrinkage,"R Rosenfeld, T Mitchell, AY Ng",Carnegie Mellon University,,0,NA,NA,geHnlv5EZngC,Andrew Ng,mG4imMEAAAAJ
Recurrent Neural Networks for Signal Denoising in Robust ASR,"AL Maas, QV Le, TM O’Neil, O Vinyals, P Nguyen, AY Ng",,,0,NA,NA,p2g8aNsByqUC,Andrew Ng,mG4imMEAAAAJ
A Sparse Sampling Algorithm for Near-Optimal Planning in Large Markov Decision Processes,AY Ng,,,0,NA,NA,ZHo1McVdvXMC,Andrew Ng,mG4imMEAAAAJ
Deep Learning of Invariant Features via Fixations in Video,"WY Zou, S Zhu, AY Ng, K Yu",,,0,NA,NA,g5m5HwL7SMYC,Andrew Ng,mG4imMEAAAAJ
On Discrim inative vs. Generative,"AY Ng, MI Jordan",,,0,NA,NA,qxL8FJ1GzNcC,Andrew Ng,mG4imMEAAAAJ
Exponential family sparse coding with application to self-taught learning with text documents,"H Lee, R Raina, A Teichman, AY Ng",,,0,NA,NA,LkGwnXOMwfcC,Andrew Ng,mG4imMEAAAAJ
Visual and Range Data,"S Gould, P Baumstarck, M Quigley, AY Ng, D Koller",,,0,NA,NA,eQOLeE2rZwMC,Andrew Ng,mG4imMEAAAAJ
In Which Areas of Technical AI Safety Could Geopolitical Rivals Cooperate?,"B Bucknall, S Siddiqui, L Thurnherr, C McGurk, B Harack, A Reuel, ...",arXiv preprint arXiv:,:2504.12914,0,2025,NA,q-jS9JxWzv0C,Yoshua Bengio,kukA0LcAAAAJ
Causal machine learning for single-cell genomics,"A Tejada-Lapuerta, P Bertin, S Bauer, H Aliee, Y Bengio, FJ Theis",Nature Genetics,1-12,20,2025,17523277311542775145,M3zsPnPgUlUC,Yoshua Bengio,kukA0LcAAAAJ
Assessing SAM for Tree Crown Instance Segmentation from Drone Imagery,"M Teng, A Ouaknine, E Laliberté, Y Bengio, D Rolnick, H Larochelle",arXiv preprint arXiv:,:2503.20199,0,2025,NA,CaJTFBI5vqAC,Yoshua Bengio,kukA0LcAAAAJ
A scalable gene network model of regulatory dynamics in single cells,"P Bertin, JD Viviano, A Tejada-Lapuerta, W Wang, S Bauer, FJ Theis, ...",arXiv preprint arXiv:,:2503.20027,0,2025,NA,_wawhP5Vwy0C,Yoshua Bengio,kukA0LcAAAAJ
Extendable Long-Horizon Planning via Hierarchical Multiscale Diffusion,"C Chen, H Hamed, D Baek, T Kang, Y Bengio, S Ahn",arXiv preprint arXiv:,:2503.20102,0,2025,NA,DtORCzn_ASQC,Yoshua Bengio,kukA0LcAAAAJ
"Trajectory Balance with Asynchrony: Decoupling Exploration and Learning for Fast, Scalable LLM Post-Training","BR Bartoldson, S Venkatraman, J Diffenderfer, M Jain, T Ben-Nun, S Lee, ...",arXiv preprint arXiv:,:2503.18929,0,2025,NA,Yv3O0rUKnT0C,Yoshua Bengio,kukA0LcAAAAJ
Offline Model-Based Optimization: Comprehensive Review,"M Kim, J Gu, Y Yuan, T Yun, Z Liu, Y Bengio, C Chen",arXiv preprint arXiv:,:2503.17286,0,2025,NA,IbYibzvn7iEC,Yoshua Bengio,kukA0LcAAAAJ
Solving Bayesian inverse problems with diffusion priors and off-policy RL,"L Scimeca, S Venkatraman, M Jain, M Kim, M Sendera, M Hasan, L Rowe, ...",arXiv preprint arXiv:,:2503.09746,0,2025,NA,RVsengBWOnMC,Yoshua Bengio,kukA0LcAAAAJ
Learning Decision Trees as Amortized Structure Inference,"M Mahfoud, G Boukachab, MĹ Koziarski, A Hernandez-Garcia, S Bauer, ...",arXiv preprint arXiv:,:2503.06985,1,2025,802841827822509238,2hfDYGh-f1UC,Yoshua Bengio,kukA0LcAAAAJ
Superintelligent Agents Pose Catastrophic Risks: Can Scientist AI Offer a Safer Path?,"Y Bengio, M Cohen, D Fornasiere, J Ghosn, P Greiner, M MacDermott, ...",arXiv preprint arXiv:,:2502.15657,6,2025,6766178259916569051,Uha2Xg-6WXIC,Yoshua Bengio,kukA0LcAAAAJ
OBELiX: A curated dataset of crystal structures and experimentally measured ionic conductivities for lithium solid-state electrolytes,"F Therrien, JA Haibeh, D Sharma, R Hendley, A Hernández-García, ...",arXiv preprint arXiv:,:2502.14234,1,2025,12513243196753864824,D0NosnH9lYgC,Yoshua Bengio,kukA0LcAAAAJ
In-Context Parametric Inference: Point or Distribution Estimators?,"S Mittal, Y Bengio, N Malkin, G Lajoie",arXiv preprint arXiv:,:2502.11617,0,2025,NA,yKZlB_2wKysC,Yoshua Bengio,kukA0LcAAAAJ
Shaping Inductive Bias in Diffusion Models through Frequency-Based Noise Control,"T Jiralerspong, B Earnshaw, J Hartford, Y Bengio, L Scimeca",arXiv preprint arXiv:,:2502.10236,0,2025,NA,Fla6ZGMkO9sC,Yoshua Bengio,kukA0LcAAAAJ
Monte Carlo Tree Diffusion for System 2 Planning,"J Yoon, H Cho, D Baek, Y Bengio, S Ahn",arXiv preprint arXiv:,:2502.07202,1,2025,12844369971163356305,Tt9yUAN0l-kC,Yoshua Bengio,kukA0LcAAAAJ
A physics-based data-driven model for CO gas diffusion electrodes to drive automated laboratories,"I Grega, F Therrien, A Soni, K Ocean, K Dettelbach, R Ahmadi, M Mokhtari, ...",arXiv preprint arXiv:,:2502.06323,0,2025,NA,WCOPUGKhX9IC,Yoshua Bengio,kukA0LcAAAAJ
Outsourced diffusion sampling: Efficient posterior inference in latent spaces of generative models,"S Venkatraman, M Hasan, M Kim, L Scimeca, M Sendera, Y Bengio, ...",arXiv preprint arXiv:,:2502.06999,0,2025,NA,vct99db0rDQC,Yoshua Bengio,kukA0LcAAAAJ
Alignvlm: Bridging vision and language latent spaces for multimodal understanding,"A Masry, JA Rodriguez, T Zhang, S Wang, C Wang, A Feizi, AK Suresh, ...",arXiv preprint arXiv:,:2502.01341,2,2025,15232207643548138983,KaRcLhEUy5UC,Yoshua Bengio,kukA0LcAAAAJ
International AI Safety Report 2025,"Y Bengio, S Mindermann, D Privitera",< bound method Organization. get_name_with_acronym of< Organization …,,5,2025,4077126787277163773,10ZmGoIvuzkC,Yoshua Bengio,kukA0LcAAAAJ
International AI Safety Report,"Y Bengio, S Mindermann, D Privitera, T Besiroglu, R Bommasani, ...",arXiv preprint arXiv:,:2501.17805,21,2025,2921580961758317780,D8wXzuvKacYC,Yoshua Bengio,kukA0LcAAAAJ
Causal Discovery in Astrophysics: Unraveling Supermassive Black Hole and Galaxy Coevolution,"Z Jin, M Pasquato, BL Davis, T Deleu, Y Luo, C Cho, P Lemos, ...",The Astrophysical Journal,"979 (2), 212",2,2025,4070740456879007581,8RJSsxxtMAkC,Yoshua Bengio,kukA0LcAAAAJ
Can Safety Fine-Tuning Be More Principled? Lessons Learned from Cybersecurity,"D Williams-King, L Le, A Oberman, Y Bengio",arXiv preprint arXiv:,:2501.11183,0,2025,NA,XWcFhoZvYIAC,Yoshua Bengio,kukA0LcAAAAJ
Assembleflow: Rigid flow matching with inertial frames for molecular assembly,"H Guo, Y Bengio, S Liu",The Thirteenth International Conference on Learning Representations,,3,2025,11079445335694130443,vpzZMdrIWDEC,Yoshua Bengio,kukA0LcAAAAJ
On the transfer of object-centric representation learning,"AR Didolkar, A Zadaianchuk, A Goyal, MC Mozer, Y Bengio, G Martius, ...",The Thirteenth International Conference on Learning Representations,,1,2025,514452937265261817,JkxM1axsR-IC,Yoshua Bengio,kukA0LcAAAAJ
EarthView: A Large Scale Remote Sensing Dataset for Self-Supervision,"D Velazquez, P Rodriguez, S Alonso, JM Gonfaus, J Gonzalez, ...",Proceedings of the Winter Conference on Applications of Computer Vision …,,0,2025,NA,LoiWQfKZB3kC,Yoshua Bengio,kukA0LcAAAAJ
Amortizing Intractable Inference in Diffusion Models for Bayesian Inverse Problems,"S Venkatraman, M Jain, L Scimeca, M Kim, M Sendera, M Hasan, L Rowe, ...",Proc. Workshop on Machine Learning and the Physical Sciences. Accessed,02-06,1,2025,18383729717472321010,CYCz2uKfkRAC,Yoshua Bengio,kukA0LcAAAAJ
A neuronal least-action principle for real-time learning in cortical circuits,"W Senn, D Dold, AF Kungl, B Ellenberger, J Jordan, Y Bengio, ...",ELife,"12, RP89674",24,2024,281640720473096587,KR6TXPE-FHQC,Yoshua Bengio,kukA0LcAAAAJ
Trajectory flow matching with applications to clinical time series modelling,"XN Zhang, Y Pu, Y Kawamura, A Loza, Y Bengio, D Shung, A Tong",Advances in Neural Information Processing Systems,"37, 107198-107224",7,2024,13442218324709368428,0t1ZDozeHsAC,Yoshua Bengio,kukA0LcAAAAJ
Improved off-policy training of diffusion samplers,"M Sendera, M Kim, S Mittal, P Lemos, L Scimeca, J Rector-Brooks, ...",Advances in Neural Information Processing Systems,"37, 81016-81045",13,2024,11529359833882667277,YpRCXavlr0AC,Yoshua Bengio,kukA0LcAAAAJ
Rgfn: Synthesizable molecular generation using gflownets,"M Koziarski, A Rekesh, D Shevchuk, A van der Sloot, P Gaiński, Y Bengio, ...",Advances in Neural Information Processing Systems,"37, 46908-46955",13,2024,6508203719053833245,PQYwNx7RetkC,Yoshua Bengio,kukA0LcAAAAJ
Metacognitive capabilities of llms: An exploration in mathematical problem solving,"A Didolkar, A Goyal, NR Ke, S Guo, M Valko, T Lillicrap, ...",Advances in Neural Information Processing Systems,"37, 19783-19812",43,2024,10089551812977618420,mZB2-lCpWbQC,Yoshua Bengio,kukA0LcAAAAJ
Efficient Diversity-Preserving Diffusion Alignment via Gradient-Informed GFlowNets,"Z Liu, TZ Xiao, W Liu, Y Bengio, D Zhang",arXiv preprint arXiv:,:2412.07775,0,2024,NA,Q4B7mEBXgMkC,Yoshua Bengio,kukA0LcAAAAJ
BigDocs: An Open and Permissively-Licensed Dataset for Training Multimodal Models on Document and Code Tasks,"J Rodriguez, X Jian, SS Panigrahi, T Zhang, A Feizi, A Puri, A Kalkunte, ...",arXiv preprint arXiv:,:2412.04626,1,2024,17561155386771338948,XepLwY2JfocC,Yoshua Bengio,kukA0LcAAAAJ
AI content detection in the emerging information ecosystem: new obligations for media and tech companies,"A Knott, D Pedreschi, T Jitsuzumi, S Leavy, D Eyers, T Chakraborti, ...",Ethics and information technology,"26 (4), 63",5,2024,9625848259231507287,fZtrMt_Z7PsC,Yoshua Bengio,kukA0LcAAAAJ
International Scientific Report on the Safety of Advanced AI (Interim Report),"Y Bengio, S Mindermann, D Privitera, T Besiroglu, R Bommasani, ...",arXiv preprint arXiv:,:2412.05282,26,2024,2372793997911964913,8PKVFmgK5mUC,Yoshua Bengio,kukA0LcAAAAJ
Imagining and building wise machines: The centrality of AI metacognition,"SGB Johnson, AH Karimi, Y Bengio, N Chater, T Gerstenberg, K Larson, ...",arXiv preprint arXiv:,:2411.02478,6,2024,8859306480089741856,io2GbE6LpKQC,Yoshua Bengio,kukA0LcAAAAJ
Structure Language Models for Protein Conformation Generation,"J Lu, X Chen, SZ Lu, C Shi, H Guo, Y Bengio, J Tang",arXiv preprint arXiv:,:2410.18403,3,2024,11236895451557372835,A_-8YG8SPFQC,Yoshua Bengio,kukA0LcAAAAJ
Object-centric temporal consistency via conditional autoregressive inductive biases,"C Meo, A Nakano, M Lică, A Didolkar, M Suzuki, A Goyal, M Zhang, ...",arXiv preprint arXiv:,:2410.15728,2,2024,3357180691064646225,9N3KX2BFTccC,Yoshua Bengio,kukA0LcAAAAJ
Action abstractions for amortized sampling,"O Boussif, LN Ezzine, JD Viviano, M Koziarski, M Jain, N Malkin, E Bengio, ...",arXiv preprint arXiv:,:2410.15184,0,2024,NA,mqGkWRiPAHEC,Yoshua Bengio,kukA0LcAAAAJ
A Complexity-Based Theory of Compositionality,"E Elmoznino, T Jiralerspong, Y Bengio, G Lajoie",arXiv preprint arXiv:,:2410.14817,3,2024,5971461265577975493,uimFh4UyggMC,Yoshua Bengio,kukA0LcAAAAJ
Steering masked discrete diffusion models via discrete denoising posterior prediction,"J Rector-Brooks, M Hasan, Z Peng, Z Quinn, C Liu, S Mittal, N Dziri, ...",arXiv preprint arXiv:,:2410.08134,7,2024,12472242121122730516,rPbfW60zdgkC,Yoshua Bengio,kukA0LcAAAAJ
Identifying and Addressing Delusions for Target-Directed Decision-Making,"M Zhao, T Sylvain, D Precup, Y Bengio",arXiv preprint arXiv:,:2410.07096,0,2024,NA,ZIQyR8VWHtoC,Yoshua Bengio,kukA0LcAAAAJ
"RL, but don't do anything I wouldn't do","MK Cohen, M Hutter, Y Bengio, S Russell",arXiv preprint arXiv:,:2410.06213,3,2024,16661114654380925533,jq7mLYt49woC,Yoshua Bengio,kukA0LcAAAAJ
Path-filtering in path-integral simulations of open quantum systems using GFlowNets,"J Lackman-Mincoff, M Jain, N Malkin, Y Bengio, L Simine",The Journal of Chemical Physics,161 (14),0,2024,NA,LTdYzzxxQecC,Yoshua Bengio,kukA0LcAAAAJ
Adaptive teachers for amortized samplers,"M Kim, S Choi, T Yun, E Bengio, L Feng, J Rector-Brooks, S Ahn, J Park, ...",arXiv preprint arXiv:,:2410.01432,3,2024,12486134679778681478,vCSeWdjOjw8C,Yoshua Bengio,kukA0LcAAAAJ
Were RNNs all we needed?,"L Feng, F Tung, MO Ahmed, Y Bengio, H Hajimirsadeghi",arXiv preprint arXiv:,:2410.01201,22,2024,3283697190984976501,xoH8P16vUNYC,Yoshua Bengio,kukA0LcAAAAJ
HarmAug: Effective Data Augmentation for Knowledge Distillation of Safety Guard Models,"S Lee, H Seong, DB Lee, M Kang, X Chen, D Wagner, Y Bengio, J Lee, ...",arXiv preprint arXiv:,:2410.01524,3,2024,2862481126174171689,aryKp6_dckwC,Yoshua Bengio,kukA0LcAAAAJ
Geometric Signatures of Compositionality Across a Language Model's Lifetime,"JH Lee, T Jiralerspong, L Yu, Y Bengio, E Cheng",arXiv preprint arXiv:,:2410.01444,0,2024,NA,EwQYaEtUpKwC,Yoshua Bengio,kukA0LcAAAAJ
A Data-driven Discovery of the Causal Connection between Galaxy and Black Hole Evolution,"Z Jin, M Pasquato, BL Davis, T Deleu, Y Luo, C Cho, P Lemos, ...",arXiv preprint arXiv:,:2410.00965,0,2024,NA,6uOcHTua4cQC,Yoshua Bengio,kukA0LcAAAAJ
A high-throughput phenotypic screen combined with an ultra-large-scale deep learning-based virtual screening reveals novel scaffolds of antibacterial compounds,"G Scalia, ST Rutherford, Z Lu, KR Buchholz, N Skelton, K Chuang, ...",bioRxiv,2024.09. 11.612340,2,2024,6091067438913535427,nvAonm6-wpUC,Yoshua Bengio,kukA0LcAAAAJ
Meta flow matching: Integrating vector fields on the wasserstein manifold,"L Atanackovic, X Zhang, B Amos, M Blanchette, LJ Lee, Y Bengio, A Tong, ...",arXiv preprint arXiv:,:2408.14608,6,2024,17837634745883063222,x-Ysmmx-H-kC,Yoshua Bengio,kukA0LcAAAAJ
Zero-shot object-centric representation learning,"A Didolkar, A Zadaianchuk, A Goyal, M Mozer, Y Bengio, G Martius, ...",arXiv preprint arXiv:,:2408.09162,7,2024,15191964694066790909,8VbLR7ExW8oC,Yoshua Bengio,kukA0LcAAAAJ
Can a Bayesian Oracle Prevent Harm from an Agent?,"Y Bengio, MK Cohen, N Malkin, M MacDermott, D Fornasiere, P Greiner, ...",arXiv preprint arXiv:,:2408.05284,5,2024,5570394929821232353,jD_Q_A4-jPwC,Yoshua Bengio,kukA0LcAAAAJ
Cell morphology-guided small molecule generation with gflownets,"SZ Lu, Z Lu, E Hajiramezanali, T Biancalani, Y Bengio, G Scalia, ...",ICML,2024 Workshop on Structured Probabilistic Inference {\&} Generative …,2,2024,10939913944990736337,Krx7gcWaa4oC,Yoshua Bengio,kukA0LcAAAAJ
Cell Morphology-Guided Small Molecule Generation with GFlowNets,"S Zhewen Lu, Z Lu, E Hajiramezanali, T Biancalani, Y Bengio, G Scalia, ...","arXiv e-prints, arXiv:",2408.05196,0,2024,NA,3Jzcn9274UAC,Yoshua Bengio,kukA0LcAAAAJ
Ai-assisted generation of difficult math questions,"V Shah, D Yu, K Lyu, S Park, J Yu, Y He, NR Ke, M Mozer, Y Bengio, ...",arXiv preprint arXiv:,:2407.21009,12,2024,2261517749693363010,Ui6Ig_dFDbcC,Yoshua Bengio,kukA0LcAAAAJ
Open problems in technical ai governance,"A Reuel, B Bucknall, S Casper, T Fist, L Soder, O Aarne, L Hammond, ...",arXiv preprint arXiv:,:2407.14981,34,2024,3665980725780220621,9i1gB6tY3MIC,Yoshua Bengio,kukA0LcAAAAJ
On Generalization for Generative Flow Networks,"A Krichel, N Malkin, S Lahlou, Y Bengio",arXiv preprint arXiv:,:2407.03105,1,2024,17896052622205034467,l_4PpDxvVJAC,Yoshua Bengio,kukA0LcAAAAJ
Machine learning and information theory concepts towards an AI mathematician,"Y Bengio, N Malkin",Bulletin of the American Mathematical Society,"61 (3), 457-469",15,2024,5177989316240626150,fTLh7q_iUBEC,Yoshua Bengio,kukA0LcAAAAJ
MAP: Low-compute model merging with amortized Pareto fronts via quadratic approximation,"L Li, T Zhang, Z Bu, S Wang, H He, J Fu, Y Wu, J Bian, Y Chen, Y Bengio",arXiv preprint arXiv:,:2406.07529,2,2024,16898630421873513172,84Dmd_oSKgsC,Yoshua Bengio,kukA0LcAAAAJ
Vcr: Visual caption restoration,"T Zhang, S Wang, L Li, G Zhang, P Taslakian, S Rajeswar, J Fu, B Liu, ...",arXiv preprint arXiv:,:2406.06462,12,2024,2786413418224612243,53uzXsUip0wC,Yoshua Bengio,kukA0LcAAAAJ
Baking symmetry into gflownets,"G Ma, E Bengio, Y Bengio, D Zhang",arXiv preprint arXiv:,:2406.05426,7,2024,10014615067054231377,f4T9rk490XkC,Yoshua Bengio,kukA0LcAAAAJ
Government interventions to avert future catastrophic AI risks,Y Bengio,Harvard Data Science Review,,3,2024,4852173285475024695,Qqt8gOYqc0UC,Yoshua Bengio,kukA0LcAAAAJ
"Amortizing intractable inference in diffusion models for vision, language, and control","S Venkatraman, M Jain, L Scimeca, M Kim, M Sendera, M Hasan, L Rowe, ...",arXiv preprint arXiv:,:2405.20971,29,2024,6277091480718856611,_V0JUKP8578C,Yoshua Bengio,kukA0LcAAAAJ
Learning diverse attacks on large language models for robust red-teaming and safety tuning,"S Lee, M Kim, L Cherif, D Dobre, J Lee, SJ Hwang, K Kawaguchi, G Gidel, ...",arXiv preprint arXiv:,:2405.18540,16,2024,2246149307410929038,FlduMtdN19MC,Yoshua Bengio,kukA0LcAAAAJ
Managing extreme AI risks amid rapid progress,"Y Bengio, G Hinton, A Yao, D Song, P Abbeel, T Darrell, YN Harari, ...",Science,"384 (6698), 842-845",240,2024,4251197568787257902,KKhxhHPhcTsC,Yoshua Bengio,kukA0LcAAAAJ
Attention as an RNN,"L Feng, F Tung, H Hajimirsadeghi, MO Ahmed, Y Bengio, G Mori",arXiv preprint arXiv:,:2405.13956,10,2024,1338492881913399192,MIZpzCdxGj0C,Yoshua Bengio,kukA0LcAAAAJ
Bitpruning: Learning bitlengths for aggressive and accurate quantization,"M Nikolić, GB Hacene, C Bannon, AD Lascorz, M Courbariaux, OM Awad, ...",,"2024 IEEE International Symposium on Circuits and Systems (ISCAS), 1-5",33,2024,2095082402789749257,dj1AAMDQi3QC,Yoshua Bengio,kukA0LcAAAAJ
Meta Flow Matching: Integrating Vector Fields on the Wasserstein Manifold,"X Zhang, L Atanackovic, B Amos, M Blanchette, LJ Lee, Y Bengio, A Tong, ...",,,0,2024,NA,XX7pGhTe5MgC,Yoshua Bengio,kukA0LcAAAAJ
Divergent creativity in humans and large language models,"A Bellemare-Pepin, F Lespinasse, P Thölke, Y Harel, K Mathewson, ...",arXiv preprint arXiv:,:2405.13012,21,2024,10993028553110164793,E9iozgzfyhkC,Yoshua Bengio,kukA0LcAAAAJ
Towards guaranteed safe ai: A framework for ensuring robust and reliable ai systems,"D Dalrymple, J Skalse, Y Bengio, S Russell, M Tegmark, S Seshia, ...",arXiv preprint arXiv:,:2405.06624,49,2024,12483606360867487294,JtjtGO9FvpUC,Yoshua Bengio,kukA0LcAAAAJ
Generative Active Learning for the Search of Small-molecule Protein Binders,"M Korablyov, CH Liu, M Jain, AM van der Sloot, E Jolicoeur, E Ruediger, ...",arXiv preprint arXiv:,:2405.01616,5,2024,13817922474003426527,tDdgxD0hSQMC,Yoshua Bengio,kukA0LcAAAAJ
Towards guaranteed safe AI: A framework for ensuring robust and reliable AI systems,"J Skalse, Y Bengio, S Russell, M Tegmark, S Seshia, S Omohundro, ...","arXiv e-prints, arXiv:",2405.06624,1,2024,5546831017366680261,1DdUqAzPfXgC,Yoshua Bengio,kukA0LcAAAAJ
Towards dna-encoded library generation with gflownets,"M Koziarski, M Abukalam, V Shah, L Vaillancourt, DA Schuetz, M Jain, ...",arXiv preprint arXiv:,:2404.10094,2,2024,15100636342170472522,Wu2CBzYYpfQC,Yoshua Bengio,kukA0LcAAAAJ
Foundational challenges in assuring alignment and safety of large language models,"U Anwar, A Saparov, J Rando, D Paleka, M Turpin, P Hase, ES Lubana, ...",arXiv preprint arXiv:,:2404.09932,164,2024,4144284112308228613,bCDyRX4i8-MC,Yoshua Bengio,kukA0LcAAAAJ
Regulating advanced artificial agents,"MK Cohen, N Kolt, Y Bengio, GK Hadfield, S Russell",Science,"384 (6691), 36-38",36,2024,7411706598844114570,ZnWe2zbntUIC,Yoshua Bengio,kukA0LcAAAAJ
Regeneration learning: A learning paradigm for data generation,"X Tan, T Qin, J Bian, TY Liu, Y Bengio",Proceedings of the AAAI Conference on Artificial Intelligence,"38 (20), 22614 …",15,2024,2865657248510460826,6TexfgwXQfYC,Yoshua Bengio,kukA0LcAAAAJ
Language Models Can Reduce Asymmetry in Information Markets,"N Rahaman, M Weiss, M Wüthrich, Y Bengio, LE Li, C Pal, B Schölkopf",arXiv preprint arXiv:,:2403.14443,4,2024,8741660800095560842,qmyJBmpVKbYC,Yoshua Bengio,kukA0LcAAAAJ
Ant colony sampling with gflownets for combinatorial optimization,"M Kim, S Choi, H Kim, J Son, J Park, Y Bengio",arXiv preprint arXiv:,:2403.07041,35,2024,10038677009141211827,D52hNgOu9GcC,Yoshua Bengio,kukA0LcAAAAJ
Discrete probabilistic inference as control in multi-path environments,"T Deleu, P Nouri, N Malkin, D Precup, Y Bengio",arXiv preprint arXiv:,:2402.10309,25,2024,5558475560696858026,ZuSUVyMx-TgC,Yoshua Bengio,kukA0LcAAAAJ
Computing power and the governance of artificial intelligence,"G Sastry, L Heim, H Belfield, M Anderljung, M Brundage, J Hazell, ...",arXiv preprint arXiv:,:2402.08797,61,2024,12886246237461831136,RSvx26AYfG8C,Yoshua Bengio,kukA0LcAAAAJ
Iterated denoising energy matching for sampling from boltzmann densities,"T Akhound-Sadegh, J Rector-Brooks, AJ Bose, S Mittal, P Lemos, CH Liu, ...",arXiv preprint arXiv:,:2402.06121,48,2024,6701361690026759984,5Y7y0xowK3MC,Yoshua Bengio,kukA0LcAAAAJ
Efficient causal graph discovery using large language models,"T Jiralerspong, X Chen, Y More, V Shah, Y Bengio",arXiv preprint arXiv:,:2402.01207,31,2024,3986370571588365252,Fr8DH2VBP9sC,Yoshua Bengio,kukA0LcAAAAJ
On diffusion models for amortized inference: Benchmarking and improving stochastic control and sampling,"M Sendera, M Kim, S Mittal, P Lemos, L Scimeca, J Rector-Brooks, ...","arXiv e-prints, arXiv:",2402.05098,20,2024,15947547171699022423,coeFWI40FR8C,Yoshua Bengio,kukA0LcAAAAJ
Responses to pattern-violating visual stimuli evolve differently over days in somata and distal apical dendrites,"CJ Gillon, JE Pina, JA Lecoq, R Ahmed, YN Billeh, S Caldejon, ...",Journal of Neuroscience,44 (5),8,2024,6974113101811852523,IT5EXw6i2GUC,Yoshua Bengio,kukA0LcAAAAJ
Tackling climate change with machine learning: Fostering the maturity of ml applications for climate change,"S Madadkhani, OM Ramos, M Chapman, J Dunietz, A Ouaknine, ...",ICLR,2024 Workshops,3,2024,16987342673409862676,rKOGDx9nJ1EC,Yoshua Bengio,kukA0LcAAAAJ
Integrating Generative and Experimental Platforms for Biomolecular Design,"CH Liu, J Rector-Brooks, S Yang, SL Lisanza, FZ Li, H Stark, J Gershon, ...",ICLR,2025 Workshop Proposals,2,2024,8326547602162425070,Xc-mKOjpdrwC,Yoshua Bengio,kukA0LcAAAAJ
"Subjective Experience, AI Consciousness and Associated Risks","Y Bengio, E Elmoznino",,,0,2024,NA,8o7LCxyMrhgC,Yoshua Bengio,kukA0LcAAAAJ
Rethinking the buyer’s inspection paradox in information markets with language agents,"M Weiss, N Rahaman, M Wuthrich, Y Bengio, LE Li, B Schölkopf, C Pal",,,3,2024,10665352199526562800,YvgfBAebZEkC,Yoshua Bengio,kukA0LcAAAAJ
Towards equilibrium molecular conformation generation with GFlowNets,"A Volokhova, M Koziarski, A Hernández-García, CH Liu, S Miret, P Lemos, ...",Digital Discovery,"3 (5), 1038-1047",14,2024,950893101253137965,prvsfHNhuEoC,Yoshua Bengio,kukA0LcAAAAJ
A community effort in SARS‐CoV‐2 drug discovery,"J Schimunek, P Seidl, K Elez, T Hempel, T Le, F Noé, S Olsson, L Raich, ...",Molecular informatics,"43 (1), e202300262",10,2024,7783493760283575072,yKcmA0jEsUoC,Yoshua Bengio,kukA0LcAAAAJ
Sources of richness and ineffability for phenomenally conscious states,"X Ji, E Elmoznino, G Deane, A Constant, G Dumas, G Lajoie, J Simon, ...",Neuroscience of Consciousness,"2024 (1), niae001",16,2024,4358547850908071087,njp6nI0QjqAC,Yoshua Bengio,kukA0LcAAAAJ
"Phast: Physics-aware, scalable, and task-specific gnns for accelerated catalyst design","A Duval, V Schmidt, S Miret, Y Bengio, A Hernández-García, D Rolnick",Journal of Machine Learning Research,"25 (106), 1-26",11,2024,12832892283636577896,bczYY1dZPtQC,Yoshua Bengio,kukA0LcAAAAJ
Dyngfn: Towards Bayesian inference of gene regulatory networks with gflownets,"L Atanackovic, A Tong, B Wang, LJ Lee, Y Bengio, JS Hartford",Advances in Neural Information Processing Systems,"36, 74410-74428",19,2023,13256085709638582430,Y6EZgx1ah38C,Yoshua Bengio,kukA0LcAAAAJ
Contrastive Retrospection: honing in on critical steps for rapid learning and generalization in RL,"C Sun, W Yang, T Jiralerspong, D Malenfant, B Alsbury-Nealy, Y Bengio, ...",Advances in Neural Information Processing Systems,"36, 31117-31139",2,2023,3618946423287078477,HHUT0vUrEqMC,Yoshua Bengio,kukA0LcAAAAJ
Improving* day-ahead* solar irradiance time series forecasting by leveraging spatio-temporal context,"O Boussif, G Boukachab, D Assouline, S Massaroli, T Yuan, L Benabbou, ...",Advances in Neural Information Processing Systems,"36, 2342-2367",21,2023,1617081239881254138,5Y1KH4bkPm0C,Yoshua Bengio,kukA0LcAAAAJ
Satbird: a dataset for bird species distribution modeling using remote sensing and citizen science data,"M Teng, A Elmustafa, B Akera, Y Bengio, H Radi, H Larochelle, D Rolnick",Advances in Neural Information Processing Systems,"36, 75925-75950",21,2023,10020031335426246862,C4Vd9JCM9EcC,Yoshua Bengio,kukA0LcAAAAJ
Laughing hyena distillery: Extracting compact recurrences from convolutions,"S Massaroli, M Poli, D Fu, H Kumbong, R Parnichkun, D Romero, ...",Advances in Neural Information Processing Systems,"36, 17072-17116",25,2023,8064799336379828276,bcT4vkklUMwC,Yoshua Bengio,kukA0LcAAAAJ
Geo-bench: Toward foundation models for earth monitoring,"A Lacoste, N Lehmann, P Rodriguez, E Sherwin, H Kerner, B Lütjens, ...",Advances in Neural Information Processing Systems,"36, 51080-51093",65,2023,5787031216169949864,FnaCo-ypupUC,Yoshua Bengio,kukA0LcAAAAJ
Hyenadna: Long-range genomic sequence modeling at single nucleotide resolution,"E Nguyen, M Poli, M Faizi, A Thomas, M Wornow, C Birch-Sykes, ...",Advances in neural information processing systems,"36, 43177-43201",312,2023,8529903844568240086,3K1WWmVGZRgC,Yoshua Bengio,kukA0LcAAAAJ
Joint bayesian inference of graphical structure and parameters with a single generative flow network,"T Deleu, M Nishikawa-Toomey, J Subramanian, N Malkin, L Charlin, ...",Advances in Neural Information Processing Systems,"36, 31204-31231",50,2023,4373012997556732388,UO6ax3c-pNsC,Yoshua Bengio,kukA0LcAAAAJ
Interpolation consistency training for semi-supervised learning,"V Verma, K Kawaguchi, A Lamb, J Kannala, A Solin, Y Bengio, ...",Neural Networks,"145, 90-106",937,2022,16227381821127018190,rJyh6hJnyfgC,Yoshua Bengio,kukA0LcAAAAJ
3rd International Conference on Learning Representations,"DP Kingma, J Ba, Y Bengio, Y LeCun","ICLR, San Diego",,932,2015,"17683938468684367543,2853151069812466866",cpgjJtNNFA0C,Yoshua Bengio,kukA0LcAAAAJ
A semantic matching energy function for learning with multi-relational data: Application to word-sense disambiguation,"A Bordes, X Glorot, J Weston, Y Bengio",Machine learning,"94, 233-259",905,2014,1876563683790026557,1Ye0OR6EYb4C,Yoshua Bengio,kukA0LcAAAAJ
Theano: A CPU and GPU Math Compiler in Python.,"J Bergstra, O Breuleux, F Bastien, P Lamblin, R Pascanu, G Desjardins, ...",SciPy,18-24,881,2010,13758105660351770192,4OULZ7Gr8RgC,Yoshua Bengio,kukA0LcAAAAJ
Sharp minima can generalize for deep nets,"L Dinh, R Pascanu, S Bengio, Y Bengio",International Conference on Machine Learning,1019-1028,879,2017,4474448870091274183,DquSII9TDu4C,Yoshua Bengio,kukA0LcAAAAJ
SpeechBrain: A general-purpose speech toolkit,"M Ravanelli, T Parcollet, P Plantinga, A Rouhe, S Cornell, L Lugosch, ...",arXiv preprint arXiv:,:2106.04624,834,2021,12191991332667585106,5kvG9DmRKWYC,Yoshua Bengio,kukA0LcAAAAJ
An empirical study of example forgetting during deep neural network learning,"M Toneva, A Sordoni, RT Combes, A Trischler, Y Bengio, GJ Gordon",arXiv preprint arXiv:,:1812.05159,833,2018,14912040563601232331,HAmI6pRF5skC,Yoshua Bengio,kukA0LcAAAAJ
Generative adversarial nets,"G Ian, PA Jean, M Mehdi, X Bing, WF David, O Sherjil, C Aaron, B Yoshua",Advances in neural information processing systems,27 (9),817,2014,9421432013516048122,eTOb990cMygC,Yoshua Bengio,kukA0LcAAAAJ
Convergence properties of the k-means algorithms,"L Bottou, Y Bengio",Advances in neural information processing systems,7,809,1994,6558710861252718123,zYLM7Y9cAGgC,Yoshua Bengio,kukA0LcAAAAJ
Deep learning for AI,"Y Bengio, Y Lecun, G Hinton",Communications of the ACM,"64 (7), 58-65",808,2021,"9828929674594925756,16190684881530280879",PPrs6GlykQcC,Yoshua Bengio,kukA0LcAAAAJ
Professor forcing: A new algorithm for training recurrent networks,"AM Lamb, AG ALIAS PARTH GOYAL, Y Zhang, S Zhang, AC Courville, ...",Advances in neural information processing systems,29,797,2016,17198780094986434106,q0uBw5dMOAkC,Yoshua Bengio,kukA0LcAAAAJ
Understanding the exploding gradient problem,"R Pascanu, T Mikolov, Y Bengio","CoRR, abs/","/1211.5063 2 (417), 1",797,2012,9685842464014437344,6bLC7aUMtPcC,Yoshua Bengio,kukA0LcAAAAJ
Using recurrent neural networks for slot filling in spoken language understanding,"G Mesnil, Y Dauphin, K Yao, Y Bengio, L Deng, D Hakkani-Tur, X He, ...","IEEE/ACM Transactions on Audio, Speech, and Language Processing","23 (3), 530-539",791,2014,11724005164293423984,Zh0EY9V9P6UC,Yoshua Bengio,kukA0LcAAAAJ
Generalized denoising auto-encoders as generative models,"Y Bengio, L Yao, G Alain, P Vincent",Advances in neural information processing systems,26,779,2013,5579395029777847587,w1MjKQ0l0TYC,Yoshua Bengio,kukA0LcAAAAJ
SampleRNN: An unconditional end-to-end neural audio generation model,"S Mehri, K Kumar, I Gulrajani, R Kumar, S Jain, J Sotelo, A Courville, ...",arXiv preprint arXiv:,:1612.07837,754,2016,18296195672519025121,RfUwGJFMQ-0C,Yoshua Bengio,kukA0LcAAAAJ
An actor-critic algorithm for sequence prediction,"D Bahdanau, P Brakel, K Xu, A Goyal, R Lowe, J Pineau, A Courville, ...",arXiv preprint arXiv:,:1607.07086,754,2016,5228204938243984917,KI9T_ytC6pkC,Yoshua Bengio,kukA0LcAAAAJ
Unsupervised feature learning and deep learning: A review and new perspectives,"Y Bengio, AC Courville, P Vincent","CoRR, abs/","/1206.5538 1 (2665), 2012",753,2012,1290425714414184502,43bX7VzcjpAC,Yoshua Bengio,kukA0LcAAAAJ
Training deep neural networks with low precision multiplications,"M Courbariaux, Y Bengio, JP David",arXiv preprint arXiv:,:1412.7024,749,2014,5583917919431265187,rCNdntzdTkkC,Yoshua Bengio,kukA0LcAAAAJ
Mine: mutual information neural estimation,"MI Belghazi, A Baratin, S Rajeswar, S Ozair, Y Bengio, A Courville, ...",arXiv preprint arXiv:,:1801.04062,743,2018,4616043598945550206,j2GSQqY3pL0C,Yoshua Bengio,kukA0LcAAAAJ
Mode regularized generative adversarial networks,"T Che, Y Li, AP Jacob, Y Bengio, W Li",arXiv preprint arXiv:,:1612.02136,742,2016,8235362476181771248,SpPTWFSNUtQC,Yoshua Bengio,kukA0LcAAAAJ
Gradient-based optimization of hyperparameters,Y Bengio,Neural computation,"12 (8), 1889-1900",740,2000,18417912397787997996,KlAtU1dfN6UC,Yoshua Bengio,kukA0LcAAAAJ
Zero-data learning of new tasks.,"H Larochelle, D Erhan, Y Bengio",AAAI,"1 (2), 3",739,2008,5984504404624778607,f2IySw72cVMC,Yoshua Bengio,kukA0LcAAAAJ
Advances in optimizing recurrent networks,"Y Bengio, N Boulanger-Lewandowski, R Pascanu",,"2013 IEEE international conference on acoustics, speech and signal …",736,2013,56668020054253477,DBa1UEJaJKAC,Yoshua Bengio,kukA0LcAAAAJ
"Multi-way, multilingual neural machine translation with a shared attention mechanism","O Firat, K Cho, Y Bengio",arXiv preprint arXiv:,:1601.01073,721,2016,1297298716616390295,xm0LlTxljI0C,Yoshua Bengio,kukA0LcAAAAJ
Metagan: An adversarial approach to few-shot learning,"R Zhang, T Che, Z Ghahramani, Y Bengio, Y Song",Advances in neural information processing systems,31,716,2018,3532444090702481918,F9HO9s0W2bwC,Yoshua Bengio,kukA0LcAAAAJ
What regularized auto-encoders learn from the data-generating distribution,"G Alain, Y Bengio",The Journal of Machine Learning Research,"15 (1), 3563-3593",691,2014,11194404029406866477,2l5NCbZemmgC,Yoshua Bengio,kukA0LcAAAAJ
Hierarchical multiscale recurrent neural networks,"J Chung, S Ahn, Y Bengio",arXiv preprint arXiv:,:1609.01704,686,2016,3631406206229660252,Ej9njvOgR2oC,Yoshua Bengio,kukA0LcAAAAJ
Pointing the unknown words,"C Gulcehre, S Ahn, R Nallapati, B Zhou, Y Bengio",arXiv preprint arXiv:,:1603.08148,680,2016,8939912433163056499,3_LpOwP6eMYC,Yoshua Bengio,kukA0LcAAAAJ
On using monolingual corpora in neural machine translation,"C Gulcehre, O Firat, K Xu, K Cho, L Barrault, HC Lin, F Bougares, ...",arXiv preprint arXiv:,:1503.03535,676,2015,17577711614855997215,pQTOvowfQioC,Yoshua Bengio,kukA0LcAAAAJ
Generalization in deep learning,"K Kawaguchi, LP Kaelbling, Y Bengio",arXiv preprint arXiv:,:1710.05468 1 (8),663,2017,17931149148481992650,i91s68tWr-MC,Yoshua Bengio,kukA0LcAAAAJ
The difficulty of training deep architectures and the effect of unsupervised pre-training,"D Erhan, PA Manzagol, Y Bengio, S Bengio, P Vincent",Artificial intelligence and statistics,153-160,661,2009,5399752359162851171,bEWYMUwI8FkC,Yoshua Bengio,kukA0LcAAAAJ
Equilibrated adaptive learning rates for non-convex optimization,"Y Dauphin, H De Vries, Y Bengio",Advances in neural information processing systems,28,655,2015,9764160634697256049,37UQlXuwjP4C,Yoshua Bengio,kukA0LcAAAAJ
Incorporating second-order functional knowledge for better option pricing,"C Dugas, Y Bengio, F Bélisle, C Nadeau, R Garcia",Advances in neural information processing systems,13,636,2000,11823176145601877272,B3FOqHPlNUQC,Yoshua Bengio,kukA0LcAAAAJ
End-to-end continuous speech recognition using attention-based recurrent NN: First results,"J Chorowski, D Bahdanau, K Cho, Y Bengio",arXiv preprint arXiv:,:1412.1602,635,2014,12150471636194731371,mel-f30kHHgC,Yoshua Bengio,kukA0LcAAAAJ
A hierarchical recurrent encoder-decoder for generative context-aware query suggestion,"A Sordoni, Y Bengio, H Vahabi, C Lioma, J Grue Simonsen, JY Nie",proceedings of the,24th ACM international on conference on information and …,634,2015,906553350562146396,eI34FqJmdUoC,Yoshua Bengio,kukA0LcAAAAJ
Graph attention networks. arXiv 2017,"P Velickovic, G Cucurull, A Casanova, A Romero, P Lio, Y Bengio",arXiv preprint arXiv:,:1710.10903,613,2017,"4090337272584515321,6519645436178218486",Q9ss7R9eeXsC,Yoshua Bengio,kukA0LcAAAAJ
Investigation of recurrent-neural-network architectures and learning methods for spoken language understanding.,"G Mesnil, X He, L Deng, Y Bengio",Interspeech,3771-3775,613,2013,12435837432017532516,oi2SiIJ9l4AC,Yoshua Bengio,kukA0LcAAAAJ
Equilibrium propagation: Bridging the gap between energy-based models and backpropagation,"B Scellier, Y Bengio",Frontiers in computational neuroscience,"11, 24",597,2017,2495522656940048880,as0KMg8qHbkC,Yoshua Bengio,kukA0LcAAAAJ
A parallel mixture of SVMs for very large scale problems,"R Collobert, S Bengio, Y Bengio",Advances in Neural Information Processing Systems,14,576,2001,2901384550363666862,Y0pCki6q_DkC,Yoshua Bengio,kukA0LcAAAAJ
Describing multimedia content using attention-based encoder-decoder networks,"K Cho, A Courville, Y Bengio",IEEE Transactions on Multimedia,"17 (11), 1875-1886",563,2015,12875719958826891977,2vr6o8x5NLkC,Yoshua Bengio,kukA0LcAAAAJ
Three factors influencing minima in sgd,"S Jastrzębski, Z Kenton, D Arpit, N Ballas, A Fischer, Y Bengio, A Storkey",arXiv preprint arXiv:,:1711.04623,556,2017,"5579830731629893992,16959034473219987929",vxA22ZmNLkoC,Yoshua Bengio,kukA0LcAAAAJ
Hierarchical recurrent neural networks for long-term dependencies,"S Hihi, Y Bengio",Advances in neural information processing systems,8,549,1995,10257319766948999032,4DMP91E08xMC,Yoshua Bengio,kukA0LcAAAAJ
Char2wav: End-to-end speech synthesis,"J Sotelo, S Mehri, K Kumar, JF Santos, K Kastner, A Courville, Y Bengio",,,538,2017,6778319284287669999,q1zXlPLtbUIC,Yoshua Bengio,kukA0LcAAAAJ
An input output HMM architecture,"Y Bengio, P Frasconi",Advances in neural information processing systems,7,532,1994,8431752505985660773,IjCSPb-OGe4C,Yoshua Bengio,kukA0LcAAAAJ
Emonets: Multimodal deep learning approaches for emotion recognition in video,"SE Kahou, X Bouthillier, P Lamblin, C Gulcehre, V Michalski, K Konda, ...",Journal on Multimodal User Interfaces,"10, 99-111",529,2016,5171780425389527285,Ic1VZgkJnDsC,Yoshua Bengio,kukA0LcAAAAJ
Bayesian model-agnostic meta-learning,"J Yoon, T Kim, O Dia, S Kim, Y Bengio, S Ahn",Advances in neural information processing systems,31,526,2018,7370333111335795917,KqW5X_olkfQC,Yoshua Bengio,kukA0LcAAAAJ
Managing diversity in regression ensembles,"G Brown, JL Wyatt, P Tiňo",Journal of machine learning research,"6 (Sep), 1621-1650",514,2005,14747525451129439636,Ltc9rfRcsxEC,Yoshua Bengio,kukA0LcAAAAJ
Deep generative stochastic networks trainable by backprop,"Y Bengio, E Laufer, G Alain, J Yosinski",International conference on machine learning,226-234,510,2014,3877899611232964202,mUJArPsKIAAC,Yoshua Bengio,kukA0LcAAAAJ
Towards end-to-end speech recognition with deep convolutional neural networks,"Y Zhang, M Pezeshki, P Brakel, S Zhang, CLY Bengio, A Courville",arXiv preprint arXiv:,:1701.02720,503,2017,16544232475388682037,h168fVGZblEC,Yoshua Bengio,kukA0LcAAAAJ
Shallow vs. deep sum-product networks,"O Delalleau, Y Bengio",Advances in neural information processing systems,24,500,2011,17126636560011661491,e_rmSamDkqQC,Yoshua Bengio,kukA0LcAAAAJ
The handbook of brain theory and neural networks,"Y LeCun, Y Bengio, MA Arbib",MIT press,,498,1998,1336605550178357303,NtGNdKbuCngC,Yoshua Bengio,kukA0LcAAAAJ
Joint learning of words and meaning representations for open-text semantic parsing,"A Bordes, X Glorot, J Weston, Y Bengio",Artificial intelligence and statistics,127-135,494,2012,14428209779783045692,NyGDZy8z5eUC,Yoshua Bengio,kukA0LcAAAAJ
Image-to-image translation for cross-domain disentanglement,"A Gonzalez-Garcia, J Van De Weijer, Y Bengio",Advances in neural information processing systems,31,482,2018,7146735712017629088,dFKc6_kCK1wC,Yoshua Bengio,kukA0LcAAAAJ
Revisiting natural gradient for deep networks,"R Pascanu, Y Bengio",arXiv preprint arXiv:,:1301.3584,478,2013,4887476036427842105,ce2CqMG-AY4C,Yoshua Bengio,kukA0LcAAAAJ
Learning a synaptic learning rule,"Y Bengio, S Bengio, J Cloutier","Université de Montréal, Département d'informatique et de recherche …",,473,1990,9736719368142358456,j3f4tGmQtD8C,Yoshua Bengio,kukA0LcAAAAJ
Towards biologically plausible deep learning,"Y Bengio, DH Lee, J Bornschein, T Mesnard, Z Lin",arXiv preprint arXiv:,:1502.04156,470,2015,4288764517903160847,lYAcb2jw7qUC,Yoshua Bengio,kukA0LcAAAAJ
Light gated recurrent units for speech recognition,"M Ravanelli, P Brakel, M Omologo, Y Bengio",IEEE Transactions on Emerging Topics in Computational Intelligence,"2 (2), 92-102",469,2018,11279415982859866663,DGzKIA18-3YC,Yoshua Bengio,kukA0LcAAAAJ
Better mixing via deep representations,"Y Bengio, G Mesnil, Y Dauphin, S Rifai",International conference on machine learning,552-560,468,2013,6451747009255969438,7Hz3ACDFbsoC,Yoshua Bengio,kukA0LcAAAAJ
Inductive biases for deep learning of higher-level cognition,"A Goyal, Y Bengio",Proceedings of the Royal Society A,"478 (2266), 20210068",465,2022,7706709027534445901,ey9_mCyZ-VYC,Yoshua Bengio,kukA0LcAAAAJ
Toward trustworthy AI development: mechanisms for supporting verifiable claims,"M Brundage, S Avin, J Wang, H Belfield, G Krueger, G Hadfield, H Khlaaf, ...",arXiv preprint arXiv:,:2004.07213,462,2020,5918299291721331728,WTSGYGHz1bkC,Yoshua Bengio,kukA0LcAAAAJ
Input-output HMMs for sequence processing,"Y Bengio, P Frasconi",IEEE Transactions on Neural Networks,"7 (5), 1231-1249",459,1996,4725915097147930402,UeHWp8X0CEIC,Yoshua Bengio,kukA0LcAAAAJ
Bilbowa: Fast bilingual distributed representations without word alignments,"S Gouws, Y Bengio, G Corrado",International Conference on Machine Learning,748-756,454,2015,2719170563629478824,ZqE1mSdD_DYC,Yoshua Bengio,kukA0LcAAAAJ
On the expressive power of deep architectures,"Y Bengio, O Delalleau",International conference on algorithmic learning theory,18-36,451,2011,3647764731908872051,oNZyr7d5Mn4C,Yoshua Bengio,kukA0LcAAAAJ
Towards an automatic turing test: Learning to evaluate dialogue responses,"R Lowe, M Noseworthy, IV Serban, N Angelard-Gontier, Y Bengio, ...",arXiv preprint arXiv:,:1708.07149,450,2017,15470106720904286429,G36d5HCDkJYC,Yoshua Bengio,kukA0LcAAAAJ
Combining modality specific deep neural networks for emotion recognition in video,"SE Kahou, C Pal, X Bouthillier, P Froumenty, Ç Gülçehre, R Memisevic, ...",Proceedings of the,15th ACM on International conference on multimodal …,449,2013,10489157767107369829,65Yg0jNCQDAC,Yoshua Bengio,kukA0LcAAAAJ
The problem of learning long-term dependencies in recurrent networks,"Y Bengio, P Frasconi, P Simard",IEEE international conference on neural networks,1183-1188,447,1993,11120375005359762462,L8Ckcad2t8MC,Yoshua Bengio,kukA0LcAAAAJ
Neural networks with few multiplications,"Z Lin, M Courbariaux, R Memisevic, Y Bengio",arXiv preprint arXiv:,:1510.03009,443,2015,6931378573591664631,4Yq6kJLCcecC,Yoshua Bengio,kukA0LcAAAAJ
Markovian models for sequential data,Y Bengio,Neural computing surveys,"2 (199), 129-162",443,1999,13242998326329313345,2osOgNQ5qMEC,Yoshua Bengio,kukA0LcAAAAJ
Experience grounds language,"Y Bisk, A Holtzman, J Thomason, J Andreas, Y Bengio, J Chai, M Lapata, ...",arXiv preprint arXiv:,:2004.10151,441,2020,3734668471751920487,MvIMIWP2nqIC,Yoshua Bengio,kukA0LcAAAAJ
Advances in neural information processing systems,"J Yosinski, J Clune, Y Bengio, H Lipson, Z Ghahramani, M Welling, ...",Curr Assoc,"27, 3320-3328",441,2014,13921818827866044736,QBJtjoHflPwC,Yoshua Bengio,kukA0LcAAAAJ
Difference target propagation,"DH Lee, S Zhang, A Fischer, Y Bengio",Machine Learning and Knowledge Discovery in Databases: European Conference …,,436,2015,159463901915917510,iyewoVqAXLQC,Yoshua Bengio,kukA0LcAAAAJ
Boosting neural networks,"H Schwenk, Y Bengio",Neural computation,"12 (8), 1869-1887",435,2000,457213311417071442,Se3iqnhoufwC,Yoshua Bengio,kukA0LcAAAAJ
A meta-transfer objective for learning to disentangle causal mechanisms,"Y Bengio, T Deleu, N Rahaman, R Ke, S Lachapelle, O Bilaniuk, A Goyal, ...",arXiv preprint arXiv:,:1901.10912,432,2019,17277977944855014243,PklR0melJeUC,Yoshua Bengio,kukA0LcAAAAJ
Kernel matching pursuit,"P Vincent, Y Bengio",Machine learning,"48, 165-187",432,2002,2081173319758733627,ufrVoPGSRksC,Yoshua Bengio,kukA0LcAAAAJ
Graph neural networks with learnable structural and positional representations,"VP Dwivedi, AT Luu, T Laurent, Y Bengio, X Bresson",arXiv preprint arXiv:,:2110.07875,430,2021,6297596382755615056,0kYikfLtzSYC,Yoshua Bengio,kukA0LcAAAAJ
Learning algorithms for the classification restricted Boltzmann machine,"H Larochelle, M Mandel, R Pascanu, Y Bengio",The Journal of Machine Learning Research,"13 (1), 643-669",426,2012,114088861233837212,lgwcVrK6X84C,Yoshua Bengio,kukA0LcAAAAJ
Generative adversarial networks (2014),"IJ Goodfellow, J Pouget-Abadie, M Mirza, B Xu, D Warde-Farley, S Ozair, ...",arXiv preprint arXiv:,:1406.2661 1406,424,2019,4275822977541146523,GpOSJs1ZbLkC,Yoshua Bengio,kukA0LcAAAAJ
Drawing and recognizing chinese characters with recurrent neural network,"XY Zhang, F Yin, YM Zhang, CL Liu, Y Bengio",IEEE transactions on pattern analysis and machine intelligence,"40 (4), 849-862",420,2017,3206241657136519344,PuOEWVtPfzwC,Yoshua Bengio,kukA0LcAAAAJ
Graph attention networks,"V Petar, C Guillem, C Arantxa, R Adriana, L Pietro, B Yoshua",International conference on learning representations,8,417,2018,596569404174795659,3ERjdSgnfPsC,Yoshua Bengio,kukA0LcAAAAJ
A character-level decoder without explicit segmentation for neural machine translation,"J Chung, K Cho, Y Bengio",arXiv preprint arXiv:,:1603.06147,415,2016,2193535701900882329,I8rxH6phXEkC,Yoshua Bengio,kukA0LcAAAAJ
Learning general purpose distributed sentence representations via large scale multi-task learning,"S Subramanian, A Trischler, Y Bengio, CJ Pal",arXiv preprint arXiv:,:1804.00079,410,2018,14356338572448823379,yNlG6JgpFqoC,Yoshua Bengio,kukA0LcAAAAJ
Deep learning. 2016,"I Goodfellow, Y Bengio, A Courville",MIT press,,407,2016,8079413196871139915,IF0FbId8XVwC,Yoshua Bengio,kukA0LcAAAAJ
11 label propagation and quadratic criterion,"Y Bengio, O Delalleau, N Le Roux",located at: https://www. researchgate. net/profile/Y_Bengio/publication …,,404,2006,1630869818472058708,_kc_bZDykSQC,Yoshua Bengio,kukA0LcAAAAJ
Zoneout: Regularizing rnns by randomly preserving hidden activations,"D Krueger, T Maharaj, J Kramár, M Pezeshki, N Ballas, NR Ke, A Goyal, ...",arXiv preprint arXiv:,:1606.01305,397,2016,13800900548977291683,9shLKfS_uJEC,Yoshua Bengio,kukA0LcAAAAJ
On the number of response regions of deep feed forward networks with piece-wise linear activations,"R Pascanu, G Montufar, Y Bengio",arXiv preprint arXiv:,:1312.6098,392,2013,13804741060414645093,CYCckWUYoCcC,Yoshua Bengio,kukA0LcAAAAJ
Speech model pre-training for end-to-end spoken language understanding,"L Lugosch, M Ravanelli, P Ignoto, VS Tomar, Y Bengio",arXiv preprint arXiv:,:1904.03670,391,2019,14552676153636619103,8O4vDxvErlEC,Yoshua Bengio,kukA0LcAAAAJ
Deep learning (Vol. 1),"Y Bengio, I Goodfellow, A Courville","Cambridge, MA: MIT Press. Bory, P.",.(2019). Deep new: The shifting narratives …,390,2017,7926878014654276977,5o6HiIVP414C,Yoshua Bengio,kukA0LcAAAAJ
Dendritic cortical microcircuits approximate the backpropagation algorithm,"J Sacramento, R Ponte Costa, Y Bengio, W Senn",Advances in neural information processing systems,31,388,2018,1228666072575338509,6Zm5LS9gQ5UC,Yoshua Bengio,kukA0LcAAAAJ
"High quality document image compression with"" DjVu""","L Bottou, P Haffner, PG Howard, P Simard, Y Bengio, Y Le Cun",Journal of Electronic Imaging,"7 (3), 410-425",386,1998,10836656896855358353,eQOLeE2rZwMC,Yoshua Bengio,kukA0LcAAAAJ
Recurrent independent mechanisms,"A Goyal, A Lamb, J Hoffmann, S Sodhani, S Levine, Y Bengio, ...",arXiv preprint arXiv:,:1909.10893,384,2019,10756182227982355233,654Jc7Ppz2kC,Yoshua Bengio,kukA0LcAAAAJ
Flow network based generative models for non-iterative diverse candidate generation,"E Bengio, M Jain, M Korablyov, D Precup, Y Bengio",Advances in Neural Information Processing Systems,"34, 27381-27394",381,2021,8126213328674234815,52neCvzbxIwC,Yoshua Bengio,kukA0LcAAAAJ
Noisy activation functions,"C Gulcehre, M Moczulski, M Denil, Y Bengio",International conference on machine learning,3059-3068,379,2016,1331667878354003386,In6cVmBjs0IC,Yoshua Bengio,kukA0LcAAAAJ
Learning deep physiological models of affect,"HP Martinez, Y Bengio, GN Yannakakis",IEEE Computational intelligence magazine,"8 (2), 20-33",373,2013,1959359836316635999,kWvqk_afx_IC,Yoshua Bengio,kukA0LcAAAAJ
A deep reinforcement learning chatbot,"IV Serban, C Sankar, M Germain, S Zhang, Z Lin, S Subramanian, T Kim, ...",arXiv preprint arXiv:,:1709.02349,371,2017,13544493882042939542,VnuxuLaQPLMC,Yoshua Bengio,kukA0LcAAAAJ
Generating factoid questions with recurrent neural networks: The 30m factoid question-answer corpus,"IV Serban, A García-Durán, C Gulcehre, S Ahn, S Chandar, A Courville, ...",arXiv preprint arXiv:,:1603.06807,371,2016,6016786167047035563,yeL6HyUMUGUC,Yoshua Bengio,kukA0LcAAAAJ
Reseg: A recurrent neural network-based model for semantic segmentation,"F Visin, M Ciccone, A Romero, K Kastner, K Cho, Y Bengio, M Matteucci, ...",Proceedings of the IEEE conference on computer vision and pattern …,,370,2016,2986032674027487958,kUhpeDhEZMUC,Yoshua Bengio,kukA0LcAAAAJ
Theano: Deep learning on gpus with python,"J Bergstra, F Bastien, O Breuleux, P Lamblin, R Pascanu, O Delalleau, ...",NIPS,"2011, BigLearning Workshop, Granada, Spain 3 (0)",370,2011,7720343841976871044,sJsF-0ZLhtgC,Yoshua Bengio,kukA0LcAAAAJ
Pylearn2: a machine learning research library,"IJ Goodfellow, D Warde-Farley, P Lamblin, V Dumoulin, M Mirza, ...",arXiv preprint arXiv:,:1308.4214,369,2013,10929958050317257010,69ZgNCALVd0C,Yoshua Bengio,kukA0LcAAAAJ
On the optimization of a synaptic learning rule,"S Bengio, Y Bengio, J Cloutier, J Gecsei",Optimality in Biological and Artificial Networks?,265-287,367,2013,15976510420867207462,g5m5HwL7SMYC,Yoshua Bengio,kukA0LcAAAAJ
Global optimization of a neural network-hidden Markov model hybrid,"Y Bengio, R De Mori, G Flammia, R Kompe",IEEE transactions on Neural Networks,"3 (2), 252-259",366,1992,3557233726182793812,W7OEmFMy1HYC,Yoshua Bengio,kukA0LcAAAAJ
The manifold tangent classifier,"S Rifai, YN Dauphin, P Vincent, Y Bengio, X Muller",Advances in neural information processing systems,24,361,2011,8931227741868367171,Ak0FvsSvgGUC,Yoshua Bengio,kukA0LcAAAAJ
Learning eigenfunctions links spectral embedding and kernel PCA,"Y Bengio, O Delalleau, NL Roux, JF Paiement, P Vincent, M Ouimet",Neural computation,"16 (10), 2197-2219",357,2004,2506178606788573263,hqOjcs7Dif8C,Yoshua Bengio,kukA0LcAAAAJ
Hemis: Hetero-modal image segmentation,"M Havaei, N Guizard, N Chapados, Y Bengio",Medical Image Computing and Computer-Assisted Intervention–MICCAI,2016: 19th …,352,2016,2499636605471323967,TGkaJS32XoUC,Yoshua Bengio,kukA0LcAAAAJ
Renet: A recurrent neural network based alternative to convolutional networks,"F Visin, K Kastner, K Cho, M Matteucci, A Courville, Y Bengio",arXiv preprint arXiv:,:1505.00393,352,2015,3973040096029327717,JWITY9-sCbMC,Yoshua Bengio,kukA0LcAAAAJ
Figureqa: An annotated figure dataset for visual reasoning,"SE Kahou, V Michalski, A Atkinson, Á Kádár, A Trischler, Y Bengio",arXiv preprint arXiv:,:1710.07300,350,2017,7004678543332000257,oldoQiaHq2UC,Yoshua Bengio,kukA0LcAAAAJ
Revisiting fundamentals of experience replay,"W Fedus, P Ramachandran, R Agarwal, Y Bengio, H Larochelle, ...",International conference on machine learning,3061-3071,349,2020,3903878477311994541,qwOXE0mbtu4C,Yoshua Bengio,kukA0LcAAAAJ
Multi-task self-supervised learning for robust speech recognition,"M Ravanelli, J Zhong, S Pascual, P Swietojanski, J Monteiro, J Trmal, ...",ICASSP,"2020-2020 IEEE International Conference on Acoustics, Speech and …",349,2020,6198016951426347539,CmbFvBriOyMC,Yoshua Bengio,kukA0LcAAAAJ
Gmnn: Graph markov neural networks,"M Qu, Y Bengio, J Tang",International conference on machine learning,5241-5250,349,2019,3245098325331892267,xIusEVNJREcC,Yoshua Bengio,kukA0LcAAAAJ
Hyena hierarchy: Towards larger convolutional language models,"M Poli, S Massaroli, E Nguyen, DY Fu, T Dao, S Baccus, Y Bengio, ...",International Conference on Machine Learning,28043-28078,345,2023,10459107875802177659,q1ZQJjUA47MC,Yoshua Bengio,kukA0LcAAAAJ
Online and offline handwritten Chinese character recognition: A comprehensive study and new benchmark,"XY Zhang, Y Bengio, CL Liu",Pattern Recognition,"61, 348-360",345,2017,1527269370375575234,BAanoTsO0WEC,Yoshua Bengio,kukA0LcAAAAJ
Batch normalized recurrent neural networks,"C Laurent, G Pereyra, P Brakel, Y Zhang, Y Bengio",,"2016 IEEE International Conference on Acoustics, Speech and Signal …",342,2016,4329497304089214963,qmtmRrLr0tkC,Yoshua Bengio,kukA0LcAAAAJ
Gradient starvation: A learning proclivity in neural networks,"M Pezeshki, O Kaba, Y Bengio, AC Courville, D Precup, G Lajoie",Advances in Neural Information Processing Systems,"34, 1256-1272",329,2021,4980681547647500046,f-E_jMG6T4AC,Yoshua Bengio,kukA0LcAAAAJ
Deep learning. Adaptive computation and machine learning,"I Goodfellow, Y Bengio, A Courville","Massachusetts, USA",,328,2017,6697722854245098826,YbLjypsZzowC,Yoshua Bengio,kukA0LcAAAAJ
Maximum-likelihood augmented discrete generative adversarial networks,"T Che, Y Li, R Zhang, RD Hjelm, W Li, Y Song, Y Bengio",arXiv preprint arXiv:,:1702.07983,326,2017,15378466307857672293,AFmTUeZ1pmEC,Yoshua Bengio,kukA0LcAAAAJ
Unsupervised state representation learning in atari,"A Anand, E Racah, S Ozair, Y Bengio, MA Côté, RD Hjelm",Advances in neural information processing systems,32,324,2019,6441557733735697646,hrkNWuzUpWwC,Yoshua Bengio,kukA0LcAAAAJ
The consciousness prior,Y Bengio,arXiv preprint arXiv:,:1709.08568,320,2017,6960875187914165958,NU-BerS4NX4C,Yoshua Bengio,kukA0LcAAAAJ
Adaptive importance sampling to accelerate training of a neural probabilistic language model,"Y Bengio, JS Senécal",IEEE Transactions on Neural Networks,"19 (4), 713-722",315,2008,"9106731634011720946,10286515350096595449",vRqMK49ujn8C,Yoshua Bengio,kukA0LcAAAAJ
Invariance principle meets information bottleneck for out-of-distribution generalization,"K Ahuja, E Caballero, D Zhang, JC Gagnon-Audet, Y Bengio, I Mitliagkas, ...",Advances in Neural Information Processing Systems,"34, 3438-3450",313,2021,10178460694187008853,pk6FPx6l9xIC,Yoshua Bengio,kukA0LcAAAAJ
The curse of highly variable functions for local kernel machines,"Y Bengio, O Delalleau, N Roux",Advances in neural information processing systems,18,312,2005,5818301175910872211,7PzlFSSx8tAC,Yoshua Bengio,kukA0LcAAAAJ
The pytorch-kaldi speech recognition toolkit,"M Ravanelli, T Parcollet, Y Bengio",ICASSP,"2019-2019 IEEE International Conference on Acoustics, Speech and …",311,2019,17324367648284647880,UarirCmVI0EC,Yoshua Bengio,kukA0LcAAAAJ
Justifying and generalizing contrastive divergence,"Y Bengio, O Delalleau",Neural computation,"21 (6), 1601-1621",305,2009,6728758092196737054,RHpTSmoSYBkC,Yoshua Bengio,kukA0LcAAAAJ
Improving and generalizing flow-based generative models with minibatch optimal transport,"A Tong, K Fatras, N Malkin, G Huguet, Y Zhang, J Rector-Brooks, G Wolf, ...",arXiv preprint arXiv:,:2302.00482,304,2023,"16319588559791991733,2379433960967854998",w2Aknop99M4C,Yoshua Bengio,kukA0LcAAAAJ
Unsupervised and transfer learning challenge: a deep learning approach,"G Mesnil, Y Dauphin, X Glorot, S Rifai, Y Bengio, I Goodfellow, E Lavoie, ...",Proceedings of ICML Workshop on Unsupervised and Transfer Learning,97-110,304,2012,14743693950972708352,-_dYPAW6P2MC,Yoshua Bengio,kukA0LcAAAAJ
Convex neural networks,"Y Bengio, N Roux, P Vincent, O Delalleau, P Marcotte",Advances in neural information processing systems,18,292,2005,6719480376751148424,zA6iFVUQeVQC,Yoshua Bengio,kukA0LcAAAAJ
Predicting covid-19 pneumonia severity on chest x-ray with deep learning,"JP Cohen, L Dao, K Roth, P Morrison, Y Bengio, AF Abbasi, B Shen, ...",Cureus,12 (7),288,2020,7634066355180054728,n8FNryW2AHIC,Yoshua Bengio,kukA0LcAAAAJ
Measuring the tendency of cnns to learn surface statistical regularities,"J Jo, Y Bengio",arXiv preprint arXiv:,:1711.11561,288,2017,6524268682402737232,BPS1z4jHU5cC,Yoshua Bengio,kukA0LcAAAAJ
Learning problem-agnostic speech representations from multiple self-supervised tasks,"S Pascual, M Ravanelli, J Serra, A Bonafonte, Y Bengio",arXiv preprint arXiv:,:1904.03416,286,2019,8124572089777218359,qYOp8iumCsAC,Yoshua Bengio,kukA0LcAAAAJ
Deep learning book,"I Goodfellow, Y Bengio, A Courville",MIT Press,"521 (7553), 800",285,2016,12579312237057335736,HmWvvuJwtxYC,Yoshua Bengio,kukA0LcAAAAJ
Towards end-to-end spoken language understanding,"D Serdyuk, Y Wang, C Fuegen, A Kumar, B Liu, Y Bengio",,"2018 IEEE International Conference on Acoustics, Speech and Signal …",283,2018,9980092782788196668,nOiSByfp82kC,Yoshua Bengio,kukA0LcAAAAJ
Learning normalized inputs for iterative estimation in medical image segmentation,"M Drozdzal, G Chartrand, E Vorontsov, M Shakeri, L Di Jorio, A Tang, ...",Medical image analysis,"44, 1-13",278,2018,5692531314857488836,sgsej9ZJWHMC,Yoshua Bengio,kukA0LcAAAAJ
"Courville., A.: Deep Learning","I Goodfellow, Y Bengio",Deep learning,800,278,2016,12511447280467832387,f2PrUAIjnKUC,Yoshua Bengio,kukA0LcAAAAJ
Proceedings of the thirteenth international conference on artificial intelligence and statistics,"X Glorot, Y Bengio",Understanding the difficulty of training deep feedforward neural networks …,,278,2010,4389502028231983668,PuYkdpj8xa4C,Yoshua Bengio,kukA0LcAAAAJ
Audio Chord Recognition with Recurrent Neural Networks.,"N Boulanger-Lewandowski, Y Bengio, P Vincent",ISMIR,335-340,277,2013,8644784458455419344,pS0ncopqnHgC,Yoshua Bengio,kukA0LcAAAAJ
K-local hyperplane and convex distance nearest neighbor algorithms,"P Vincent, Y Bengio",Advances in neural information processing systems,14,271,2001,13825031176264460979,0EnyYjriUFMC,Yoshua Bengio,kukA0LcAAAAJ
Disentangling factors of variation for facial expression recognition,"S Rifai, Y Bengio, A Courville, P Vincent, M Mirza",Computer Vision–ECCV,2012: 12th European Conference on Computer Vision …,269,2012,10894114074651329005,j7_hQOaDUrUC,Yoshua Bengio,kukA0LcAAAAJ
Gflownet foundations,"Y Bengio, S Lahlou, T Deleu, EJ Hu, M Tiwari, E Bengio",Journal of Machine Learning Research,"24 (210), 1-55",267,2023,10603769036240308244,7uOkfv6XYJ4C,Yoshua Bengio,kukA0LcAAAAJ
Low precision arithmetic for deep learning.,"M Courbariaux, Y Bengio, JP David",ICLR (Workshop),,267,2015,4868055978589294867,nPT8s1NX_-sC,Yoshua Bengio,kukA0LcAAAAJ
Artificial neural networks applied to taxi destination prediction,"A De Brébisson, É Simon, A Auvolat, P Vincent, Y Bengio",arXiv preprint arXiv:,:1508.00021,263,2015,2704347778960358410,wUn16MOA3RoC,Yoshua Bengio,kukA0LcAAAAJ
Deep learning for NLP (without magic),"R Socher, Y Bengio, CD Manning",Tutorial Abstracts of ACL,"2012, 5-5",263,2012,"12559066724257996263,8829651043503893982",8RAEygVn5_EC,Yoshua Bengio,kukA0LcAAAAJ
Denoising criterion for variational auto-encoding framework,"D Im Im, S Ahn, R Memisevic, Y Bengio",Proceedings of the AAAI conference on artificial intelligence,31 (1),257,2017,"16530852898687870542,10148340702583479766",Vr2j17o0sqMC,Yoshua Bengio,kukA0LcAAAAJ
Topmoumoute online natural gradient algorithm,"N Roux, PA Manzagol, Y Bengio",Advances in neural information processing systems,20,256,2007,12795054320160702164,yD5IFk8b50cC,Yoshua Bengio,kukA0LcAAAAJ
Babyai: A platform to study the sample efficiency of grounded language learning,"M Chevalier-Boisvert, D Bahdanau, S Lahlou, L Willems, C Saharia, ...",arXiv preprint arXiv:,:1810.08272,252,2018,16615836502291630253,Lo8V22OuN40C,Yoshua Bengio,kukA0LcAAAAJ
Multiresolution recurrent neural networks: An application to dialogue response generation,"I Serban, T Klinger, G Tesauro, K Talamadupula, B Zhou, Y Bengio, ...",Proceedings of the AAAI Conference on Artificial Intelligence,31 (1),252,2017,4269931547013111900,natZJ_-F0IUC,Yoshua Bengio,kukA0LcAAAAJ
Efficient non-parametric function induction in semi-supervised learning,"O Delalleau, Y Bengio, N Le Roux",International Workshop on Artificial Intelligence and Statistics,96-103,251,2005,98232010746411697,Zph67rFs4hoC,Yoshua Bengio,kukA0LcAAAAJ
LeRec: A NN/HMM hybrid for on-line handwriting recognition,"Y Bengio, Y LeCun, C Nohl, C Burges",Neural computation,"7 (6), 1289-1303",251,1995,7744238644370609677,8k81kl-MbHgC,Yoshua Bengio,kukA0LcAAAAJ
Variance reduction in sgd by distributed importance sampling,"G Alain, A Lamb, C Sankar, A Courville, Y Bengio",arXiv preprint arXiv:,:1511.06481,243,2015,2942384199984955651,WwIwg2wKZ0QC,Yoshua Bengio,kukA0LcAAAAJ
Neural networks for speech and sequence recognition,Y Bengio,(No Title),,242,1996,17354990141214519657,_FxGoFyzp5QC,Yoshua Bengio,kukA0LcAAAAJ
Hierarchical neural network generative models for movie dialogues,"IV Serban, A Sordoni, Y Bengio, A Courville, J Pineau",arXiv preprint arXiv:,":1507.04808 7 (8), 434-441",240,2015,4508749076981224996,m4fbC6XIj1kC,Yoshua Bengio,kukA0LcAAAAJ
Learning to understand phrases by embedding the dictionary,"F Hill, K Cho, A Korhonen, Y Bengio",Transactions of the Association for Computational Linguistics,"4, 17-30",238,2016,7466390602252058159,jmjb1lOE9QIC,Yoshua Bengio,kukA0LcAAAAJ
Z-forcing: Training stochastic recurrent networks,"AG ALIAS PARTH GOYAL, A Sordoni, MA Côté, NR Ke, Y Bengio",Advances in neural information processing systems,30,236,2017,13517121338688320232,Nnq8S6OXqDYC,Yoshua Bengio,kukA0LcAAAAJ
Rnnlogic: Learning logic rules for reasoning on knowledge graphs,"M Qu, J Chen, LP Xhonneux, Y Bengio, J Tang",arXiv preprint arXiv:,:2010.04029,232,2020,15092610783958587096,ddB7do2jUx8C,Yoshua Bengio,kukA0LcAAAAJ
Boundary-seeking generative adversarial networks,"RD Hjelm, AP Jacob, T Che, A Trischler, K Cho, Y Bengio",arXiv preprint arXiv:,:1702.08431,232,2017,7554343861717834099,gubd_9ZgCi8C,Yoshua Bengio,kukA0LcAAAAJ
Learned-norm pooling for deep feedforward and recurrent neural networks,"C Gulcehre, K Cho, R Pascanu, Y Bengio",Machine Learning and Knowledge Discovery in Databases: European Conference …,,231,2014,3140333540322750501,unp9ATQDT5gC,Yoshua Bengio,kukA0LcAAAAJ
Quick training of probabilistic neural nets by importance sampling,"Y Bengio, JS Senécal",International Workshop on Artificial Intelligence and Statistics,17-24,230,2003,6889794590713422991,bFI3QPDXJZMC,Yoshua Bengio,kukA0LcAAAAJ
Fine-grained attention mechanism for neural machine translation,"H Choi, K Cho, Y Bengio",Neurocomputing,"284, 171-176",220,2018,5187555304906694867,NXYAu82O0W8C,Yoshua Bengio,kukA0LcAAAAJ
Catalyzing next-generation artificial intelligence through neuroai,"A Zador, S Escola, B Richards, B Ölveczky, Y Bengio, K Boahen, ...",Nature communications,"14 (1), 1597",216,2023,7012396176970419900,lAfYOIClFDQC,Yoshua Bengio,kukA0LcAAAAJ
Deep learners benefit more from out-of-distribution examples,"Y Bengio, F Bastien, A Bergeron, N Boulanger–Lewandowski, T Breuel, ...",Proceedings of the fourteenth international conference on artificial …,,215,2011,10528790577331404144,z_wVstp3MssC,Yoshua Bengio,kukA0LcAAAAJ
Deep belief networks are compact universal approximators,"N Le Roux, Y Bengio",Neural computation,"22 (8), 2192-2207",214,2010,5521806026195316228,pyW8ca7W8N0C,Yoshua Bengio,kukA0LcAAAAJ
Modeling high-dimensional discrete data with multi-layer neural networks,"Y Bengio, S Bengio",Advances in neural information processing systems,12,212,1999,5662192127574743121,s-mE-ZzancgC,Yoshua Bengio,kukA0LcAAAAJ
Knowledge matters: Importance of prior information for optimization,"Ç Gülçehre, Y Bengio",The Journal of Machine Learning Research,"17 (1), 226-257",209,2016,13207502522076545905,Dem6FJhTUoYC,Yoshua Bengio,kukA0LcAAAAJ
How auto-encoders could provide credit assignment in deep networks via target propagation,Y Bengio,arXiv preprint arXiv:,:1407.7906,209,2014,11714052021876558153,z6xuaG2dYH0C,Yoshua Bengio,kukA0LcAAAAJ
Reweighted wake-sleep,"J Bornschein, Y Bengio",arXiv preprint arXiv:,:1406.2751,209,2014,1461568663093627733,2ywjKiB__4kC,Yoshua Bengio,kukA0LcAAAAJ
BabyAI: First steps towards grounded language learning with a human in the loop,"M Chevalier-Boisvert, D Bahdanau, S Lahlou, L Willems, C Saharia, ...",International Conference on Learning Representations,105,207,2019,14187709255322514127,koF6b02d8EEC,Yoshua Bengio,kukA0LcAAAAJ
Blocks and fuel: Frameworks for deep learning,"B Van Merriënboer, D Bahdanau, V Dumoulin, D Serdyuk, ...",arXiv preprint arXiv:,:1506.00619,206,2015,4943732668085099749,wLxue7F8ec0C,Yoshua Bengio,kukA0LcAAAAJ
Theano: A Python framework for fast computation of mathematical expressions,"TTD Team, R Al-Rfou, G Alain, A Almahairi, C Angermueller, D Bahdanau, ...",arXiv preprint arXiv:,:1605.02688,205,2016,17332373163917841320,xGWFX6Gbr9MC,Yoshua Bengio,kukA0LcAAAAJ
Architectural complexity measures of recurrent neural networks,"S Zhang, Y Wu, T Che, Z Lin, R Memisevic, RR Salakhutdinov, Y Bengio",Advances in neural information processing systems,29,203,2016,9430461092837132372,RMgMIBzvq-4C,Yoshua Bengio,kukA0LcAAAAJ
Convolutional networks,"I Goodfellow, Y Bengio, A Courville",Deep learning,"2016, 330-372",200,2016,15070373216217487201,YanO1q2l3soC,Yoshua Bengio,kukA0LcAAAAJ
Neural net language models,Y Bengio,Scholarpedia,"3 (1), 3881",199,2008,16279174208471550977,_xSYboBqXhAC,Yoshua Bengio,kukA0LcAAAAJ
Graphmix: Improved training of gnns for semi-supervised learning,"V Verma, M Qu, K Kawaguchi, A Lamb, Y Bengio, J Kannala, J Tang",Proceedings of the AAAI conference on artificial intelligence,"35 (11), 10024 …",196,2021,9976251862670174651,MnogvFdIBdwC,Yoshua Bengio,kukA0LcAAAAJ
Learning neural causal models from unknown interventions,"NR Ke, O Bilaniuk, A Goyal, S Bauer, H Larochelle, B Schölkopf, ...",arXiv preprint arXiv:,:1910.01075,196,2019,17856737708526146743,5p9vMBpPSXYC,Yoshua Bengio,kukA0LcAAAAJ
Biological sequence design with gflownets,"M Jain, E Bengio, A Hernandez-Garcia, J Rector-Brooks, BFP Dossou, ...",International Conference on Machine Learning,9786-9801,195,2022,13153301030980981497,WYtWvJut7doC,Yoshua Bengio,kukA0LcAAAAJ
Count-ception: Counting by fully convolutional redundant counting,"J Paul Cohen, G Boucher, CA Glastonbury, HZ Lo, Y Bengio",Proceedings of the IEEE International conference on computer vision …,,195,2017,10327300488630750629,j5aT6aphRxQC,Yoshua Bengio,kukA0LcAAAAJ
6.2. 2.3 softmax units for multinoulli output distributions,"I Goodfellow, Y Bengio, A Courville",Deep learning,180,195,2016,7218762039149923193,BSZS1fLCB98C,Yoshua Bengio,kukA0LcAAAAJ
Multi-prediction deep Boltzmann machines,"I Goodfellow, M Mirza, A Courville, Y Bengio",Advances in Neural Information Processing Systems,26,194,2013,13540485793975723616,IsPWOBWtZBwC,Yoshua Bengio,kukA0LcAAAAJ
Montreal neural machine translation systems for WMT’15,"S Jean, O Firat, K Cho, R Memisevic, Y Bengio",Proceedings of the tenth workshop on statistical machine translation,134-140,192,2015,12929504932969493366,sfnaS5RM6jYC,Yoshua Bengio,kukA0LcAAAAJ
On multiplicative integration with recurrent neural networks,"Y Wu, S Zhang, Y Zhang, Y Bengio, RR Salakhutdinov",Advances in neural information processing systems,29,190,2016,17930548915839972836,vnF2_uLGgtgC,Yoshua Bengio,kukA0LcAAAAJ
Infobot: Transfer and exploration via the information bottleneck,"A Goyal, R Islam, D Strouse, Z Ahmed, M Botvinick, H Larochelle, ...",arXiv preprint arXiv:,:1901.10902,186,2019,4130805279522394424,e0LTWoPxLYMC,Yoshua Bengio,kukA0LcAAAAJ
Improving generative adversarial networks with denoising feature matching,"D Warde-Farley, Y Bengio",International conference on learning representations,,185,2017,12923668823698343528,qPeb-qHga9sC,Yoshua Bengio,kukA0LcAAAAJ
Consciousness in artificial intelligence: insights from the science of consciousness,"P Butlin, R Long, E Elmoznino, Y Bengio, J Birch, A Constant, G Deane, ...",arXiv preprint arXiv:,:2308.08708,183,2023,8239061011717183910,fXbrI0tPCuEC,Yoshua Bengio,kukA0LcAAAAJ
Trajectory balance: Improved credit assignment in gflownets,"N Malkin, M Jain, E Bengio, C Sun, Y Bengio",Advances in Neural Information Processing Systems,"35, 5955-5967",183,2022,6680117776194765384,n2kG1_zAmykC,Yoshua Bengio,kukA0LcAAAAJ
A Very Fast Learning Method for Neural Networks Based on Sensitivity Analysis.,"E Castillo, B Guijarro-Berdinas, O Fontenla-Romero, A Alonso-Betanzos, ...",Journal of Machine Learning Research,7 (7),182,2006,10840530359755649967,-TLX1-BxFiYC,Yoshua Bengio,kukA0LcAAAAJ
Quaternion recurrent neural networks,"T Parcollet, M Ravanelli, M Morchid, G Linarès, C Trabelsi, R De Mori, ...",arXiv preprint arXiv:,:1806.04418,181,2018,13606271573268587298,rzmi0EmCOGEC,Yoshua Bengio,kukA0LcAAAAJ
Neural networks: Tricks of the trade,"Y Bengio, G Montavon, GB Orr, KR Müller",Practical Recommendations for Gradient-Based Training of Deep Architectures …,,181,2012,18201476087623897749,NWFKKQzSIN4C,Yoshua Bengio,kukA0LcAAAAJ
"Globally trained handwritten word recognizer using spatial representation, convolutional neural networks, and hidden Markov models","Y Bengio, Y LeCun, D Henderson",Advances in neural information processing systems,6,180,1993,2074053659432719989,ULOm3_A8WrAC,Yoshua Bengio,kukA0LcAAAAJ
Model evaluation for extreme risks,"T Shevlane, S Farquhar, B Garfinkel, M Phuong, J Whittlestone, J Leung, ...",arXiv preprint arXiv:,:2305.15324,179,2023,9114343397428408750,pXiCqeVOhFwC,Yoshua Bengio,kukA0LcAAAAJ
"Archy de Berker, Surya Ganguli, et al. A deep learning framework for neuroscience","BA Richards, TP Lillicrap, P Beaudoin, Y Bengio, R Bogacz, ...",Nature neuroscience,"22 (11), 1761-1770",179,2019,514548740737670635,1Lcp1PKUB6cC,Yoshua Bengio,kukA0LcAAAAJ
The need for privacy with public digital contact tracing during the COVID-19 pandemic,"Y Bengio, R Janda, YW Yu, D Ippolito, M Jarvie, D Pilat, B Struck, ...",The Lancet Digital Health,"2 (7), e342-e344",175,2020,2059333498263731429,qQc65DSaYXMC,Yoshua Bengio,kukA0LcAAAAJ
Manifold parzen windows,"P Vincent, Y Bengio",Advances in neural information processing systems,15,174,2002,7007780751823226085,M3ejUd6NZC8C,Yoshua Bengio,kukA0LcAAAAJ
Learning to navigate the synthetically accessible chemical space using reinforcement learning,"SK Gottipati, B Sattarov, S Niu, Y Pathak, H Wei, S Liu, S Blackburn, ...",International conference on machine learning,3668-3679,173,2020,12254018210357831699,l7iSsH4_Im4C,Yoshua Bengio,kukA0LcAAAAJ
Residual connections encourage iterative inference,"S Jastrzębski, D Arpit, N Ballas, V Verma, T Che, Y Bengio",arXiv preprint arXiv:,:1710.04773,172,2017,14453729681594903284,pRWBApOjXDcC,Yoshua Bengio,kukA0LcAAAAJ
Hybrid models for learning to branch,"P Gupta, M Gasse, E Khalil, P Mudigonda, A Lodi, Y Bengio",Advances in neural information processing systems,"33, 18087-18097",171,2020,15951000887589486103,9fRKRCJz75UC,Yoshua Bengio,kukA0LcAAAAJ
Proceedings of the fourteenth international conference on artificial intelligence and statistics,"X Glorot, A Bordes, Y Bengio",PMLR,"15, 315-323",171,2011,12513502658465520371,L8oS6_awjPoC,Yoshua Bengio,kukA0LcAAAAJ
Deep directed generative models with energy-based probability estimation,"T Kim, Y Bengio",arXiv preprint arXiv:,:1606.03439,168,2016,6842934472325831763,XDrR66g3YHsC,Yoshua Bengio,kukA0LcAAAAJ
Model selection for small sample regression,"O Chapelle, V Vapnik, Y Bengio",Machine Learning,"48, 9-23",168,2002,15517846690887260433,mB3voiENLucC,Yoshua Bengio,kukA0LcAAAAJ
Taking on the curse of dimensionality in joint distributions using neural networks,"S Bengio, Y Bengio",IEEE Transactions on Neural Networks,"11 (3), 550-557",168,2000,14205844407653595860,r0BpntZqJG4C,Yoshua Bengio,kukA0LcAAAAJ
Hnhn: Hypergraph networks with hyperedge neurons,"Y Dong, W Sawin, Y Bengio",arXiv preprint arXiv:,:2006.12278,164,2020,4966262571746309154,1pC5hbHeJ6IC,Yoshua Bengio,kukA0LcAAAAJ
Aprendizaje profundo,"Y LeCun, Y Bengio, G Hinton",Nature,"521 (7553), 436-444",164,2015,10053631413279396696,lDOOmgye57wC,Yoshua Bengio,kukA0LcAAAAJ
An empirical analysis of dropout in piecewise linear networks,"D Warde-Farley, IJ Goodfellow, A Courville, Y Bengio",arXiv preprint arXiv:,:1312.6197,161,2013,9566620951795352560,UmS_249rOGwC,Yoshua Bengio,kukA0LcAAAAJ
BigBrain 3D atlas of cortical layers: Cortical and laminar thickness gradients diverge in sensory and motor cortices,"K Wagstyl, S Larocque, G Cucurull, C Lepage, JP Cohen, S Bludau, ...",PLoS biology,"18 (4), e3000678",159,2020,12836228446625091838,Weau3kkTRIMC,Yoshua Bengio,kukA0LcAAAAJ
Ensemble of generative and discriminative techniques for sentiment analysis of movie reviews,"G Mesnil, T Mikolov, MA Ranzato, Y Bengio",arXiv preprint arXiv:,:1412.5335,159,2014,6542562276123048894,t-hv7AR41mYC,Yoshua Bengio,kukA0LcAAAAJ
Bayesian structure learning with generative flow networks,"T Deleu, A Góis, C Emezue, M Rankawat, S Lacoste-Julien, S Bauer, ...",Uncertainty in Artificial Intelligence,518-528,158,2022,2612870162252151595,B71Od6CY_ssC,Yoshua Bengio,kukA0LcAAAAJ
Gated orthogonal recurrent units: On learning to forget,"L Jing, C Gulcehre, J Peurifoy, Y Shen, M Tegmark, M Soljacic, Y Bengio",Neural computation,"31 (4), 765-783",158,2019,5167906201054631329,cSdaV2aYdYsC,Yoshua Bengio,kukA0LcAAAAJ
Interpretable convolutional filters with sincnet,"M Ravanelli, Y Bengio",arXiv preprint arXiv:,:1811.09725,158,2018,8724244211104021179,SPgmg5JLkoEC,Yoshua Bengio,kukA0LcAAAAJ
Causalworld: A robotic manipulation benchmark for causal structure and transfer learning,"O Ahmed, F Träuble, A Goyal, A Neitz, Y Bengio, B Schölkopf, M Wüthrich, ...",arXiv preprint arXiv:,:2010.04296,157,2020,13832770052357029885,TuM7UPshZo8C,Yoshua Bengio,kukA0LcAAAAJ
Tempered Markov chain Monte Carlo for training of restricted Boltzmann machines,"G Desjardins, A Courville, Y Bengio, P Vincent, O Delalleau",Proceedings of the thirteenth international conference on artificial …,,157,2010,7194634392171839437,lSLTfruPkqcC,Yoshua Bengio,kukA0LcAAAAJ
A neural knowledge language model,"S Ahn, H Choi, T Pärnamaa, Y Bengio",arXiv preprint arXiv:,:1608.00318,155,2016,6251488455740325204,3lUAU8Oskd0C,Yoshua Bengio,kukA0LcAAAAJ
Modeling term dependencies with quantum language models for IR,"A Sordoni, JY Nie, Y Bengio",Proceedings of the,36th international ACM SIGIR conference on Research and …,155,2013,4593606877694337561,eO3_k5sD8BwC,Yoshua Bengio,kukA0LcAAAAJ
Do neural dialog systems use the conversation history effectively? an empirical study,"C Sankar, S Subramanian, C Pal, S Chandar, Y Bengio",arXiv preprint arXiv:,:1906.01603,153,2019,13181477035505871692,71d7Y1FijdoC,Yoshua Bengio,kukA0LcAAAAJ
End-to-end online writer identification with recurrent neural network,"XY Zhang, GS Xie, CL Liu, Y Bengio",IEEE transactions on human-machine systems,"47 (2), 285-292",151,2016,11352899327973879307,qsWQJNntlusC,Yoshua Bengio,kukA0LcAAAAJ
Learning neural generative dynamics for molecular conformation generation,"M Xu, S Luo, Y Bengio, J Peng, J Tang",arXiv preprint arXiv:,:2102.10240,150,2021,16334633079476851380,dgXhHFWAKKUC,Yoshua Bengio,kukA0LcAAAAJ
Obamanet: Photo-realistic lip-sync from text,"R Kumar, J Sotelo, K Kumar, A De Brebisson, Y Bengio",arXiv preprint arXiv:,:1801.01442,150,2017,17313009251575528592,u0Mu_IsstPMC,Yoshua Bengio,kukA0LcAAAAJ
Deep feedforward networks,"I Goodfellow, Y Bengio, A Courville",Deep learning,"1, 161-217",149,2016,16096339831864192195,sfsSB7lKuh0C,Yoshua Bengio,kukA0LcAAAAJ
Temporal Pooling and Multiscale Learning for Automatic Annotation and Ranking of Music Audio.,"P Hamel, S Lemieux, Y Bengio, D Eck",ISMIR,729-734,148,2011,10525072296169771025,VLnqNzywnoUC,Yoshua Bengio,kukA0LcAAAAJ
Understanding representations learned in deep architectures,"D Erhan, A Courville, Y Bengio","Department dInformatique et Recherche Operationnelle, University of Montreal …",,148,2010,8026134095191205003,fEOibwPWpKIC,Yoshua Bengio,kukA0LcAAAAJ
Deep learning. Book in preparation for MIT Press,"I Goodfellow, Y Bengio, A Courville",URL¡ http://www. deeplearningbook. org,1,146,2016,6949247437555823291,aCwMkEyfDy8C,Yoshua Bengio,kukA0LcAAAAJ
On the relation between the sharpest directions of DNN loss and the SGD step length,"S Jastrzębski, Z Kenton, N Ballas, A Fischer, Y Bengio, A Storkey",arXiv preprint arXiv:,:1807.05031,144,2018,"3857357074541596262,3753892043506547082",jRIwE-1ttnoC,Yoshua Bengio,kukA0LcAAAAJ
Neural models for key phrase detection and question generation,"S Subramanian, T Wang, X Yuan, S Zhang, Y Bengio, A Trischler",arXiv preprint arXiv:,:1706.04560,143,2017,10896443901789714056,za7pDTvVV8kC,Yoshua Bengio,kukA0LcAAAAJ
Deep learning for patient-specific kidney graft survival analysis,"M Luck, T Sylvain, H Cardinal, A Lodi, Y Bengio",arXiv preprint arXiv:,:1705.10245,143,2017,5311597766713340729,rFyVMFCKTwsC,Yoshua Bengio,kukA0LcAAAAJ
Global training of document processing systems using graph transformer networks,"L Bottou, Y Bengio, Y Le Cun",proceedings of IEEE computer society conference on computer vision and …,,142,1997,1446284311611403439,iH-uZ7U-co4C,Yoshua Bengio,kukA0LcAAAAJ
Feature-wise transformations,"V Dumoulin, E Perez, N Schucher, F Strub, H Vries, A Courville, Y Bengio",Distill,"3 (7), e11",141,2018,11453164601509691814,GUYAmugLYisC,Yoshua Bengio,kukA0LcAAAAJ
A spike and slab restricted Boltzmann machine,"A Courville, J Bergstra, Y Bengio",Proceedings of the fourteenth international conference on artificial …,,141,2011,9993202119076685143,geHnlv5EZngC,Yoshua Bengio,kukA0LcAAAAJ
Your GAN is secretly an energy-based model and you should use discriminator driven latent sampling,"T Che, R Zhang, J Sohl-Dickstein, H Larochelle, L Paull, Y Cao, Y Bengio",Advances in Neural Information Processing Systems,"33, 12275-12287",140,2020,9997426710568879308,ExNiBuTMO9IC,Yoshua Bengio,kukA0LcAAAAJ
On integrating a language model into neural machine translation,"C Gulcehre, O Firat, K Xu, K Cho, Y Bengio",Computer Speech & Language,"45, 137-148",139,2017,10627880344374249572,c1AJUTjuCtUC,Yoshua Bengio,kukA0LcAAAAJ
Multi-task learning for stock selection,"J Ghosn, Y Bengio",Advances in neural information processing systems,9,139,1996,11746346801277168047,isC4tDSrTZIC,Yoshua Bengio,kukA0LcAAAAJ
Deconstructing the ladder network architecture,"M Pezeshki, L Fan, P Brakel, A Courville, Y Bengio",International conference on machine learning,2368-2376,137,2016,17613392959341602735,lg2tdxc6qMwC,Yoshua Bengio,kukA0LcAAAAJ
Deep Learning Cambridge,"I Goodfellow, Y Bengio, A Courville, Y Bengio",MA: MIT Press http://www. deeplearningbook. org,,137,2016,338427097240393492,Qs68GpkTGbMC,Yoshua Bengio,kukA0LcAAAAJ
Reading checks with multilayer graph transformer networks,"Y Le Cun, L Bottou, Y Bengio",,"1997 IEEE International Conference on Acoustics, Speech, and Signal …",137,1997,"16876750052330187450,18125223141118242116",blknAaTinKkC,Yoshua Bengio,kukA0LcAAAAJ
Context-dependent word representation for neural machine translation,"H Choi, K Cho, Y Bengio",Computer Speech & Language,"45, 149-160",136,2017,4647624025118762008,aDl3D7KC1E4C,Yoshua Bengio,kukA0LcAAAAJ
Regularization for deep learning,"I Goodfellow, Y Bengio, A Courville",Deep learning,216-261,136,2016,7952986147130977183,6LV2YwJzdtgC,Yoshua Bengio,kukA0LcAAAAJ
Parameterizing branch-and-bound search trees to learn branching policies,"G Zarpellon, J Jo, A Lodi, Y Bengio",Proceedings of the aaai conference on artificial intelligence,"35 (5), 3931-3939",135,2021,17147625386303344792,UEFpDhwOD2kC,Yoshua Bengio,kukA0LcAAAAJ
Decision trees do not generalize to new variations,"Y Bengio, O Delalleau, C Simard",Computational Intelligence,"26 (4), 449-467",135,2010,7090876028816919576,8AbLer7MMksC,Yoshua Bengio,kukA0LcAAAAJ
Non-local manifold tangent learning,"Y Bengio, M Monperrus",Advances in neural information processing systems,17,135,2004,4214643287677890739,TQgYirikUcIC,Yoshua Bengio,kukA0LcAAAAJ
Meta-learning framework with applications to zero-shot time-series forecasting,"BN Oreshkin, D Carpov, N Chapados, Y Bengio",Proceedings of the AAAI conference on artificial intelligence,"35 (10), 9242-9250",134,2021,16083573515921531376,ZJ-noXUx9mkC,Yoshua Bengio,kukA0LcAAAAJ
Wasserstein dependency measure for representation learning,"S Ozair, C Lynch, Y Bengio, A Van den Oord, S Levine, P Sermanet",Advances in Neural Information Processing Systems,32,134,2019,14518319265059206134,lSLsV1MU4ZUC,Yoshua Bengio,kukA0LcAAAAJ
A walk with sgd,"C Xing, D Arpit, C Tsirigotis, Y Bengio",arXiv preprint arXiv:,:1802.08770,134,2018,3364176666912828357,GtqhT-R7ZnwC,Yoshua Bengio,kukA0LcAAAAJ
Use machine learning to find energy materials,"P De Luna, J Wei, Y Bengio, A Aspuru-Guzik, E Sargent",Nature,"552 (7683), 23-27",134,2017,14614244298447248669,Y0RG-0fxPaAC,Yoshua Bengio,kukA0LcAAAAJ
A hybrid Pareto model for asymmetric fat-tailed data: the univariate case,"J Carreau, Y Bengio",Extremes,"12, 53-76",134,2009,1257035032919992644,dshw04ExmUIC,Yoshua Bengio,kukA0LcAAAAJ
Hyperbolic discounting and learning over multiple horizons,"W Fedus, C Gelada, Y Bengio, MG Bellemare, H Larochelle",arXiv preprint arXiv:,:1902.06865,133,2019,4113613282117941672,eIKNFFVQvJAC,Yoshua Bengio,kukA0LcAAAAJ
Proceedings of the 25th international conference on Machine learning,"P Vincent, H Larochelle, Y Bengio, PA Manzagol",ACM,,132,2008,10113896297167204088,fHS53ZCY-AEC,Yoshua Bengio,kukA0LcAAAAJ
Systematic generalisation with group invariant predictions,"F Ahmed, Y Bengio, H Van Seijen, A Courville",International Conference on Learning Representations,,131,2020,11040837853288782737,SyxJh60XUSQC,Yoshua Bengio,kukA0LcAAAAJ
Collaborative filtering on a family of biological targets,"D Erhan, PJ L'heureux, SY Yue, Y Bengio",Journal of chemical information and modeling,"46 (2), 626-635",131,2006,16097684199474109417,-f6ydRqryjwC,Yoshua Bengio,kukA0LcAAAAJ
Highres-net: Recursive fusion for multi-frame super-resolution of satellite imagery,"M Deudon, A Kalaitzis, I Goytom, MR Arefin, Z Lin, K Sankaran, ...",arXiv preprint arXiv:,:2002.06460,130,2020,13742577934760329354,JoHZYnTS1h4C,Yoshua Bengio,kukA0LcAAAAJ
On the saddle point problem for non-convex optimization,"R Pascanu, YN Dauphin, S Ganguli, Y Bengio",arXiv preprint arXiv:,:1405.4604,130,2014,13610122826716134117,zdjWy_NXXwUC,Yoshua Bengio,kukA0LcAAAAJ
Disentangling factors of variation via generative entangling,"G Desjardins, A Courville, Y Bengio",arXiv preprint arXiv:,:1210.5474,130,2012,17504204634540711874,1yWc8FF-_SYC,Yoshua Bengio,kukA0LcAAAAJ
Recurrent neural networks for missing or asynchronous data,"Y Bengio, F Gingras",Advances in neural information processing systems,8,130,1995,16915528286696774488,35N4QoGY0k4C,Yoshua Bengio,kukA0LcAAAAJ
Deep convolutional networks for quality assessment of protein folds,"G Derevyanko, S Grudinin, Y Bengio, G Lamoureux",Bioinformatics,"34 (23), 4046-4053",128,2018,6020838111624989328,ufKn5pxu7C0C,Yoshua Bengio,kukA0LcAAAAJ
The curse of dimensionality for local kernel machines,"Y Bengio, O Delalleau, N Le Roux",Techn. Rep,"1258 (12), 1",128,2005,6152507807301097408,YFjsv_pBGBYC,Yoshua Bengio,kukA0LcAAAAJ
Interventional causal representation learning,"K Ahuja, D Mahajan, Y Wang, Y Bengio",International conference on machine learning,372-407,127,2023,4463065502066199415,hx4mni8B3JkC,Yoshua Bengio,kukA0LcAAAAJ
Parallel tempering for training of restricted Boltzmann machines,"G Desjardins, A Courville, Y Bengio, P Vincent, O Delalleau",Proceedings of the thirteenth international conference on artificial …,,127,2010,3228042207950663611,10A3hb2jUxYC,Yoshua Bengio,kukA0LcAAAAJ
Entropy Regularization.,"Y Grandvalet, Y Bengio",Semi-supervised learning,151-168,127,2006,7975671771332766478,738O_yMBCRsC,Yoshua Bengio,kukA0LcAAAAJ
Using a financial training criterion rather than a prediction criterion,Y Bengio,International journal of neural systems,"8 (04), 433-443",127,1997,6505144250014888168,ldfaerwXgEUC,Yoshua Bengio,kukA0LcAAAAJ
Gradient-based learning connected to record acknowledgment,"Y LeCun, L Bottou, Y Bengio, P Haffner",Procedures of the IEEE,"86 (11), 2278-2324",126,1998,4934927224052584440,QAsQKsfVUN4C,Yoshua Bengio,kukA0LcAAAAJ
STDP-compatible approximation of backpropagation in an energy-based model,"Y Bengio, T Mesnard, A Fischer, S Zhang, Y Wu",Neural computation,"29 (3), 555-577",125,2017,15556282717249820796,qCpRzq7zkD8C,Yoshua Bengio,kukA0LcAAAAJ
Iterative alternating neural attention for machine reading,"A Sordoni, P Bachman, A Trischler, Y Bengio",arXiv preprint arXiv:,:1606.02245,125,2016,1006999405642028558,rLGzs9wiiwIC,Yoshua Bengio,kukA0LcAAAAJ
Beyond skill rating: Advanced matchmaking in ghost recon online,"O Delalleau, E Contal, E Thibodeau-Laufer, RC Ferrari, Y Bengio, ...",IEEE Transactions on Computational Intelligence and AI in Games,"4 (3), 167-177",125,2012,2791738593854052958,4xDN1ZYqzskC,Yoshua Bengio,kukA0LcAAAAJ
A field guide to dynamical recurrent neural networks,"S Hochreiter, Y Bengio, P Frasconi, J Schmidhuber, J Kolen, S Kremer",chapter Gradient Flow in Recurrent Nets: The Difficulty of Learning Long …,,124,2001,7645992440878494614,C2yK8tfAHAgC,Yoshua Bengio,kukA0LcAAAAJ
"The causal-neural connection: Expressiveness, learnability, and inference","K Xia, KZ Lee, Y Bengio, E Bareinboim",Advances in Neural Information Processing Systems,"34, 10823-10836",123,2021,10952897351624704856,SgTKrLvt1DcC,Yoshua Bengio,kukA0LcAAAAJ
Maximum entropy generators for energy-based models,"R Kumar, S Ozair, A Goyal, A Courville, Y Bengio",arXiv preprint arXiv:,:1901.08508,123,2019,13283031964011900740,fF_gHTpLxhAC,Yoshua Bengio,kukA0LcAAAAJ
Quaternion convolutional neural networks for end-to-end automatic speech recognition,"T Parcollet, Y Zhang, M Morchid, C Trabelsi, G Linarès, R De Mori, ...",arXiv preprint arXiv:,:1806.07789,123,2018,13066961977987826235,8gBurD7jEYQC,Yoshua Bengio,kukA0LcAAAAJ
Object-centric image generation from layouts,"T Sylvain, P Zhang, Y Bengio, RD Hjelm, S Sharma",Proceedings of the AAAI Conference on Artificial Intelligence,"35 (3), 2647-2655",119,2021,14420036322397582653,FtNbRaqWXr4C,Yoshua Bengio,kukA0LcAAAAJ
Chatpainter: Improving text to image generation using dialogue,"S Sharma, D Suhubdy, V Michalski, SE Kahou, Y Bengio",arXiv preprint arXiv:,:1802.08216,118,2018,5278927910925254734,nU66GSXDKhoC,Yoshua Bengio,kukA0LcAAAAJ
Learning fixed points in generative adversarial networks: From image-to-image translation to disease detection and localization,"MMR Siddiquee, Z Zhou, N Tajbakhsh, R Feng, MB Gotway, Y Bengio, ...",Proceedings of the IEEE/CVF international conference on computer vision,191-200,117,2019,10955475832376669479,jMZTt8odoasC,Yoshua Bengio,kukA0LcAAAAJ
Deep learning [http://www. deeplearningbook. org],"I Goodfellow, Y Bengio, A Courville, Y Bengio",MIT Press,,117,2016,9797796337246831067,cDbf6tmpeSoC,Yoshua Bengio,kukA0LcAAAAJ
Interpolated adversarial training: Achieving robust neural networks without sacrificing too much accuracy,"A Lamb, V Verma, J Kannala, Y Bengio",Proceedings of the,12th ACM Workshop on Artificial Intelligence and Security …,116,2019,14572232251316493027,djft3U1LymYC,Yoshua Bengio,kukA0LcAAAAJ
Large-scale feature learning with spike-and-slab sparse coding,"I Goodfellow, A Courville, Y Bengio",arXiv preprint arXiv:,:1206.6407,116,2012,13065664523063933366,ubry08Y2EpUC,Yoshua Bengio,kukA0LcAAAAJ
Generative flow networks for discrete probabilistic modeling,"D Zhang, N Malkin, Z Liu, A Volokhova, A Courville, Y Bengio",International Conference on Machine Learning,26412-26428,115,2022,5719959167998853445,LZ55yeyZZb4C,Yoshua Bengio,kukA0LcAAAAJ
Flow: A dataset and benchmark for floating waste detection in inland waters,"Y Cheng, J Zhu, M Jiang, J Fu, C Pang, P Wang, K Sankaran, O Onabola, ...",Proceedings of the IEEE/CVF international conference on computer vision …,,115,2021,2254674039984800897,AOwgc6nnr1EC,Yoshua Bengio,kukA0LcAAAAJ
From system 1 deep learning to system 2 deep learning,Y Bengio,Neural Information Processing Systems,,115,2019,4358850449264655315,oi8PhiKYDwsC,Yoshua Bengio,kukA0LcAAAAJ
Combined reinforcement learning via abstract representations,"V François-Lavet, Y Bengio, D Precup, J Pineau",Proceedings of the AAAI Conference on Artificial Intelligence,"33 (01), 3582-3589",115,2019,5176526697247266543,5F1dSjz1ScoC,Yoshua Bengio,kukA0LcAAAAJ
Generative adversarial neworks,"I Goodfellow, J Pouget-Abadie, M Mirza, B Xu, D Warde-Farley, S Ozair, ...",arXiv preprint arXiv:,:1406.2661,115,2014,7601351536069050211,WxjA8IQWSGYC,Yoshua Bengio,kukA0LcAAAAJ
"Multi-way, multilingual neural machine translation","O Firat, K Cho, B Sankaran, FTY Vural, Y Bengio",Computer speech & language,"45, 236-252",114,2017,4207464994526389567,idthP5jqfYAC,Yoshua Bengio,kukA0LcAAAAJ
Fitnets: Hints for thin deep nets. arXiv 2014,"A Romero, N Ballas, SE Kahou, A Chassang, C Gatta, Y Bengio",arXiv preprint arXiv:,:1412.6550,113,2014,2261705190828327051,hEp1lTclR2YC,Yoshua Bengio,kukA0LcAAAAJ
Sparse attentive backtracking: Temporal credit assignment through reminding,"NR Ke, AG ALIAS PARTH GOYAL, O Bilaniuk, J Binas, MC Mozer, C Pal, ...",Advances in neural information processing systems,31,112,2018,13217836813694679871,g30IDTdgJMgC,Yoshua Bengio,kukA0LcAAAAJ
Hierarchical memory networks,"S Chandar, S Ahn, H Larochelle, P Vincent, G Tesauro, Y Bengio",arXiv preprint arXiv:,:1605.07427,112,2016,4946890069532779966,wyM6WWKXmoIC,Yoshua Bengio,kukA0LcAAAAJ
Big neural networks waste capacity,"YN Dauphin, Y Bengio",arXiv preprint arXiv:,:1301.3583,111,2013,15203864254754138120,MAUkC_7iAq8C,Yoshua Bengio,kukA0LcAAAAJ
Incorporating Functional Knowledge in Neural Networks.,"C Dugas, Y Bengio, F Bélisle, C Nadeau, R Garcia",Journal of Machine Learning Research,10 (6),111,2009,1814728174870343751,9vf0nzSNQJEC,Yoshua Bengio,kukA0LcAAAAJ
Word-level training of a handwritten word recognizer based on convolutional neural networks,"Y Le Cun, Y Bengio",Proceedings of the,12th IAPR International Conference on Pattern Recognition …,111,1994,15059029224644968132,O3NaXMp0MMsC,Yoshua Bengio,kukA0LcAAAAJ
Convolutional networks for images,"Y Bengio, Y Lecun, Y Lecun","Speech, and Time-Series",,110,1997,6976707467873557245,MreiaWo1ERkC,Yoshua Bengio,kukA0LcAAAAJ
Training methods for adaptive boosting of neural networks,"H Schwenk, Y Bengio",Advances in neural information processing systems,10,110,1997,2081215082950797712,aqlVkmm33-oC,Yoshua Bengio,kukA0LcAAAAJ
Training end-to-end analog neural networks with equilibrium propagation,"J Kendall, R Pantone, K Manickavasagam, Y Bengio, B Scellier",arXiv preprint arXiv:,:2006.01981,109,2020,10956151284250480466,0iM-huCvmk0C,Yoshua Bengio,kukA0LcAAAAJ
Toward training recurrent neural networks for lifelong learning,"S Sodhani, S Chandar, Y Bengio",Neural computation,"32 (1), 1-35",109,2020,18156451672632796321,PazO6pb-sMwC,Yoshua Bengio,kukA0LcAAAAJ
Learning speaker representations with mutual information,"M Ravanelli, Y Bengio",arXiv preprint arXiv:,:1812.00271,109,2018,9182504979041756032,dMpQl7XwOw4C,Yoshua Bengio,kukA0LcAAAAJ
A generative process for sampling contractive auto-encoders,"S Rifai, Y Bengio, Y Dauphin, P Vincent",arXiv preprint arXiv:,:1206.6434,108,2012,3578256140140841416,cK4Rrx0J3m0C,Yoshua Bengio,kukA0LcAAAAJ
Quadratic polynomials learn better image features,"J Bergstra, G Desjardins, P Lamblin, Y Bengio",Technical report,1337,108,2009,9624673265874879599,BKYZGPsuSFYC,Yoshua Bengio,kukA0LcAAAAJ
Torchmeta: A meta-learning library for pytorch,"T Deleu, T Würfl, M Samiei, JP Cohen, Y Bengio",arXiv preprint arXiv:,:1909.06576,107,2019,3776347673814305079,VBDT71xRUdcC,Yoshua Bengio,kukA0LcAAAAJ
Data-driven approach to encoding and decoding 3-d crystal structures,"J Hoffmann, L Maestrati, Y Sawada, J Tang, JM Sellier, Y Bengio",arXiv preprint arXiv:,:1909.00949,107,2019,2248663782954001922,-ZoC36zw86wC,Yoshua Bengio,kukA0LcAAAAJ
Learning phrase representations using RNN encoder-decoder for statistical machine translation. CoRR abs/1406.1078 (2014),"K Cho, B Van Merriënboer, Ç Gülçehre, F Bougares, H Schwenk, ...",arXiv preprint arXiv:,:1406.1078,107,2014,17494205539477051745,ECJ25tEN_EwC,Yoshua Bengio,kukA0LcAAAAJ
Estimating or propagating gradients through stochastic neurons,Y Bengio,arXiv preprint arXiv:,:1305.2982,107,2013,11166284396021951025,F0CZgh39Fi0C,Yoshua Bengio,kukA0LcAAAAJ
A connectionist approach to speech recognition,Y Bengio,International journal of pattern recognition and artificial intelligence,7 …,107,1993,1846737406015564246,HDshCWvjkbEC,Yoshua Bengio,kukA0LcAAAAJ
An end-to-end framework for molecular conformation generation via bilevel programming,"M Xu, W Wang, S Luo, C Shi, Y Bengio, R Gomez-Bombarelli, J Tang",International conference on machine learning,11537-11547,106,2021,914718927564575831,ZbXHRDTBJTgC,Yoshua Bengio,kukA0LcAAAAJ
Coordination among neural modules through a shared global workspace,"A Goyal, A Didolkar, A Lamb, K Badola, NR Ke, N Rahaman, J Binas, ...",arXiv preprint arXiv:,:2103.01197,106,2021,9755111905599234560,hXkWDDAEazwC,Yoshua Bengio,kukA0LcAAAAJ
Learning independent features with adversarial nets for non-linear ica,"P Brakel, Y Bengio",arXiv preprint arXiv:,:1710.05050,106,2017,16000486067906297035,AFXcoJnoRH0C,Yoshua Bengio,kukA0LcAAAAJ
MIT Press: Cambridge,"I Goodfellow, Y Bengio, A Courville, Y Bengio","MA, USA",1,106,2016,12249955400429396859,qjuL_XCUnM8C,Yoshua Bengio,kukA0LcAAAAJ
Overcoming the curse of sentence length for neural machine translation using automatic segmentation,"J Pouget-Abadie, D Bahdanau, B Van Merrienboer, K Cho, Y Bengio",arXiv preprint arXiv:,:1409.1257,106,2014,15758505659122462278,-yGd096yOn8C,Yoshua Bengio,kukA0LcAAAAJ
FER-2013 face database,"PL Carrier, A Courville, IJ Goodfellow, M Mirza, Y Bengio",Universit de Montral,3,106,2013,17207540745533820881,polMJLZb0X8C,Yoshua Bengio,kukA0LcAAAAJ
Managing ai risks in an era of rapid progress,"Y Bengio, G Hinton, A Yao, D Song, P Abbeel, YN Harari, YQ Zhang, ...",arXiv preprint arXiv:,":2310.17688, 18",105,2023,8498230073239105680,EXDW3tg14iEC,Yoshua Bengio,kukA0LcAAAAJ
Binarized neural networks: Training deep neural networks with weights and activations constrained to+ 1 or− 1. arXiv 2016,"M Courbariaux, I Hubara, D Soudry, R El-Yaniv, Y Bengio",arXiv preprint arXiv:,:1602.02830 33,105,2016,783026438031248342,ZppSRAJs3i8C,Yoshua Bengio,kukA0LcAAAAJ
Evolving culture versus local minima,Y Bengio,Growing adaptive machines: Combining development and learning in artificial …,,105,2014,16049629943407942005,otzGkya1bYkC,Yoshua Bengio,kukA0LcAAAAJ
Learning to compute word embeddings on the fly,"D Bahdanau, T Bosc, S Jastrzębski, E Grefenstette, P Vincent, Y Bengio",arXiv preprint arXiv:,:1706.00286,103,2017,12117150033809186035,wGzT3bKASkAC,Yoshua Bengio,kukA0LcAAAAJ
Straight to the tree: Constituency parsing with neural syntactic distance,"Y Shen, Z Lin, AP Jacob, A Sordoni, A Courville, Y Bengio",arXiv preprint arXiv:,:1806.04168,99,2018,1981606952931208307,TeJ9juy8vcMC,Yoshua Bengio,kukA0LcAAAAJ
Unsupervised models of images by spike-and-slab RBMs,"A Courville, J Bergstra, Y Bengio",ICML,,99,2011,8182599484473791709,dQ2og3OwTAUC,Yoshua Bengio,kukA0LcAAAAJ
Small-gan: Speeding up gan training using core-sets,"S Sinha, H Zhang, A Goyal, Y Bengio, H Larochelle, A Odena",International Conference on Machine Learning,9005-9015,98,2020,13508359636798287456,SEKBqlyTJecC,Yoshua Bengio,kukA0LcAAAAJ
Neural production systems,"AG ALIAS PARTH GOYAL, A Didolkar, NR Ke, C Blundell, P Beaudoin, ...",Advances in Neural Information Processing Systems,"34, 25673-25687",96,2021,9223945213963365980,m03se8k-GH0C,Yoshua Bengio,kukA0LcAAAAJ
Deep learning (no. 2),"I Goodfellow, Y Bengio, A Courville, Y Bengio",MIT press Cambridge,,96,2016,16538979328513850542,F_tUKv7nyWgC,Yoshua Bengio,kukA0LcAAAAJ
Quickly generating representative samples from an RBM-derived process,"O Breuleux, Y Bengio, P Vincent",Neural computation,"23 (8), 2058-2073",96,2011,9703458792106501256,JQOojiI6XY0C,Yoshua Bengio,kukA0LcAAAAJ
Quadratic features and deep architectures for chunking,"J Turian, J Bergstra, Y Bengio",Proceedings of Human Language Technologies: The,2009 Annual Conference of …,95,2009,14522418884396142738,0KyAp5RtaNEC,Yoshua Bengio,kukA0LcAAAAJ
Variational temporal abstraction,"T Kim, S Ahn, Y Bengio",Advances in neural information processing systems,32,94,2019,2637263857802838057,HoDPlbN_d1QC,Yoshua Bengio,kukA0LcAAAAJ
The Z-coder adaptive binary coder,"L Bottou, PG Howard, Y Bengio",Proceedings DCC',"'98 Data Compression Conference (Cat. No. 98TB100225), 13-22",94,1998,7374760554349290824,qxL8FJ1GzNcC,Yoshua Bengio,kukA0LcAAAAJ
Sequence modeling: recurrent and recursive nets,"I Goodfellow, Y Bengio, A Courville",Deep learning,367-415,92,2016,12559736634857581229,3wLP7v6BnpwC,Yoshua Bengio,kukA0LcAAAAJ
"Slow, decorrelated features for pretraining complex cell-like networks","Y Bengio, J Bergstra",Advances in neural information processing systems,22,92,2009,8870510384768144966,OU6Ihb5iCvQC,Yoshua Bengio,kukA0LcAAAAJ
Autoencoders,"I Goodfellow, Y Bengio, A Courville",Deep learning,"1, 493-515",91,2016,4100092854052856867,D4n_APcuzvwC,Yoshua Bengio,kukA0LcAAAAJ
Adding noise to the input of a model trained with a regularized objective,"S Rifai, X Glorot, Y Bengio, P Vincent",arXiv preprint arXiv:,:1104.3250,91,2011,18196478928041708190,gKiMpY-AVTkC,Yoshua Bengio,kukA0LcAAAAJ
Selective small molecule peptidomimetic ligands of TrkC and TrkA receptors afford discrete or complete neurotrophic activities,"MC Zaccaro, HB Lee, M Pattarawarapan, Z Xia, A Caron, PJ L’Heureux, ...",Chemistry & biology,"12 (9), 1015-1028",91,2005,14398992213862195095,w0F2JDEymm0C,Yoshua Bengio,kukA0LcAAAAJ
Spectral clustering and kernel PCA are learning eigenfunctions,"Y Bengio, P Vincent, JF Paiement, O Delalleau, M Ouimet, N Le Roux",CIRANO,,91,2003,14001518041382880244,QIV2ME_5wuYC,Yoshua Bengio,kukA0LcAAAAJ
Learning gflownets from partial episodes for improved convergence and stability,"K Madan, J Rector-Brooks, M Korablyov, E Bengio, M Jain, AC Nica, ...",International Conference on Machine Learning,23467-23483,90,2023,6638790713231911983,zxqBrjVgvjwC,Yoshua Bengio,kukA0LcAAAAJ
GFlowNets and variational inference,"N Malkin, S Lahlou, T Deleu, X Ji, E Hu, K Everett, D Zhang, Y Bengio",arXiv preprint arXiv:,:2210.00580,90,2022,16772571667106740642,5AlGpL-oHpAC,Yoshua Bengio,kukA0LcAAAAJ
On the challenges of physical implementations of RBMs,"V Dumoulin, I Goodfellow, A Courville, Y Bengio",Proceedings of the AAAI Conference on Artificial Intelligence,28 (1),90,2014,12899214409107714181,aIdbFUkbNIkC,Yoshua Bengio,kukA0LcAAAAJ
Scaling equilibrium propagation to deep convnets by drastically reducing its gradient estimator bias,"A Laborieux, M Ernoult, B Scellier, Y Bengio, J Grollier, D Querlioz",Frontiers in neuroscience,"15, 633674",89,2021,6797795387587397962,wTekDMGr9GkC,Yoshua Bengio,kukA0LcAAAAJ
"Tell, draw, and repeat: Generating and modifying images based on continual linguistic instruction","A El-Nouby, S Sharma, H Schulz, D Hjelm, LE Asri, SE Kahou, Y Bengio, ...",Proceedings of the IEEE/CVF international conference on computer vision …,,89,2019,10973617668261379897,E2bRg1zSkIsC,Yoshua Bengio,kukA0LcAAAAJ
Adversarial domain adaptation for stable brain-machine interfaces,"A Farshchian, JA Gallego, JP Cohen, Y Bengio, LE Miller, SA Solla",arXiv preprint arXiv:,:1810.00045,89,2018,1197289951589381792,KsTgnNRry18C,Yoshua Bengio,kukA0LcAAAAJ
Quasi-Geodesic Neural Learning Algorithms Over the Orthogonal Group: A Tutorial.,"S Fiori, Y Bengio",Journal of Machine Learning Research,6 (5),89,2005,14744941393962432048,g5Ck-dwhA_QC,Yoshua Bengio,kukA0LcAAAAJ
"Shape, contour and grouping in computer vision","Y LeCun, P Haffner, L Bottou, Y Bengio",Lecture Notes in Computer Science,"1681, 319-345",89,1999,1074578584353410507,Iq19BMNozs4C,Yoshua Bengio,kukA0LcAAAAJ
A theory of continuous generative flow networks,"S Lahlou, T Deleu, P Lemos, D Zhang, A Volokhova, A Hernández-Garcıa, ...",International Conference on Machine Learning,18269-18300,88,2023,14614913770515093904,eCFM_hdDfssC,Yoshua Bengio,kukA0LcAAAAJ
Diet networks: thin parameters for fat genomics,"A Romero, PL Carrier, A Erraqabi, T Sylvain, A Auvolat, E Dejoie, ...",arXiv preprint arXiv:,:1611.09340,88,2016,16474858947438365090,g_UdREhPGEoC,Yoshua Bengio,kukA0LcAAAAJ
Generative adversarial nets. arXiv,"I Goodfellow, J Pouget-Abadie, M Mirza, B Xu, D Warde-Farley, S Ozair, ...",arXiv preprint arXiv:,:1406.2661,88,2014,9801784575730461797,nIr65G9GQVgC,Yoshua Bengio,kukA0LcAAAAJ
"The handbook of brain theory and neural networks. chapter Convolutional Networks for Images, Speech, and Time Series","Y LeCun, Y Bengio","MIT Press, Cambridge, MA, USA","3, 255-258",88,1998,3361897788053282617,jtOrAYjvdewC,Yoshua Bengio,kukA0LcAAAAJ
How does hemispheric specialization contribute to human-defining cognition?,"G Hartwigsen, Y Bengio, D Bzdok",Neuron,"109 (13), 2075-2090",87,2021,1086197298693552799,00hq1xGbIBsC,Yoshua Bengio,kukA0LcAAAAJ
Recurrent neural networks with limited numerical precision,"J Ott, Z Lin, Y Zhang, SC Liu, Y Bengio",arXiv preprint arXiv:,:1608.06902,87,2016,5490824999935921798,E7VqQtBCVmcC,Yoshua Bengio,kukA0LcAAAAJ
6.5 back-propagation and other differentiation algorithms,"I Goodfellow, Y Bengio, A Courville",Deep learning,"2016, 200-220",87,2016,17356717893738676661,fGgrif5g-LMC,Yoshua Bengio,kukA0LcAAAAJ
Recall traces: Backtracking models for efficient reinforcement learning,"A Goyal, P Brakel, W Fedus, S Singhal, T Lillicrap, S Levine, H Larochelle, ...",arXiv preprint arXiv:,:1804.00379,86,2018,4448196484511573554,J4E9jCG1tHUC,Yoshua Bengio,kukA0LcAAAAJ
Graph attention networks (2018),"P Veličković, G Cucurull, A Casanova, A Romero, P Liò, Y Bengio",arXiv preprint arXiv:,:1710.10903,85,2018,4396531769299151229,UoSa6IK8DwsC,Yoshua Bengio,kukA0LcAAAAJ
Adaboosting neural networks: Application to on-line character recognition,"H Schwenk, Y Bengio",Artificial Neural Networks—ICANN','97: 7th International Conference Lausanne …,85,1997,5231290650713593071,IWHjjKOFINEC,Yoshua Bengio,kukA0LcAAAAJ
Equivariance with learned canonicalization functions,"SO Kaba, AK Mondal, Y Zhang, Y Bengio, S Ravanbakhsh",International Conference on Machine Learning,15546-15566,84,2023,2935813652311999966,5bFWG3eDk9wC,Yoshua Bengio,kukA0LcAAAAJ
Multi-objective gflownets,"M Jain, SC Raparthy, A Hernández-Garcıa, J Rector-Brooks, Y Bengio, ...",International conference on machine learning,14631-14653,84,2023,2501387690786223303,Xc8JtHQmRf8C,Yoshua Bengio,kukA0LcAAAAJ
From machine learning to robotics: Challenges and opportunities for embodied intelligence,"N Roy, I Posner, T Barfoot, P Beaudoin, Y Bengio, J Bohg, O Brock, ...",arXiv preprint arXiv:,:2110.15245,84,2021,16003271930064575128,cAUKuAERoUMC,Yoshua Bengio,kukA0LcAAAAJ
Multi-image super-resolution for remote sensing using deep recurrent networks,"MR Arefin, V Michalski, PL St-Charles, A Kalaitzis, S Kim, SE Kahou, ...",Proceedings of the IEEE/CVF Conference on Computer Vision and Pattern …,,84,2020,203013711888212481,tBp-nognM3UC,Yoshua Bengio,kukA0LcAAAAJ
Courville. a (2016) deep learning,"I Goodfellow, Y Bengio",MIT Press.(online available),,84,2017,6753056185114245994,bNB6FdaCRgEC,Yoshua Bengio,kukA0LcAAAAJ
Diffusion of credit in Markovian models,"Y Bengio, P Frasconi",Advances in neural information processing systems,7,84,1994,"2932104434726414506,12094707083602509135",ZeXyd9-uunAC,Yoshua Bengio,kukA0LcAAAAJ
Learning to combine top-down and bottom-up signals in recurrent neural networks with attention over modules,"S Mittal, A Lamb, A Goyal, V Voleti, M Shanahan, G Lajoie, M Mozer, ...",International Conference on Machine Learning,6972-6986,83,2020,15085852194314811643,S0RksyIsHSIC,Yoshua Bengio,kukA0LcAAAAJ
Special issue on neural networks for data mining and knowledge discovery,"Y Bengio, J Buhmann, Y Abu-Mostafa, M Embrechts, J Zurada",IEEE Transactions on Neural Networks,"11 (3), 545-822",83,2000,15408241724868096066,4JMBOYKVnBMC,Yoshua Bengio,kukA0LcAAAAJ
A hitchhiker's guide to geometric gnns for 3d atomic systems,"A Duval, SV Mathis, CK Joshi, V Schmidt, S Miret, FD Malliaros, T Cohen, ...",arXiv preprint arXiv:,:2312.07511,82,2023,16760325612767669290,tai-Ft5GzhwC,Yoshua Bengio,kukA0LcAAAAJ
Memory augmented neural networks with wormhole connections,"C Gulcehre, S Chandar, Y Bengio",arXiv preprint arXiv:,:1701.08718,82,2017,10037086190685668293,PVqtIyvKoSUC,Yoshua Bengio,kukA0LcAAAAJ
Towards non-saturating recurrent units for modelling long-term dependencies,"S Chandar, C Sankar, E Vorontsov, SE Kahou, Y Bengio",Proceedings of the AAAI Conference on Artificial Intelligence,"33 (01), 3280-3287",81,2019,12240409931898037733,RJujIP1NYNUC,Yoshua Bengio,kukA0LcAAAAJ
How to initialize your network? robust initialization for weightnorm & resnets,"D Arpit, V Campos, Y Bengio",Advances in Neural Information Processing Systems,32,81,2019,13685873871964389208,4uoR24qA-WYC,Yoshua Bengio,kukA0LcAAAAJ
Invariant representations for noisy speech recognition,"D Serdyuk, K Audhkhasi, P Brakel, B Ramabhadran, S Thomas, Y Bengio",arXiv preprint arXiv:,:1612.01928,81,2016,8264646974645065327,sbeIDTyQOFgC,Yoshua Bengio,kukA0LcAAAAJ
Spike-and-slab sparse coding for unsupervised feature discovery,"IJ Goodfellow, A Courville, Y Bengio",arXiv preprint arXiv:,:1201.3382,81,2012,14020615631521820372,6yz0xqPARnAC,Yoshua Bengio,kukA0LcAAAAJ
Let the flows tell: Solving graph combinatorial problems with gflownets,"D Zhang, H Dai, N Malkin, AC Courville, Y Bengio, L Pan",Advances in neural information processing systems,"36, 11952-11969",80,2023,1503694986043745281,Y4-Jr3-UGfkC,Yoshua Bengio,kukA0LcAAAAJ
Chunked autoregressive gan for conditional waveform synthesis,"M Morrison, R Kumar, K Kumar, P Seetharaman, A Courville, Y Bengio",arXiv preprint arXiv:,:2110.10139,80,2021,12411331012561904832,yRRszJvrVdAC,Yoshua Bengio,kukA0LcAAAAJ
Non-normal recurrent neural network (nnrnn): learning long time dependencies while improving expressivity with transient dynamics,"G Kerg, K Goyette, M Puelma Touzel, G Gidel, E Vorontsov, Y Bengio, ...",Advances in neural information processing systems,32,80,2019,8175788544476265366,Dmoar05iI2YC,Yoshua Bengio,kukA0LcAAAAJ
Artificial neural networks and their application to sequence recognition,Y Bengio,McGill University,,80,1991,2150504910240632766,hMod-77fHWUC,Yoshua Bengio,kukA0LcAAAAJ
Compositional generalization in a deep seq2seq model by separating syntax and semantics,"J Russin, J Jo, RC O'Reilly, Y Bengio",arXiv preprint arXiv:,:1904.09708,79,2019,10786186413463514532,0qX8s2k1IRwC,Yoshua Bengio,kukA0LcAAAAJ
Use of genetic programming for the search of a new learning rule for neural networks,"S Bengio, Y Bengio, J Cloutier",Proceedings of the First IEEE Conference on Evolutionary Computation. IEEE …,,79,1994,8545232906829875048,mVmsd5A6BfQC,Yoshua Bengio,kukA0LcAAAAJ
DEUP: Direct epistemic uncertainty prediction,"S Lahlou, M Jain, H Nekoei, VI Butoi, P Bertin, J Rector-Brooks, ...",arXiv preprint arXiv:,:2102.08501,78,2021,1550764792476576858,QhqSGEHatosC,Yoshua Bengio,kukA0LcAAAAJ
On adversarial mixup resynthesis,"C Beckham, S Honari, V Verma, AM Lamb, F Ghadiri, RD Hjelm, Y Bengio, ...",Advances in neural information processing systems,32,78,2019,3310014081611030550,eLRq4zTgah0C,Yoshua Bengio,kukA0LcAAAAJ
Dynamic layer normalization for adaptive neural acoustic modeling in speech recognition,"T Kim, I Song, Y Bengio",arXiv preprint arXiv:,:1707.06065,78,2017,15352852062492184623,a2necdfpwlEC,Yoshua Bengio,kukA0LcAAAAJ
GSNs: generative stochastic networks,"G Alain, Y Bengio, L Yao, J Yosinski, E Thibodeau-Laufer, S Zhang, ...",Information and Inference: A Journal of the IMA,"5 (2), 210-249",78,2016,5344047162843479108,c59VksA5Vz4C,Yoshua Bengio,kukA0LcAAAAJ
Diva: Diverse visual feature aggregation for deep metric learning,"T Milbich, K Roth, H Bharadhwaj, S Sinha, Y Bengio, B Ommer, JP Cohen",Computer Vision–ECCV,"2020: 16th European Conference, Glasgow, UK, August 23 …",77,2020,10654101508102369352,k6nH7jlkaTkC,Yoshua Bengio,kukA0LcAAAAJ
N-BEATS: Neural basis expansion analysis for interpretable time series forecasting. arXiv 2019,"BN Oreshkin, D Carpov, N Chapados, Y Bengio",arXiv preprint arXiv:,:1905.10437,77,2019,2421430789445118012,ZLdq17c_vQkC,Yoshua Bengio,kukA0LcAAAAJ
Learning anonymized representations with adversarial neural networks,"C Feutry, P Piantanida, Y Bengio, P Duhamel",arXiv preprint arXiv:,:1802.09386,77,2018,12630488742531808422,u_mOZUIutIEC,Yoshua Bengio,kukA0LcAAAAJ
Deep learning needs a prefrontal cortex,"J Russin, RC O’Reilly, Y Bengio",Work Bridging AI Cogn Sci,"107 (603-616), 1",76,2020,2275437528713476326,4WewbtJKmRkC,Yoshua Bengio,kukA0LcAAAAJ
On computational power and the order-chaos phase transition in reservoir computing,"B Schrauwen, L Büsing, R Legenstein",NIPS Foundation,"21, 1425-1432",76,2009,10496837841953633960,QD3KBmkZPeQC,Yoshua Bengio,kukA0LcAAAAJ
Continuous neural networks,"N Le Roux, Y Bengio",Artificial Intelligence and Statistics,404-411,76,2007,17684878656024232378,uWiczbcajpAC,Yoshua Bengio,kukA0LcAAAAJ
Cost functions and model combination for VaR-based asset allocation using neural networks,"N Chapados, Y Bengio",IEEE Transactions on Neural Networks,"12 (4), 890-906",76,2001,12366508899562656653,NMxIlDl6LWMC,Yoshua Bengio,kukA0LcAAAAJ
Credit assignment through time: Alternatives to backpropagation,"Y Bengio, P Frasconi",Advances in neural information processing systems,6,76,1993,16185560882790612153,Wp0gIr-vW9MC,Yoshua Bengio,kukA0LcAAAAJ
Weakly supervised representation learning with sparse perturbations,"K Ahuja, JS Hartford, Y Bengio",Advances in Neural Information Processing Systems,"35, 15516-15528",74,2022,5928274395682008683,xMZGxf1v-3YC,Yoshua Bengio,kukA0LcAAAAJ
Non-local manifold parzen windows,"Y Bengio, H Larochelle, P Vincent",Advances in neural information processing systems,18,74,2005,340187095118487201,J_g5lzvAfSwC,Yoshua Bengio,kukA0LcAAAAJ
"Learning phrase representations using rnn encoder–decoder for statistical machine translation,‖ in proceedings of the 2014 conference on empirical methods in natural language …","K Cho, B Van Merriënboer, C Gulcehre, D Bahdanau, F Bougares, ...",i. W. Gerrod Parrot.―Emotions In Social Psychology,1724-1734,74,2001,1299126193550015401,uSQurnFbQXsC,Yoshua Bengio,kukA0LcAAAAJ
Problems in the deployment of machine-learned models in health care,"JP Cohen, T Cao, JD Viviano, CW Huang, M Fralick, M Ghassemi, ...",Cmaj,"193 (35), E1391-E1394",73,2021,10791191197952559031,SNyOjmPOlygC,Yoshua Bengio,kukA0LcAAAAJ
Disentangling the independently controllable factors of variation by interacting with the world,"V Thomas, E Bengio, W Fedus, J Pondard, P Beaudoin, H Larochelle, ...",arXiv preprint arXiv:,:1802.09484,73,2018,4127583338861397382,NZNkWSpQBv0C,Yoshua Bengio,kukA0LcAAAAJ
courville A. 2016,"I Goodfellow, Y Bengio",Deep learning,595-596,73,2016,15953753492405274986,jgpk9vOjLEcC,Yoshua Bengio,kukA0LcAAAAJ
Improving speech recognition by revising gated recurrent units,"M Ravanelli, P Brakel, M Omologo, Y Bengio",arXiv preprint arXiv:,:1710.00641,72,2017,18110771670091091164,kO05sadLmrgC,Yoshua Bengio,kukA0LcAAAAJ
Dynamic neural turing machine with soft and hard addressing schemes,"C Gulcehre, S Chandar, K Cho, Y Bengio",arXiv preprint arXiv:,:1607.00036,72,2016,4489778907224397549,KYgttONoxcsC,Yoshua Bengio,kukA0LcAAAAJ
Greedy spectral embedding,"M Ouimet, Y Bengio",International Workshop on Artificial Intelligence and Statistics,253-260,72,2005,17203211580829374906,RYcK_YlVTxYC,Yoshua Bengio,kukA0LcAAAAJ
On the interplay between noise and curvature and its effect on optimization and generalization,"V Thomas, F Pedregosa, B Merriënboer, PA Manzagol, Y Bengio, ...",International Conference on Artificial Intelligence and Statistics,3503-3513,71,2020,10248413863436507228,2u1QkWOsl3MC,Yoshua Bengio,kukA0LcAAAAJ
Defactor: Differentiable edge factorization-based probabilistic graph generation,"R Assouel, M Ahmed, MH Segler, A Saffari, Y Bengio",arXiv preprint arXiv:,:1811.09766,71,2018,1824226348029557479,RgznTc0nqo4C,Yoshua Bengio,kukA0LcAAAAJ
Empirical evaluation of convolutional RBMs for vision,"G Desjardins, Y Bengio",Technical Report,"1327, Département d’Informatique et de Recherche …",71,2008,12799005026959266759,AHdEip9mkN0C,Yoshua Bengio,kukA0LcAAAAJ
A structured self-attentive sentence embedding. arXiv 2017,"Z Lin, M Feng, CN Santos, M Yu, B Xiang, B Zhou, Y Bengio",arXiv preprint arXiv:,:1703.03130,70,2017,7209062577176752863,2Iopv88g0QUC,Yoshua Bengio,kukA0LcAAAAJ
Machines who learn,Y Bengio,Scientific American,"314 (6), 44-51",70,2016,2360216742705812112,lbI08cpqPnQC,Yoshua Bengio,kukA0LcAAAAJ
CACHE (Critical Assessment of Computational Hit-finding Experiments): A public–private partnership benchmarking initiative to enable the development of computational methods …,"S Ackloo, R Al-Awar, RE Amaro, CH Arrowsmith, H Azevedo, RA Batey, ...",Nature Reviews Chemistry,"6 (4), 287-295",69,2022,11602540639337302145,-Z8x4v2cOtkC,Yoshua Bengio,kukA0LcAAAAJ
Rethinking distributional matching based domain adaptation,"B Li, Y Wang, T Che, S Zhang, S Zhao, P Xu, W Zhou, Y Bengio, ...",arXiv preprint arXiv:,:2006.13352,69,2020,4614859072583149245,gxb_f1p9zx4C,Yoshua Bengio,kukA0LcAAAAJ
Fraternal dropout,"K Zolna, D Arpit, D Suhubdy, Y Bengio",arXiv preprint arXiv:,:1711.00066,69,2017,4593127166702636404,_mQi-xiA4oYC,Yoshua Bengio,kukA0LcAAAAJ
Bias in Estimating the Variance of K-Fold Cross-Validation,"Y Bengio, Y Grandvalet",Statistical modeling and analysis for complex data problems,75-95,69,2005,1629031659047841416,J3KpcKIlIpsC,Yoshua Bengio,kukA0LcAAAAJ
"Bias learning, knowledge sharing","J Ghosn, Y Bengio",IEEE Transactions on Neural Networks,"14 (4), 748-765",69,2003,11202968836621510509,k_IJM867U9cC,Yoshua Bengio,kukA0LcAAAAJ
Toward next-generation artificial intelligence: Catalyzing the neuroai revolution,"A Zador, S Escola, B Richards, B Ölveczky, Y Bengio, K Boahen, ...",arXiv preprint arXiv:,:2210.08340,68,2022,14170258942146887792,5LOebrzo1TYC,Yoshua Bengio,kukA0LcAAAAJ
Depth with nonlinearity creates no bad local minima in ResNets,"K Kawaguchi, Y Bengio",Neural Networks,"118, 167-174",68,2019,17281810264832143654,nroGzMJTTpEC,Yoshua Bengio,kukA0LcAAAAJ
Dynamic neural turing machine with continuous and discrete addressing schemes,"C Gulcehre, S Chandar, K Cho, Y Bengio",Neural computation,"30 (4), 857-884",68,2018,339341030139268843,J3LtWjKFLicC,Yoshua Bengio,kukA0LcAAAAJ
Embedding word similarity with neural machine translation,"F Hill, K Cho, S Jean, C Devin, Y Bengio",arXiv preprint arXiv:,:1412.6448,68,2014,3941248209566557946,YTuZlYwrTOUC,Yoshua Bengio,kukA0LcAAAAJ
Deep verifier networks: Verification of deep discriminative models with deep generative models,"T Che, X Liu, Y Ge, R Zhang, C Xiong, Y Bengio",Proceedings of the AAAI conference on artificial intelligence,"35 (8), 7002-7010",67,2021,433203179713197225,TY5xIG7f_2sC,Yoshua Bengio,kukA0LcAAAAJ
Aaron Courville deep learning,"I Goodfellow, Y Bengio",MIT press,,67,2016,10004012346238076303,oFKsPyNwwpYC,Yoshua Bengio,kukA0LcAAAAJ
Better training of gflownets with local credit and incomplete trajectories,"L Pan, N Malkin, D Zhang, Y Bengio",International Conference on Machine Learning,26878-26890,66,2023,15002099161347392273,MDBbo4b0KHEC,Yoshua Bengio,kukA0LcAAAAJ
Z-coder: a fast adaptive binary arithmetic coder,"Y Bengio, L Bottou, PG Howard",US Patent,"6,225,925",66,2001,6176682853251571554,u_35RYKgDlwC,Yoshua Bengio,kukA0LcAAAAJ
Manifold mixup: Encouraging meaningful on-manifold interpolation as a regularizer,"V Verma, A Lamb, C Beckham, A Courville, I Mitliagkis, Y Bengio",arXiv preprint arXiv:,:1806.05236 7,65,2018,1079869556952025603,IyxfXMz2bNAC,Yoshua Bengio,kukA0LcAAAAJ
Mollifying networks,"C Gulcehre, M Moczulski, F Visin, Y Bengio",arXiv preprint arXiv:,:1608.04980,65,2016,6680511322029006078,QaSi33NTfwYC,Yoshua Bengio,kukA0LcAAAAJ
Amortizing intractable inference in large language models,"EJ Hu, M Jain, E Elmoznino, Y Kaddar, G Lajoie, Y Bengio, N Malkin",arXiv preprint arXiv:,:2310.04363,64,2023,17812818733769209330,KKiikWAUrRgC,Yoshua Bengio,kukA0LcAAAAJ
Faenet: Frame averaging equivariant gnn for materials modeling,"AA Duval, V Schmidt, A Hernández-Garcıa, S Miret, FD Malliaros, ...",International Conference on Machine Learning,9013-9033,64,2023,6271433951101683289,uHQrz-U2knEC,Yoshua Bengio,kukA0LcAAAAJ
Representation mixing for tts synthesis,"K Kastner, JF Santos, Y Bengio, A Courville",ICASSP,"2019-2019 IEEE International Conference on Acoustics, Speech and …",64,2019,15262847229243005019,mJbmKSuM8toC,Yoshua Bengio,kukA0LcAAAAJ
Twin networks: Matching the future for sequence generation,"D Serdyuk, NR Ke, A Sordoni, A Trischler, C Pal, Y Bengio",arXiv preprint arXiv:,:1708.06742,64,2017,18040787837429694230,bCjgOgSFrM0C,Yoshua Bengio,kukA0LcAAAAJ
Predicting tactical solutions to operational planning problems under imperfect information,"E Larsen, S Lachapelle, Y Bengio, E Frejinger, S Lacoste-Julien, A Lodi",INFORMS Journal on Computing,"34 (1), 227-242",63,2022,5340034665457357900,EsrhoZGmrkoC,Yoshua Bengio,kukA0LcAAAAJ
Deep Learning. Massachusetts,"I Goodfellow, Y Bengio, A Courville",MIT press,,63,2016,10035873473992239921,uQrt9rju91QC,Yoshua Bengio,kukA0LcAAAAJ
Contractive auto-encoders: Explicit invariance during feature extraction,"R Salah, P Vincent, X Muller, X Gloro, Y Bengio",Proc. of the,"28th International Conference on Machine Learning, 833-840",63,2011,5327172038150084927,8igAKu_hPxwC,Yoshua Bengio,kukA0LcAAAAJ
Word normalization for online handwritten word recognition,"Y Bengio, Y Le Cun",Proceedings of the,12th IAPR International Conference on Pattern Recognition …,63,1994,2626330433452702296,dhFuZR0502QC,Yoshua Bengio,kukA0LcAAAAJ
Inherent privacy limitations of decentralized contact tracing apps,"Y Bengio, D Ippolito, R Janda, M Jarvie, B Prud'homme, JF Rousseau, ...",Journal of the American Medical Informatics Association,"28 (1), 193-195",62,2021,10990993910523968859,fc7zyzPI2QAC,Yoshua Bengio,kukA0LcAAAAJ
Nature,"Y Lecun, Y Bengio, G Hinton",Nature,"521 (7553), 436-444",62,2015,4281182290054401349,nOKOSwxqtg8C,Yoshua Bengio,kukA0LcAAAAJ
Learning concept embeddings for query expansion by quantum entropy minimization,"A Sordoni, Y Bengio, JY Nie",Proceedings of the AAAI Conference on Artificial Intelligence,28 (1),62,2014,5994295338809362893,T_ojBgVMvoEC,Yoshua Bengio,kukA0LcAAAAJ
Using artificial intelligence to visualize the impacts of climate change,"A Luccioni, V Schmidt, V Vardanyan, Y Bengio",IEEE Computer Graphics and Applications,"41 (1), 8-14",61,2021,2222949755298643612,FepLwMwnKBMC,Yoshua Bengio,kukA0LcAAAAJ
Deep graph infomax,"V Petar, F William, L Hamilton William, L Pietro, HR Devon",ICLR (poster),"2 (3), 4",61,2019,9194407882451742916,bKwnt0rjkrwC,Yoshua Bengio,kukA0LcAAAAJ
Fortified networks: Improving the robustness of deep networks by modeling the manifold of hidden representations,"A Lamb, J Binas, A Goyal, D Serdyuk, S Subramanian, I Mitliagkas, ...",arXiv preprint arXiv:,:1804.02485,61,2018,11853519139612639286,e3CVSTJ63dQC,Yoshua Bengio,kukA0LcAAAAJ
STDP as presynaptic activity times rate of change of postsynaptic activity,"Y Bengio, T Mesnard, A Fischer, S Zhang, Y Wu",arXiv preprint arXiv:,:1509.05936,61,2015,5870570151258869232,Y9VhQm-5nPIC,Yoshua Bengio,kukA0LcAAAAJ
Large-scale kernel machines,"Y Bengio, Y LeCun","Scaling Learning Algorithms towards AI. MIT Press, Cambridge",,61,2007,7098895998837690032,VFGfXyYpp08C,Yoshua Bengio,kukA0LcAAAAJ
Spectral dimensionality reduction,"Y Bengio, O Delalleau, N Le Roux, JF Paiement, P Vincent, M Ouimet",Feature Extraction: Foundations and Applications,519-550,61,2006,6651360033945025848,fPk4N6BV_jEC,Yoshua Bengio,kukA0LcAAAAJ
Extensions to metric-based model selection,"Y Bengio, N Chapados",Journal of Machine Learning Research,"3 (Mar), 1209-1227",61,2003,4621947724197680825,vV6vV6tmYwMC,Yoshua Bengio,kukA0LcAAAAJ
Nice: non-linear independent components estimation (2014),"L Dinh, D Krueger, Y Bengio",arXiv preprint arXiv:,:1410.851,61,NA,6582114338372417371,zPkyA21Y468C,Yoshua Bengio,kukA0LcAAAAJ
Pause giant AI experiments: An open letter,"Y Bengio, S Russell, E Musk, S Wozniak, YN Harari, E Mostaque",Future of Life Institute,"22 (3), 2023",60,2023,13925012392874030064,de6HPdfwrHoC,Yoshua Bengio,kukA0LcAAAAJ
Variational walkback: Learning a transition operator as a stochastic recurrent net,"AG ALIAS PARTH GOYAL, NR Ke, S Ganguli, Y Bengio",Advances in Neural Information Processing Systems,30,60,2017,11187763082524566489,QKtdBID3u5MC,Yoshua Bengio,kukA0LcAAAAJ
Experiments on the application of IOHMMs to model financial returns series,"Y Bengio, VP Lauzon, R Ducharme",IEEE Transactions on Neural Networks,"12 (1), 113-123",60,2001,10165210037641709204,e5wmG9Sq2KIC,Yoshua Bengio,kukA0LcAAAAJ
Exponentially increasing the capacity-to-computation ratio for conditional computation in deep learning,"K Cho, Y Bengio",arXiv preprint arXiv:,:1406.7362,59,2014,16820048063789970549,Wq2b2clWBLsC,Yoshua Bengio,kukA0LcAAAAJ
High-dimensional sequence transduction,"N Boulanger-Lewandowski, Y Bengio, P Vincent",,"2013 IEEE international conference on acoustics, speech and signal …",59,2013,2682282483986952386,zCSUwVk65WsC,Yoshua Bengio,kukA0LcAAAAJ
Deep learning for NLP,"R Socher, Y Bengio, C Manning",Tutorial at Association of Computational Logistics (ACL),,59,2012,5444913989297802354,-DxkuPiZhfEC,Yoshua Bengio,kukA0LcAAAAJ
Discrete-valued neural communication,"D Liu, AM Lamb, K Kawaguchi, AG ALIAS PARTH GOYAL, C Sun, ...",Advances in Neural Information Processing Systems,"34, 2109-2121",58,2021,"14504671310484630672,10278072979099788119",tswL-GKFg8UC,Yoshua Bengio,kukA0LcAAAAJ
Interactive language learning by question answering,"X Yuan, MA Côté, J Fu, Z Lin, C Pal, Y Bengio, A Trischler",arXiv preprint arXiv:,:1908.10909,58,2019,1042361326028118680,WTQy_8Ay2UsC,Yoshua Bengio,kukA0LcAAAAJ
Gflownets for ai-driven scientific discovery,"M Jain, T Deleu, J Hartford, CH Liu, A Hernandez-Garcia, Y Bengio",Digital Discovery,"2 (3), 557-577",57,2023,5999806873854739473,H2XcuePHLsAC,Yoshua Bengio,kukA0LcAAAAJ
Object files and schemata: Factorizing declarative and procedural knowledge in dynamical systems,"A Goyal, A Lamb, P Gampa, P Beaudoin, S Levine, C Blundell, Y Bengio, ...",arXiv preprint arXiv:,:2006.16225,57,2020,10194747071641284712,5N-NJrZHaHcC,Yoshua Bengio,kukA0LcAAAAJ
Visualizing the consequences of climate change using cycle-consistent adversarial networks,"V Schmidt, A Luccioni, SK Mukkavilli, N Balasooriya, K Sankaran, ...",arXiv preprint arXiv:,:1905.03709,57,2019,18259859502379230262,CC3C2HR4nz8C,Yoshua Bengio,kukA0LcAAAAJ
Probabilistic planning with sequential monte carlo methods,"A Piché, V Thomas, C Ibrahim, Y Bengio, C Pal",International Conference on Learning Representations,,57,2018,1860428806595804827,Yw6v6SrDvuUC,Yoshua Bengio,kukA0LcAAAAJ
"3rd International Conference on Learning Representations, ICLR 2015, San Diego, CA, USA, May 7-9, 2015, Conference Track Proceedings","DP Kingma, J Ba, Y Bengio, Y LeCun",arXiv preprint arXiv:,:1412.6980,57,2015,10497396645729643656,Sipo1f_CKiIC,Yoshua Bengio,kukA0LcAAAAJ
"Vincent PJItopa, intelligence m","Y Bengio, A Courville",Representation learning: A review and new perspectives,"35 (8), 1798-828",57,2013,4136906443625410257,COU-sansr_wC,Yoshua Bengio,kukA0LcAAAAJ
"Simulation-free schr\"" odinger bridges via score and flow matching","A Tong, N Malkin, K Fatras, L Atanackovic, Y Zhang, G Huguet, G Wolf, ...",arXiv preprint arXiv:,:2307.03672,56,2023,3960635625777967714,jYy9R3AkpWgC,Yoshua Bengio,kukA0LcAAAAJ
A new era: Intelligent tutoring systems will transform online learning for millions,"F St-Hilaire, DD Vu, A Frau, N Burns, F Faraji, J Potochny, S Robert, ...",arXiv preprint arXiv:,:2203.03724,56,2022,5688823252212056782,R0GtuAMwyXEC,Yoshua Bengio,kukA0LcAAAAJ
Deep learning. nature (2015),"Y LeCun, Y Bengio, G Hinton",May;,521 (7553): 436 10.1038/nature14539,56,2015,5320577655907965284,uCYQzKCmtZwC,Yoshua Bengio,kukA0LcAAAAJ
Unsupervised learning of semantics of object detections for scene categorization,"G Mesnil, S Rifai, A Bordes, X Glorot, Y Bengio, P Vincent",Pattern Recognition Applications and Methods: International Conference …,,56,2015,445994952983271781,hvmnpdAuIbkC,Yoshua Bengio,kukA0LcAAAAJ
Z-coder: fast adaptive binary arithmetic coder,"Y Bengio, L Bottou, PG Howard",US Patent,"6,188,334",56,2001,9845656409306032988,WbkHhVStYXYC,Yoshua Bengio,kukA0LcAAAAJ
Fast and slow learning of recurrent independent mechanisms,"K Madan, NR Ke, A Goyal, B Schölkopf, Y Bengio",arXiv preprint arXiv:,:2105.08710,55,2021,12812547036167110347,H0nRGT7Dr7IC,Yoshua Bengio,kukA0LcAAAAJ
Deup: Direct epistemic uncertainty prediction,"M Jain, S Lahlou, H Nekoei, VI Butoi, P Bertin, J Rector-Brooks, ...",,,55,2021,1334657074226691703,mmBnJtEBTSAC,Yoshua Bengio,kukA0LcAAAAJ
Reinforcement learning with competitive ensembles of information-constrained primitives,"A Goyal, S Sodhani, J Binas, XB Peng, S Levine, Y Bengio",arXiv preprint arXiv:,:1906.10667,55,2019,14540344743441199250,iWL_APfBKHwC,Yoshua Bengio,kukA0LcAAAAJ
Learning dynamics model in reinforcement learning by incorporating the long term future,"NR Ke, A Singh, A Touati, A Goyal, Y Bengio, D Parikh, D Batra",arXiv preprint arXiv:,:1903.01599,55,2019,3425835346310963172,v6PuF9mNY3oC,Yoshua Bengio,kukA0LcAAAAJ
Equivalence of equilibrium propagation and recurrent backpropagation,"B Scellier, Y Bengio",Neural computation,"31 (2), 312-329",55,2019,9129854181470186019,WMtz-WDmgKQC,Yoshua Bengio,kukA0LcAAAAJ
Updates of equilibrium prop match gradients of backprop through time in an RNN with static input,"M Ernoult, J Grollier, D Querlioz, Y Bengio, B Scellier",Advances in neural information processing systems,32,55,2019,10015169337926974110,gnsKu8c89wgC,Yoshua Bengio,kukA0LcAAAAJ
Not all neural embeddings are born equal,"F Hill, KH Cho, S Jean, C Devin, Y Bengio",arXiv preprint arXiv:,:1410.0718,55,2014,4199240934846890336,NMlhSUseqAsC,Yoshua Bengio,kukA0LcAAAAJ
Iterative neural autoregressive distribution estimator nade-k,"T Raiko, L Yao, K Cho, Y Bengio",Advances in neural information processing systems,27,55,2014,16368724010911710149,ghEM2AJqZyQC,Yoshua Bengio,kukA0LcAAAAJ
On the search for new learning rules for ANNs,"S Bengio, Y Bengio, J Cloutier",Neural Processing Letters,"2, 26-30",55,1995,13528286942352166864,NJ774b8OgUMC,Yoshua Bengio,kukA0LcAAAAJ
Online continual learning with no task boundaries,"R Aljundi, M Lin, B Goujaud, Y Bengio",arXiv preprint arXiv:,":1903.08671 3, 2",54,2019,1265314064168875860,svGagg1hbZMC,Yoshua Bengio,kukA0LcAAAAJ
Speech and speaker recognition from raw waveform with sincnet,"M Ravanelli, Y Bengio",arXiv preprint arXiv:,:1812.05920,54,2018,17787934526856432151,i_ypWuZoRC8C,Yoshua Bengio,kukA0LcAAAAJ
h-detach: Modifying the LSTM gradient towards better optimization,"D Arpit, B Kanuparthi, G Kerg, NR Ke, I Mitliagkas, Y Bengio",arXiv preprint arXiv:,:1810.03023,54,2018,762520068872474914,9tXw7Op4-u0C,Yoshua Bengio,kukA0LcAAAAJ
Deep Learn,"I Goodfellow, Y Bengio, A Courville",Google Scholar V. Niranjani and NS Selvam,"279, 162-163",54,2016,7372950312469299389,Lmuc1furtc4C,Yoshua Bengio,kukA0LcAAAAJ
Nonlocal estimation of manifold structure,"Y Bengio, M Monperrus, H Larochelle",Neural Computation,"18 (10), 2509-2528",54,2006,3510305140858093971,ns9cj8rnVeAC,Yoshua Bengio,kukA0LcAAAAJ
Module for constructing trainable modular network in which each module inputs and outputs data structured as a graph,"Y Bengio, L Bottou, YA LeCun",US Patent,"6,128,606",54,2000,5155242625582881118,HoB7MX3m0LUC,Yoshua Bengio,kukA0LcAAAAJ
Is a modular architecture enough?,"S Mittal, Y Bengio, G Lajoie",Advances in Neural Information Processing Systems,"35, 28747-28760",53,2022,5707197899340562621,N7YTE_TVRugC,Yoshua Bengio,kukA0LcAAAAJ
How to construct deep recurrent neural networks. arXiv 2013,"R Pascanu, C Gulcehre, K Cho, Y Bengio",arXiv preprint arXiv:,:1312.6026,53,2019,7609077335776028358,J6qkoyn5ZssC,Yoshua Bengio,kukA0LcAAAAJ
Monaural singing voice separation with skip-filtering connections and recurrent inference of time-frequency mask,"SI Mimilakis, K Drossos, JF Santos, G Schuller, T Virtanen, Y Bengio",,"2018 IEEE International Conference on Acoustics, Speech and Signal …",53,2018,10170017838136716397,3BvdIg-l-ZAC,Yoshua Bengio,kukA0LcAAAAJ
Dendritic error backpropagation in deep cortical microcircuits,"J Sacramento, RP Costa, Y Bengio, W Senn",arXiv preprint arXiv:,:1801.00062,53,2017,1741251262725117665,zdX0sdgBH_kC,Yoshua Bengio,kukA0LcAAAAJ
Scaling up spike-and-slab models for unsupervised feature learning,"IJ Goodfellow, A Courville, Y Bengio",IEEE transactions on pattern analysis and machine intelligence,"35 (8), 1902-1914",53,2012,7193154713422261761,6_hjMsCP8ZoC,Yoshua Bengio,kukA0LcAAAAJ
Learning neural causal models with active interventions,"N Scherrer, O Bilaniuk, Y Annadani, A Goyal, P Schwab, B Schölkopf, ...",arXiv preprint arXiv:,:2109.02429,52,2021,17749637350560911885,jvrRlaHg2sAC,Yoshua Bengio,kukA0LcAAAAJ
Systematic evaluation of causal discovery in visual model based reinforcement learning,"NR Ke, A Didolkar, S Mittal, A Goyal, G Lajoie, S Bauer, D Rezende, ...",arXiv preprint arXiv:,:2107.00848,52,2021,10762852414986189275,wyCGhLAOp5UC,Yoshua Bengio,kukA0LcAAAAJ
Infomask: Masked variational latent representation to localize chest disease,"SA Taghanaki, M Havaei, T Berthier, F Dutil, L Di Jorio, G Hamarneh, ...",Medical Image Computing and Computer Assisted Intervention–MICCAI,2019: 22nd …,52,2019,6736556105398099970,lPDSu1ZU3VAC,Yoshua Bengio,kukA0LcAAAAJ
Learning deep representations by mutual information estimation and maximization. arXiv,"RD Hjelm, A Fedorov, S Lavoie-Marchildon, K Grewal, P Bachman, ...",arXiv preprint arXiv:,:1808.06670,52,2018,18096170267974083534,7_FrD3gH8REC,Yoshua Bengio,kukA0LcAAAAJ
A network of deep neural networks for distant speech recognition,"M Ravanelli, P Brakel, M Omologo, Y Bengio",,"2017 IEEE International Conference on Acoustics, Speech and Signal …",52,2017,13548753332905835315,X5YyAB84Iw4C,Yoshua Bengio,kukA0LcAAAAJ
Learning tags that vary within a song,"MI Mandel, D Eck, Y Bengio","ISMIR, Utrecht, Netherlands",,52,2010,4531615394349219879,t6usbXjVLHcC,Yoshua Bengio,kukA0LcAAAAJ
Nice: Non-linear independent components estimation. arXiv 2014,"L Dinh, D Krueger, Y Bengio",arXiv preprint arXiv:,:1410.8516 1,52,NA,3139713595261626113,5Hlrm_bZEgcC,Yoshua Bengio,kukA0LcAAAAJ
Independently controllable features,"V Thomas, J Pondard, E Bengio, M Sarfati, P Beaudoin, MJ Meurs, ...",arXiv preprint arXiv:,:1708.01289,51,2017,6627960808509482444,gmHTDCtJMcoC,Yoshua Bengio,kukA0LcAAAAJ
Early inference in energy-based models approximates back-propagation,"Y Bengio, A Fischer",arXiv preprint arXiv:,:1510.02777,51,2015,6105448756155226236,R-LXmdHK_14C,Yoshua Bengio,kukA0LcAAAAJ
International conference on machine learning,"R Pascanu, T Mikolov, Y Bengio",Pmlr,,51,2013,13982834160448729446,8Fucociq1QoC,Yoshua Bengio,kukA0LcAAAAJ
A preliminary evaluation of word representations for named-entity recognition,"J Turian, L Ratinov, Y Bengio, D Roth","NIPS Workshop on Grammar Induction, Representation of Language and Language …",,51,2009,5171028282126075163,N5tVd3kTz84C,Yoshua Bengio,kukA0LcAAAAJ
Scaling large learning problems with hard parallel mixtures,"R Collobert, Y Bengio, S Bengio",International Journal of pattern recognition and artificial intelligence,17 …,51,2003,13354707389266852678,GnPB-g6toBAC,Yoshua Bengio,kukA0LcAAAAJ
A consciousness-inspired planning agent for model-based reinforcement learning,"M Zhao, Z Liu, S Luan, S Zhang, D Precup, Y Bengio",Advances in neural information processing systems,"34, 1569-1581",50,2021,1913167865279429468,pxLfhFzThFYC,Yoshua Bengio,kukA0LcAAAAJ
Towards a biologically plausible backprop,"B Scellier, Y Bengio",arXiv preprint arXiv:,:1602.05179 914,50,2016,16588584236147770427,Y0-TYkg6YM4C,Yoshua Bengio,kukA0LcAAAAJ
Reseg: A recurrent neural network for object segmentation,"F Visin, K Kastner, A Courville, Y Bengio, M Matteucci, K Cho",arXiv preprint arXiv:,:1511.07053,50,2015,1228455961752927020,ymY9cBF3mdcC,Yoshua Bengio,kukA0LcAAAAJ
GFlowNet-EM for learning compositional latent variable models,"EJ Hu, N Malkin, M Jain, KE Everett, A Graikos, Y Bengio",International Conference on Machine Learning,13528-13549,49,2023,3619139404021915980,0aNKY9CYzMkC,Yoshua Bengio,kukA0LcAAAAJ
Covi white paper,"H Alsdurf, E Belliveau, Y Bengio, T Deleu, P Gupta, D Ippolito, R Janda, ...",arXiv preprint arXiv:,:2005.08502,49,2020,14732739311002370304,2mikiJ1VBVsC,Yoshua Bengio,kukA0LcAAAAJ
Independently controllable factors,"V Thomas, J Pondard, E Bengio, M Sarfati, P Beaudoin, MJ Meurs, ...",arXiv preprint arXiv:,:1708.01289,49,2017,9313540163441002655,Pqt4MY__2vwC,Yoshua Bengio,kukA0LcAAAAJ
Clustering is efficient for approximate maximum inner product search,"A Auvolat, S Chandar, P Vincent, H Larochelle, Y Bengio",arXiv preprint arXiv:,:1507.05910,49,2015,5300348642322641615,i_7YvbSbtFEC,Yoshua Bengio,kukA0LcAAAAJ
Equilibrium propagation with continual weight updates,"M Ernoult, J Grollier, D Querlioz, Y Bengio, B Scellier",arXiv preprint arXiv:,:2005.04168,48,2020,91156664249078988,KPAPMsW7zc0C,Yoshua Bengio,kukA0LcAAAAJ
Closure: Assessing systematic generalization of clevr models,"D Bahdanau, H de Vries, TJ O'Donnell, S Murty, P Beaudoin, Y Bengio, ...",arXiv preprint arXiv:,:1912.05783,48,2019,9049995286017328138,G7txJ4jiatkC,Yoshua Bengio,kukA0LcAAAAJ
A data-efficient framework for training and sim-to-real transfer of navigation policies,"H Bharadhwaj, Z Wang, Y Bengio, L Paull",,"2019 International Conference on Robotics and Automation (ICRA), 782-788",47,2019,15710022063585258972,IExZWSxeYXUC,Yoshua Bengio,kukA0LcAAAAJ
International institutions for advanced AI,"L Ho, J Barnhart, R Trager, Y Bengio, M Brundage, A Carnegie, ...",arXiv preprint arXiv:,:2307.04699,46,2023,1522776054133119216,rQcm2j6_ZE8C,Yoshua Bengio,kukA0LcAAAAJ
Synergies between disentanglement and sparsity: Generalization and identifiability in multi-task learning,"S Lachapelle, T Deleu, D Mahajan, I Mitliagkas, Y Bengio, ...",International Conference on Machine Learning,18171-18206,46,2023,"5389863831587066953,1030556877854750978",vNwWLMROEM0C,Yoshua Bengio,kukA0LcAAAAJ
Generative augmented flow networks,"L Pan, D Zhang, A Courville, L Huang, Y Bengio",arXiv preprint arXiv:,:2210.03308,46,2022,11237918849181891992,dY-VugTTHzcC,Yoshua Bengio,kukA0LcAAAAJ
On the morality of artificial intelligence [commentary],"A Luccioni, Y Bengio",IEEE Technology and Society Magazine,"39 (1), 16-25",46,2020,8134132377461520105,OkrdTXRNpVkC,Yoshua Bengio,kukA0LcAAAAJ
Convolutional neural networks for mesh-based parcellation of the cerebral cortex,"G Cucurull, K Wagstyl, A Casanova, P Veličković, E Jakobsen, ...",Medical imaging with deep learning,,46,2018,7849218969583241809,2Q0AJrNhS-QC,Yoshua Bengio,kukA0LcAAAAJ
Texture modeling with convolutional spike-and-slab RBMs and deep extensions,"H Luo, PL Carrier, A Courville, Y Bengio",Artificial Intelligence and Statistics,415-423,46,2013,8513136109441754315,SjuI4pbJlxcC,Yoshua Bengio,kukA0LcAAAAJ
Gradient flow in recurrent nets: the difficulty of learning long-term dependencies.(2001),"S Hochreiter, Y Bengio, P Frasconi, J Schmidhuber",Cited on,114,46,2001,17781853087508999139,AeQkyvggb0MC,Yoshua Bengio,kukA0LcAAAAJ
Statistical learning algorithms applied to automobile insurance ratemaking,"C Dugas, Y Bengio, N Chapados, P Vincent, G Denoncourt, C Fournier",CAS Forum,"1 (1), 179-214",45,2003,16301866980244744612,sSrBHYA8nusC,Yoshua Bengio,kukA0LcAAAAJ
Estimating car insurance premia: A case study in high-dimensional data inference,"N Chapados, Y Bengio, P Vincent, J Ghosn, C Dugas, I Takeuchi, L Meng",Advances in Neural Information Processing Systems,14,45,2001,4266807477439379921,1sJd4Hv_s6UC,Yoshua Bengio,kukA0LcAAAAJ
An EM algorithm for asynchronous input/output hidden Markov models,"S Bengio, Y Bengio",International Conference On Neural Information Processing,"78, 328-334",45,1996,551990965222704138,hFOr9nPyWt4C,Yoshua Bengio,kukA0LcAAAAJ
Towards standardization of data licenses: The montreal data license,"M Benjamin, P Gagnon, N Rostamzadeh, C Pal, Y Bengio, A Shee",arXiv preprint arXiv:,:1903.12262,44,2019,7344763936110431418,vkuYBMKU6wEC,Yoshua Bengio,kukA0LcAAAAJ
深度学习,"I Goodfellow, Y Bengio, A Courville",Ren min you dian chu ban she,,44,2017,11127384657269564452,JIEWM9yDoCIC,Yoshua Bengio,kukA0LcAAAAJ
Batch-normalized joint training for DNN-based distant speech recognition,"M Ravanelli, P Brakel, M Omologo, Y Bengio",,"2016 IEEE Spoken Language Technology Workshop (SLT), 28-34",44,2016,12522753393053035338,tBlTYpvFGQIC,Yoshua Bengio,kukA0LcAAAAJ
"et HINTON, Geoffrey","Y Lecun, Y Bengio",Deep learning. nature,"521 (7553), 436",44,2015,3955488421087487875,6gSKFiM3XosC,Yoshua Bengio,kukA0LcAAAAJ
Learning the dynamic nature of speech with back-propagation for sequences,"Y Bengio, R De Mori, M Gori",Pattern recognition letters,"13 (5), 375-385",44,1992,7433189786861186310,M3NEmzRMIkIC,Yoshua Bengio,kukA0LcAAAAJ
RetroGNN: fast estimation of synthesizability for virtual screening and de novo design by learning from slow retrosynthesis software,"CH Liu, M Korablyov, S Jastrzebski, P Włodarczyk-Pruszynski, Y Bengio, ...",Journal of Chemical Information and Modeling,"62 (10), 2293-2300",43,2022,8389798661140792621,V-j82LJCZ3MC,Yoshua Bengio,kukA0LcAAAAJ
Continuous domain adaptation with variational domain-agnostic feature replay,"Q Lao, X Jiang, M Havaei, Y Bengio",arXiv preprint arXiv:,:2003.04382,43,2020,9716007626231619774,S_fw-_riRmcC,Yoshua Bengio,kukA0LcAAAAJ
Generalization of equilibrium propagation to vector field dynamics,"B Scellier, A Goyal, J Binas, T Mesnard, Y Bengio",arXiv preprint arXiv:,:1808.04873,43,2018,7147379873815837005,BFa5h04uPMwC,Yoshua Bengio,kukA0LcAAAAJ
The 4th International Conference on Learning Representations,"Y Bengio, Y LeCun",Conference Track Proceedings,2016,43,2016,8644314542544576409,ypV3Rv634DYC,Yoshua Bengio,kukA0LcAAAAJ
Unifying generative models with GFlowNets and beyond,"D Zhang, RTQ Chen, N Malkin, Y Bengio",arXiv preprint arXiv:,:2209.02606,42,2022,15514918492269820368,XK2cf6JOk9AC,Yoshua Bengio,kukA0LcAAAAJ
Saliency is a possible red herring when diagnosing poor generalization,"JD Viviano, B Simpson, F Dutil, Y Bengio, JP Cohen",arXiv preprint arXiv:,:1910.00199,42,2019,7164522267078808878,dIILA_La5fwC,Yoshua Bengio,kukA0LcAAAAJ
Modeling the long term future in model-based reinforcement learning,"NR Ke, A Singh, A Touati, A Goyal, Y Bengio, D Parikh, D Batra",International Conference on Learning Representations,,42,2018,14570382599498236785,mgoTDWlsYNUC,Yoshua Bengio,kukA0LcAAAAJ
Editorial introduction to the neural networks special issue on deep learning of representations,"Y Bengio, H Lee",Neural Networks,"64 (C), 1-3",42,2015,12610642597771326435,BmWJbWwHJAwC,Yoshua Bengio,kukA0LcAAAAJ
Unsupervised sense disambiguation using bilingual probabilistic models,"I Bhattacharya, L Getoor, Y Bengio",Proceedings of the,42nd Annual Meeting of the Association for Computational …,42,2004,392347183180030079,_Qo2XoVZTnwC,Yoshua Bengio,kukA0LcAAAAJ
Properties from mechanisms: an equivariance perspective on identifiable representation learning,"K Ahuja, J Hartford, Y Bengio",arXiv preprint arXiv:,:2110.15796,41,2021,2588161739937352461,vkDViGfkvYEC,Yoshua Bengio,kukA0LcAAAAJ
Variational causal networks: Approximate bayesian inference over causal structures,"Y Annadani, J Rothfuss, A Lacoste, N Scherrer, A Goyal, Y Bengio, ...",arXiv preprint arXiv:,:2106.07635,41,2021,18441201160821058776,HkunuPqSaCsC,Yoshua Bengio,kukA0LcAAAAJ
Icentia11k: An unsupervised representation learning dataset for arrhythmia subtype discovery,"S Tan, G Androz, A Chamseddine, P Fecteau, A Courville, Y Bengio, ...",arXiv preprint arXiv:,:1910.09570,41,2019,16202672647046183473,XUAslYVNQLQC,Yoshua Bengio,kukA0LcAAAAJ
Variational bi-lstms,"S Shabanian, D Arpit, A Trischler, Y Bengio",arXiv preprint arXiv:,:1711.05717,41,2017,15078175515550044991,GJVTs2krol4C,Yoshua Bengio,kukA0LcAAAAJ
Improving first and second-order methods by modeling uncertainty,"N Le Roux, Y Bengio, A Fitzgibbon",Optimization for machine learning,403,41,2012,9564840851994412436,evX43VCCuoAC,Yoshua Bengio,kukA0LcAAAAJ
Finding flatter minima with sgd,"S Jastrzębski, Z Kenton, D Arpit, N Ballas, A Fischer, Y Bengio, A Storkey",,,40,2018,9646313227600793163,xa5BkEQK8BgC,Yoshua Bengio,kukA0LcAAAAJ
Learning eigenfunctions of similarity: linking spectral clustering and kernel PCA,"Y Bengio, P Vincent, JF Paiement, O Delalleau, M Ouimet, N LeRoux",Technical Report,"1232, Departement d’Informatique et Recherche Oprationnelle …",40,2003,13892629018330504800,RGFaLdJalmkC,Yoshua Bengio,kukA0LcAAAAJ
Pattern recognition and neural networks,"Y Lecun, Y Bengio","The Handbook of Brain Theory and Neural Networks. MIT Press, Cambridge, MA",,40,1995,13881972032916531204,k_7cPK9k7w8C,Yoshua Bengio,kukA0LcAAAAJ
Programmable execution of multi-layered networks for automatic speech recognition,"Y Bengio, R Cardin, R De Mori, E Merlo",Communications of the ACM,"32 (2), 195-199",40,1989,138727575766063651,NaGl4SEjCO4C,Yoshua Bengio,kukA0LcAAAAJ
Attention based pruning for shift networks,"GB Hacene, C Lassance, V Gripon, M Courbariaux, Y Bengio",,"2020 25th International Conference on Pattern Recognition (ICPR), 4054-4061",39,2021,17683535447004964934,puFLaqDw8dcC,Yoshua Bengio,kukA0LcAAAAJ
Reinforcement learning for sustainable agriculture,"J Binas, L Luginbuehl, Y Bengio",ICML,2019 workshop climate change: how can AI help 82,39,2019,5545558749672725336,-qpA3cGbmHsC,Yoshua Bengio,kukA0LcAAAAJ
"Goodfellow, and Aaron Courville,“","Y Bengio, J Ian","Deep learning,” Nature",436-444,39,2015,2014356254355785458,PPAp3RzCAaIC,Yoshua Bengio,kukA0LcAAAAJ
The spike-and-slab RBM and extensions to discrete and sparse data distributions,"A Courville, G Desjardins, J Bergstra, Y Bengio",IEEE transactions on pattern analysis and machine intelligence,"36 (9), 1874-1887",39,2013,16627466093971328549,LXmCCkuhhTsC,Yoshua Bengio,kukA0LcAAAAJ
Large-Scale Learning of Embeddings with Reconstruction Sampling.,"YN Dauphin, X Glorot, Y Bengio",ICML,945-952,39,2011,1646765307832793887,tYavs44e6CUC,Yoshua Bengio,kukA0LcAAAAJ
Adaptive parallel tempering for stochastic maximum likelihood learning of RBMs,"G Desjardins, A Courville, Y Bengio",arXiv preprint arXiv:,:1012.3476,39,2010,1159098983178913720,PELIpwtuRlgC,Yoshua Bengio,kukA0LcAAAAJ
Phonetically motivated acoustic parameters for continuous speech recognition using artificial neural networks,"Y Bengio, R De Mori, G Flammia, R Kompe",Speech Communication,"11 (2-3), 261-271",39,1992,5588185937701295753,TFP_iSt0sucC,Yoshua Bengio,kukA0LcAAAAJ
Generative AI models should include detection mechanisms as a condition for public release,"A Knott, D Pedreschi, R Chatila, T Chakraborti, S Leavy, R Baeza-Yates, ...",Ethics and Information Technology,"25 (4), 55",38,2023,287104009793647392,oQQVFBP0nzwC,Yoshua Bengio,kukA0LcAAAAJ
MAgnet: Mesh agnostic neural PDE solver,"O Boussif, Y Bengio, L Benabbou, D Assouline",Advances in Neural Information Processing Systems,"35, 31972-31985",38,2022,4350112799912824064,_IwLajd9sWMC,Yoshua Bengio,kukA0LcAAAAJ
A learning-based algorithm to quickly compute good primal solutions for stochastic integer programs,"Y Bengio, E Frejinger, A Lodi, R Patel, S Sankaranarayanan","Integration of Constraint Programming, Artificial Intelligence, and …",,38,2020,5819056660847679977,QI7uKX5mnFEC,Yoshua Bengio,kukA0LcAAAAJ
Implementations of algorithms for hyper-parameter optimization,"J Bergstra, R Bardenet, B Kégl, Y Bengio",NIPS Workshop on Bayesian optimization,29,38,2011,1391967940073121161,4X0JR2_MtJMC,Yoshua Bengio,kukA0LcAAAAJ
Contextual tag inference,"MI Mandel, R Pascanu, D Eck, Y Bengio, LM Aiello, R Schifanella, ...","ACM Transactions on Multimedia Computing, Communications, and Applications …",,38,2011,5951552372310194120,ruyezt5ZtCIC,Yoshua Bengio,kukA0LcAAAAJ
Learning causal models online,"K Javed, M White, Y Bengio",arXiv preprint arXiv:,:2006.07461,37,2020,5135586719421591747,FKYJxdYMdFIC,Yoshua Bengio,kukA0LcAAAAJ
On the learning dynamics of deep neural networks,"R Tachet, M Pezeshki, S Shabanian, A Courville, Y Bengio",arXiv preprint arXiv:,:1809.06848,37,2018,14566764447170852464,ZZwcLRaXOV4C,Yoshua Bengio,kukA0LcAAAAJ
"6th International Conference on Learning Representations, ICLR","P Veličković, G Cucurull, A Casanova, B Yoshua, L Yann","Vancouver, BC, Canada",,37,2018,14559812297234829052,whNN5KpgZFsC,Yoshua Bengio,kukA0LcAAAAJ
The representational geometry of word meanings acquired by neural machine translation models,"F Hill, K Cho, S Jean, Y Bengio",Machine Translation,"31, 3-18",37,2017,5317881773503327616,8uzoZH4hB9AC,Yoshua Bengio,kukA0LcAAAAJ
A hybrid coder for hidden Markov models using a recurrent neural networks,"Y Bengio, R Cardin, R De Mori, Y Normandin","International Conference on Acoustics, Speech, and Signal Processing",537-540,37,1990,168909891240885146,rO6llkc54NcC,Yoshua Bengio,kukA0LcAAAAJ
Speaker independent speech recognition with neural networks and speech knowledge,"Y Bengio, R De Mori, R Cardin",Advances in neural information processing systems,2,37,1989,17829873229536784987,2P1L_qKh6hAC,Yoshua Bengio,kukA0LcAAAAJ
Diffusion generative flow samplers: Improving learning signals through partial trajectory optimization,"D Zhang, RTQ Chen, CH Liu, A Courville, Y Bengio",arXiv preprint arXiv:,:2310.02679,36,2023,4601881413729468749,GfAJFcoWUJEC,Yoshua Bengio,kukA0LcAAAAJ
Combining parameter-efficient modules for task-level generalisation,"EM Ponti, A Sordoni, Y Bengio, S Reddy",Proceedings of the,17th Conference of the European Chapter of the …,36,2023,7057648476503490687,zuN7wi50mysC,Yoshua Bengio,kukA0LcAAAAJ
Lookback for learning to branch,"P Gupta, EB Khalil, D Chetélat, M Gasse, Y Bengio, A Lodi, MP Kumar",arXiv preprint arXiv:,:2206.14987,36,2022,13142802075059346001,hzvVvKpMvx4C,Yoshua Bengio,kukA0LcAAAAJ
Dynamic inference with neural interpreters,"N Rahaman, MW Gondal, S Joshi, P Gehler, Y Bengio, F Locatello, ...",Advances in Neural Information Processing Systems,"34, 10985-10998",36,2021,15779223335219570380,2hrGa7H818QC,Yoshua Bengio,kukA0LcAAAAJ
A highly adaptive acoustic model for accurate multi-dialect speech recognition,"S Yoo, I Song, Y Bengio",ICASSP,"2019-2019 IEEE International Conference on Acoustics, Speech and …",36,2019,17181851969796163529,9o6PfxSMcEIC,Yoshua Bengio,kukA0LcAAAAJ
Universal successor representations for transfer reinforcement learning,"C Ma, J Wen, Y Bengio",arXiv preprint arXiv:,:1804.03758,36,2018,562899625301211580,ZysSsiWj_g4C,Yoshua Bengio,kukA0LcAAAAJ
Proceedings of the IEEE,"Y Lecun, L Bottou, Y Bengio, P Haffner",Proceedings of the IEEE,"86 (11), 2278-2324",36,1998,3335513680192478479,lLPirIASiZEC,Yoshua Bengio,kukA0LcAAAAJ
Efficient recognition of immunoglobulin domains from amino acid sequences using a neural network,"Y Bengio, Y Pouliot",Bioinformatics,"6 (4), 319-324",36,1990,14844415099728574643,JV2RwH3_ST0C,Yoshua Bengio,kukA0LcAAAAJ
Towards scaling difference target propagation by learning backprop targets,"MM Ernoult, F Normandin, A Moudgil, S Spinney, E Belilovsky, I Rish, ...",International Conference on Machine Learning,5968-5987,35,2022,16976057052458549832,knQODA9bSJkC,Yoshua Bengio,kukA0LcAAAAJ
Regularized auto-encoders estimate local statistics,"G Alain, Y Bengio, S Rifai","CoRR, abs/",/1211.4246,35,2012,1557142682813531353,CdxZDUztZiMC,Yoshua Bengio,kukA0LcAAAAJ
Tractable multivariate binary density estimation and the restricted Boltzmann forest,"H Larochelle, Y Bengio, J Turian",Neural computation,"22 (9), 2285-2307",35,2010,8707488844363561874,AXPGKjj_ei8C,Yoshua Bengio,kukA0LcAAAAJ
A hybrid Pareto mixture for conditional asymmetric fat-tailed distributions,"J Carreau, Y Bengio",IEEE transactions on neural networks,"20 (7), 1087-1101",35,2009,1825582288221354953,SdhP9T11ey4C,Yoshua Bengio,kukA0LcAAAAJ
Local search gflownets,"M Kim, T Yun, E Bengio, D Zhang, Y Bengio, S Ahn, J Park",arXiv preprint arXiv:,:2310.02710,34,2023,307485571580394019,c6chOJGeGucC,Yoshua Bengio,kukA0LcAAAAJ
Stochastic generative flow networks,"L Pan, D Zhang, M Jain, L Huang, Y Bengio",Uncertainty in Artificial Intelligence,1628-1638,34,2023,12660486904553556,aFwNBOTKqaYC,Yoshua Bengio,kukA0LcAAAAJ
Universal successor features for transfer reinforcement learning,"C Ma, DR Ashley, J Wen, Y Bengio",arXiv preprint arXiv:,:2001.04025,34,2020,12772764211059252047,SgM-ki2adj0C,Yoshua Bengio,kukA0LcAAAAJ
Towards gene expression convolutions using gene interaction graphs,"F Dutil, JP Cohen, M Weiss, G Derevyanko, Y Bengio",arXiv preprint arXiv:,:1806.06975,34,2018,3454127162355775584,NnTm98qLMbgC,Yoshua Bengio,kukA0LcAAAAJ
Discriminative Non-negative Matrix Factorization for Multiple Pitch Estimation.,"N Boulanger-Lewandowski, Y Bengio, P Vincent",ISMIR,205-210,34,2012,8608576770520772556,PaBasH6fAo0C,Yoshua Bengio,kukA0LcAAAAJ
Augmented functional time series representation and forecasting with Gaussian processes,"N Chapados, Y Bengio",Advances in neural information processing systems,20,34,2007,284308023034315564,_B80troHkn4C,Yoshua Bengio,kukA0LcAAAAJ
Adaptive boosting of neural networks for character recognition,"H Schwenk, Y Bengio",Advances in Neural Information Processing,10 (1997),34,1997,1508486624191658095,pqnbT2bcN3wC,Yoshua Bengio,kukA0LcAAAAJ
"Neural machine translation by jointly learning to align and translate, 2014. doi: 10.48550","D Bahdanau, K Cho, Y Bengio",arXiv preprint ARXIV.,.1409.047,34,NA,7817466029794107308,s_JjmAzd-pQC,Yoshua Bengio,kukA0LcAAAAJ
Schmidhuber. 1997,S Hochreiter,Long short-term memory,1735-178,34,NA,5341409794079208471,OA9cGvo6324C,Yoshua Bengio,kukA0LcAAAAJ
Combining modular skills in multitask learning,"EM Ponti, A Sordoni, Y Bengio, S Reddy",arXiv preprint arXiv:,:2202.13914,33,2022,6820071246501839230,7N_8t4gx0K8C,Yoshua Bengio,kukA0LcAAAAJ
The benefits of over-parameterization at initialization in deep ReLU networks,"D Arpit, Y Bengio",arXiv preprint arXiv:,:1901.03611,33,2019,16384503702488137425,e9bUPLv0EjcC,Yoshua Bengio,kukA0LcAAAAJ
Task loss estimation for sequence prediction,"D Bahdanau, D Serdyuk, P Brakel, NR Ke, J Chorowski, A Courville, ...",arXiv preprint arXiv:,:1511.06456,33,2015,14698751936798182636,PQEM9vzQD9gC,Yoshua Bengio,kukA0LcAAAAJ
Adaptive drift-diffusion process to learn time intervals,"F Rivest, Y Bengio",arXiv preprint arXiv:,:1103.2382,33,2011,13839626854797458068,HtS1dXgVpQUC,Yoshua Bengio,kukA0LcAAAAJ
On tracking the partition function,"G Desjardins, Y Bengio, AC Courville",Advances in neural information processing systems,24,33,2011,3034957806261579998,Bg7qf7VwUHIC,Yoshua Bengio,kukA0LcAAAAJ
Learning from partial labels with minimum entropy,"Y Grandvalet, Y Bengio",Centre interuniversitaire de recherche en analyse des organisations (CIRANO),,33,2004,4908926215424148256,ye4kPcJQO24C,Yoshua Bengio,kukA0LcAAAAJ
Brain inspired reinforcement learning,"F Rivest, Y Bengio, J Kalaska",Advances in neural information processing systems,17,33,2004,873151280750153788,KxtntwgDAa4C,Yoshua Bengio,kukA0LcAAAAJ
"antoine Manzagol, P.(2010). Stacked denoising autoencoders: learning useful representations in a deep network with a local denoising criterion","P Vincent, H Larochelle, I Lajoie, Y Bengio",Journal of machine learning research,"11, 3371-340",33,NA,403926155993595774,vlECJaBXBlQC,Yoshua Bengio,kukA0LcAAAAJ
Mad twinnet: Masker-denoiser architecture with twin networks for monaural sound source separation,"K Drossos, SI Mimilakis, D Serdyuk, G Schuller, T Virtanen, Y Bengio",,"2018 International Joint Conference on Neural Networks (IJCNN), 1-8",32,2018,9266640881588520508,xii_ZKWM4-0C,Yoshua Bengio,kukA0LcAAAAJ
Hypothesis testing for cross-validation,"Y Grandvalet, Y Bengio","Montreal Universite de Montreal, Operationnelle DdIeR",1285,32,2006,11740701196837418348,VOx2b1Wkg3QC,Yoshua Bengio,kukA0LcAAAAJ
Learning from unexpected events in the neocortical microcircuit,"CJ Gillon, JE Pina, JA Lecoq, R Ahmed, YN Billeh, S Caldejon, ...",BioRxiv,2021.01. 15.426915,31,2021,10112246459116505199,fMcxjvj1mj8C,Yoshua Bengio,kukA0LcAAAAJ
The bottleneck simulator: A model-based deep reinforcement learning approach,"IV Serban, C Sankar, M Pieper, J Pineau, Y Bengio",Journal of Artificial Intelligence Research,"69, 571-612",31,2020,3748034062804562723,cOfwuRB03ygC,Yoshua Bengio,kukA0LcAAAAJ
Compositional generalization by factorizing alignment and translation,"J Russin, J Jo, R O’Reilly, Y Bengio",Proceedings of the,58th Annual Meeting of the Association for Computational …,31,2020,135003843192324510,nnITTVbzT6kC,Yoshua Bengio,kukA0LcAAAAJ
Gradmask: Reduce overfitting by regularizing saliency,"B Simpson, F Dutil, Y Bengio, JP Cohen",arXiv preprint arXiv:,:1904.07478,31,2019,11241224578529926285,WGv8Og3F3KgC,Yoshua Bengio,kukA0LcAAAAJ
Commonsense mining as knowledge base completion? A study on the impact of novelty,"S Jastrzębski, D Bahdanau, S Hosseini, M Noukhovitch, Y Bengio, ...",arXiv preprint arXiv:,:1804.09259,31,2018,7219513534328816245,feST4K8J0scC,Yoshua Bengio,kukA0LcAAAAJ
Width of minima reached by stochastic gradient descent is influenced by learning rate to batch size ratio,"S Jastrzębski, Z Kenton, D Arpit, N Ballas, A Fischer, Y Bengio, A Storkey",Artificial Neural Networks and Machine Learning–ICANN,2018: 27th …,31,2018,1635685841489090037,oFn-K-OQSCAC,Yoshua Bengio,kukA0LcAAAAJ
A robust adaptive stochastic gradient method for deep learning,"C Gulcehre, J Sotelo, M Moczulski, Y Bengio",,"2017 International Joint Conference on Neural Networks (IJCNN), 125-132",31,2017,6538148400253593509,BJtnxTr0fRcC,Yoshua Bengio,kukA0LcAAAAJ
"Deep learning, volume 1","I Goodfellow, Y Bengio, A Courville, Y Bengio",MIT press Cambridge,,31,2016,5670171594639798436,H8haQKU-3ZsC,Yoshua Bengio,kukA0LcAAAAJ
Efficient EM training of Gaussian mixtures with missing data,"O Delalleau, A Courville, Y Bengio",arXiv preprint arXiv:,:1209.0521,31,2012,694522514540501123,nRpfm8aw39MC,Yoshua Bengio,kukA0LcAAAAJ
Important gains from supervised fine-tuning of deep architectures on large labeled sets,"P Lamblin, Y Bengio",NIPS*,"2010 Deep Learning and Unsupervised Feature Learning Workshop, 1-8",31,2010,12533935057323796168,oEW5MyxtvQ4C,Yoshua Bengio,kukA0LcAAAAJ
Learning deep architectures for AI. Found Trends Mach Learn 2 (1): 1–127,Y Bengio,,,31,2009,11996149086942881701,0vYOBEH00j0C,Yoshua Bengio,kukA0LcAAAAJ
Discrete key-value bottleneck,"F Träuble, A Goyal, N Rahaman, MC Mozer, K Kawaguchi, Y Bengio, ...",International conference on machine learning,34431-34455,30,2023,2435313634978176220,KxdiYzj_eL0C,Yoshua Bengio,kukA0LcAAAAJ
NU-GAN: High resolution neural upsampling with GAN,"R Kumar, K Kumar, V Anand, Y Bengio, A Courville",arXiv preprint arXiv:,:2010.11362,30,2020,3764872951698870496,ocbgtyEEUOwC,Yoshua Bengio,kukA0LcAAAAJ
Predicting solution summaries to integer linear programs under imperfect information with machine learning,"E Larsen, S Lachapelle, Y Bengio, E Frejinger, S Lacoste-Julien, A Lodi",arXiv preprint arXiv:,":1807.11876 2 (4), 14",30,2018,8540971728082792672,ipSP0SfFaZ8C,Yoshua Bengio,kukA0LcAAAAJ
Deep learning 1 (2),"I Goodfellow, Y Bengio, A Courville, Y Bengio",MIT press Cambridge,,30,2016,4288607593654976835,9mnZQYLiiboC,Yoshua Bengio,kukA0LcAAAAJ
Metric-free natural gradient for joint-training of boltzmann machines,"G Desjardins, R Pascanu, A Courville, Y Bengio",arXiv preprint arXiv:,:1301.3545,30,2013,5058021713135303817,-7ulzOJl1JYC,Yoshua Bengio,kukA0LcAAAAJ
Learning deep architectures for AI. Found Trends Mach Learn 2 (1): 1–27,Y Bengio,,,30,2009,3532021502227232347,Vxkav03X4woC,Yoshua Bengio,kukA0LcAAAAJ
On the challenge of learning complex functions,Y Bengio,Progress in Brain Research,"165, 521-534",30,2007,17096244134305778885,ZzlSgRqYykMC,Yoshua Bengio,kukA0LcAAAAJ
Browsing through high quality document images with DjVu,"P Haffner, L Bottou, PG Howard, P Simard, Y Bengio, Y Le Cun",Proceedings IEEE International Forum on Research and Technology Advances in …,,30,1998,12618711435977976241,BqipwSGYUEgC,Yoshua Bengio,kukA0LcAAAAJ
Training a neural network with a financial criterion rather than a prediction criterion,Y Bengio,Decision Technologies for Financial Engineering: Proceedings of the Fourth …,,30,1997,15913289333623065778,SeFeTyx0c_EC,Yoshua Bengio,kukA0LcAAAAJ
Phonetically-based multi-layered neural networks for vowel classification,"P Cosi, Y Bengio, R De Mori",Speech Communication,"9 (1), 15-29",30,1990,14511132267549809026,M05iB0D1s5AC,Yoshua Bengio,kukA0LcAAAAJ
AI and catastrophic risk,Y Bengio,Journal of democracy,"34 (4), 111-121",29,2023,12233412972050724080,jW3pDOCzWhQC,Yoshua Bengio,kukA0LcAAAAJ
Deriving differential target propagation from iterating approximate inverses,Y Bengio,arXiv preprint arXiv:,:2007.15139,29,2020,5198604219321818899,QZWLLlSfqgYC,Yoshua Bengio,kukA0LcAAAAJ
Learning deep representations by mutual information estimation and maximization,"R Devon Hjelm, A Fedorov, S Lavoie-Marchildon, K Grewal, P Bachman, ...","arXiv e-prints, arXiv:",1808.06670,29,2018,"9342919035465412376,9564518335771007420",UwpDZDXJMDUC,Yoshua Bengio,kukA0LcAAAAJ
Bidirectional helmholtz machines,"J Bornschein, S Shabanian, A Fischer, Y Bengio",International Conference on Machine Learning,2511-2519,29,2016,8477848573691511954,I858iXPj1OkC,Yoshua Bengio,kukA0LcAAAAJ
Deep directed generative autoencoders,"S Ozair, Y Bengio",arXiv preprint arXiv:,:1410.0630,29,2014,13319270084514804160,H_jBuBxbQIAC,Yoshua Bengio,kukA0LcAAAAJ
Building Musically-relevant Audio Features through Multiple Timescale Representations.,"P Hamel, Y Bengio, D Eck",ISMIR,553-558,29,2012,2333724485730596878,WHdLCjDvYFkC,Yoshua Bengio,kukA0LcAAAAJ
Bayesian learning of causal structure and mechanisms with gflownets and variational bayes,"M Nishikawa-Toomey, T Deleu, J Subramanian, Y Bengio, L Charlin",arXiv preprint arXiv:,:2211.02763,28,2022,3407856293919248241,4_yl7nwqy4oC,Yoshua Bengio,kukA0LcAAAAJ
Multi-scale feature learning dynamics: Insights for double descent,"M Pezeshki, A Mitra, Y Bengio, G Lajoie",International Conference on Machine Learning,17669-17690,28,2022,15892651020867127021,t7izwRedFcYC,Yoshua Bengio,kukA0LcAAAAJ
Untangling tradeoffs between recurrence and self-attention in artificial neural networks,"G Kerg, B Kanuparthi, AG ALIAS PARTH GOYAL, K Goyette, Y Bengio, ...",Advances in Neural Information Processing Systems,"33, 19443-19454",28,2020,11401633192330060421,rAN7mHg6NlYC,Yoshua Bengio,kukA0LcAAAAJ
The effects of negative adaptation in model-agnostic meta-learning,"T Deleu, Y Bengio",arXiv preprint arXiv:,:1812.02159,28,2018,4119931702092904807,6pF0wJmtdfAC,Yoshua Bengio,kukA0LcAAAAJ
Focused hierarchical RNNs for conditional sequence processing,"NR Ke, K Żołna, A Sordoni, Z Lin, A Trischler, Y Bengio, J Pineau, ...",International Conference on Machine Learning,2554-2563,28,2018,16306476485097119650,XeErXHja3Z8C,Yoshua Bengio,kukA0LcAAAAJ
Bounding the test log-likelihood of generative models,"Y Bengio, L Yao, K Cho",arXiv preprint arXiv:,:1311.6184,28,2013,18017364576419179310,zGdJYJv2LkUC,Yoshua Bengio,kukA0LcAAAAJ
Alternative time representation in dopamine models,"F Rivest, JF Kalaska, Y Bengio",Journal of computational neuroscience,"28, 107-130",28,2010,17691299397011146843,URolC5Kub84C,Yoshua Bengio,kukA0LcAAAAJ
Support vector machines for improving the classification of brain PET images,"M Bonneville, J Meunier, Y Bengio, JP Soucy",Medical Imaging,"1998: Image Processing 3338, 264-273",28,1998,10106585324254018647,NhqRSupF_l8C,Yoshua Bengio,kukA0LcAAAAJ
Use of neural networks for the recognition of place of articulation,"Y Bengio, R De Mori",ICASSP-,"-88., International Conference on Acoustics, Speech, and Signal …",28,1988,11796570229967765903,P5F9QuxV20EC,Yoshua Bengio,kukA0LcAAAAJ
Compositional attention: Disentangling search and retrieval,"S Mittal, SC Raparthy, I Rish, Y Bengio, G Lajoie",arXiv preprint arXiv:,:2110.09419,27,2021,1630545213475914915,8EvVLpklxGMC,Yoshua Bengio,kukA0LcAAAAJ
Unifying likelihood-free inference with black-box optimization and beyond,"D Zhang, J Fu, Y Bengio, A Courville",arXiv preprint arXiv:,:2110.03372,27,2021,5950905850445809311,54SpJiyHbzwC,Yoshua Bengio,kukA0LcAAAAJ
RetroGNN: Approximating retrosynthesis by graph neural networks for de novo drug design,"CH Liu, M Korablyov, S Jastrzębski, P Włodarczyk-Pruszyński, Y Bengio, ...",arXiv preprint arXiv:,:2011.13042,27,2020,8731181668100245104,cxS_fjKIGZMC,Yoshua Bengio,kukA0LcAAAAJ
Understanding the difficulty of training deep feedforward neural networks. 2010,"X Glorot, Y Bengio",International Conference on Artificial Intelligence and Statistics,1,27,2018,10967147250025696197,E10ZYwHxBI8C,Yoshua Bengio,kukA0LcAAAAJ
On the iterative refinement of densely connected representation levels for semantic segmentation,"A Casanova, G Cucurull, M Drozdzal, A Romero, Y Bengio",Proceedings of the IEEE conference on computer vision and pattern …,,27,2018,1805387520703647023,U5uP8zs9lfgC,Yoshua Bengio,kukA0LcAAAAJ
Maxout networks (2013),"IJ Goodfellow, D Warde-Farley, M Mirza, A Courville, Y Bengio",arXiv preprint arXiv:,:1302.4389,27,2017,10489774869510771183,I9gX6wnfuA8C,Yoshua Bengio,kukA0LcAAAAJ
Deep learning (adaptive computation and machine learning series),"G Ian, B Yoshua, C Aaron",Nature,521,27,2016,4771858637079666662,6xXPb0EiZccC,Yoshua Bengio,kukA0LcAAAAJ
Adasecant: robust adaptive secant method for stochastic gradient,"C Gulcehre, M Moczulski, Y Bengio",arXiv preprint arXiv:,:1412.7419,27,2014,17368732264007889207,oPLKW5k6eA4C,Yoshua Bengio,kukA0LcAAAAJ
Locally Linear Embedding for dimensionality reduction in QSAR,"PJ L’heureux, J Carreau, Y Bengio, O Delalleau, SY Yue",Journal of Computer-Aided Molecular Design,"18, 475-482",27,2004,4157902259524190531,70eg2SAEIzsC,Yoshua Bengio,kukA0LcAAAAJ
Robust regression with asymmetric heavy-tail noise distributions,"I Takeuchi, Y Bengio, T Kanamori",Neural Computation,"14 (10), 2469-2496",27,2002,9212451817673294935,abG-DnoFyZgC,Yoshua Bengio,kukA0LcAAAAJ
A neural support vector network architecture with adaptive kernels,"P Vincent, Y Bengio",Proceedings of the IEEE-INNS-ENNS International Joint Conference on Neural …,,27,2000,1996080807750347153,CHSYGLWDkRkC,Yoshua Bengio,kukA0LcAAAAJ
Thompson sampling for improved exploration in gflownets,"J Rector-Brooks, K Madan, M Jain, M Korablyov, CH Liu, S Chandar, ...",arXiv preprint arXiv:,:2306.17693,26,2023,18110379637792279142,ealulPZkXgsC,Yoshua Bengio,kukA0LcAAAAJ
Continuous-time meta-learning with forward mode differentiation,"T Deleu, D Kanaa, L Feng, G Kerg, Y Bengio, G Lajoie, PL Bacon",arXiv preprint arXiv:,:2203.01443,26,2022,2167930181404098181,yBxuCEhX224C,Yoshua Bengio,kukA0LcAAAAJ
Climategan: Raising climate change awareness by generating images of floods,"V Schmidt, AS Luccioni, M Teng, T Zhang, A Reynaud, S Raghupathi, ...",arXiv preprint arXiv:,:2110.02871,26,2021,15878188522352807376,ExBYd_ZNEOYC,Yoshua Bengio,kukA0LcAAAAJ
How transferable are features in convolutional neural network acoustic models across languages?,"JAF Thompson, M Schönwiesner, Y Bengio, D Willett",ICASSP,"2019-2019 IEEE International Conference on Acoustics, Speech and …",26,2019,17804332635311635095,ovGv7akYl-cC,Yoshua Bengio,kukA0LcAAAAJ
The first conversational intelligence challenge,"M Burtsev, V Logacheva, V Malykh, IV Serban, R Lowe, S Prabhumoye, ...",The NIPS',"'17 Competition: Building Intelligent Systems, 25-46",26,2018,15248977249962520117,lRPiJ3GhvscC,Yoshua Bengio,kukA0LcAAAAJ
Learning phrase representations using RNN encoder-decoder for statistical machine translation. arXiv,"K Cho, B Van Merriënboer, C Gulcehre, D Bahdanau, F Bougares, ...",arXiv preprint arXiv:,:1406.1078,26,2014,16289061330219275198,csTP5AdqY_wC,Yoshua Bengio,kukA0LcAAAAJ
Joint training deep boltzmann machines for classification,"IJ Goodfellow, A Courville, Y Bengio",arXiv preprint arXiv:,:1301.3568,26,2013,16261603066392666137,HGTzPopzzJcC,Yoshua Bengio,kukA0LcAAAAJ
Unlearning for better mixing,"O Breuleux, Y Bengio, P Vincent",Universite de Montreal/DIRO,,26,2010,15653605602596212593,tkaPQYYpVKoC,Yoshua Bengio,kukA0LcAAAAJ
Learning the 2-D topology of images,"N Roux, Y Bengio, P Lamblin, M Joliveau, B Kégl",Advances in Neural Information Processing Systems,20,26,2007,17871437325067047637,Ehil0879vHcC,Yoshua Bengio,kukA0LcAAAAJ
Density-sensitive metrics and kernels,"P Vincent, Y Bengio",Snowbird Learning Workshop,,26,2003,5149217095537554585,tOudhMTPpwUC,Yoshua Bengio,kukA0LcAAAAJ
Evaluating benchmark problems by random guessing,"J Schmidhuber, S Hochreiter, Y Bengio",A Field Guide to Dynamical Recurrent Networks,231-235,26,2001,16520011922874805286,x21FZCSn4ZoC,Yoshua Bengio,kukA0LcAAAAJ
Discriminative feature and model design for automatic speech recognition.,"M Rahim, Y Bengio, Y LeCun",Eurospeech,75-78,26,1997,13892450868066595272,ZHo1McVdvXMC,Yoshua Bengio,kukA0LcAAAAJ
PhyloGFN: Phylogenetic inference with generative flow networks,"M Zhou, Z Yan, E Layne, N Malkin, D Zhang, M Jain, M Blanchette, ...",arXiv preprint arXiv:,:2310.08774,25,2023,8787724684883857917,mpaOjDK6XBIC,Yoshua Bengio,kukA0LcAAAAJ
Distributional gflownets with quantile flows,"D Zhang, L Pan, RTQ Chen, A Courville, Y Bengio",arXiv preprint arXiv:,:2302.05793,25,2023,8495887964255688233,PbVfkCSoiPoC,Yoshua Bengio,kukA0LcAAAAJ
Predictive inference with feature conformal prediction,"J Teng, C Wen, D Zhang, Y Bengio, Y Gao, Y Yuan",arXiv preprint arXiv:,:2210.00173,25,2022,9705593086465732622,WmQWPPBrFVcC,Yoshua Bengio,kukA0LcAAAAJ
On neural architecture inductive biases for relational tasks,"G Kerg, S Mittal, D Rolnick, Y Bengio, B Richards, G Lajoie",arXiv preprint arXiv:,:2206.05056,25,2022,17671327835131967749,7f0ks1Axv_QC,Yoshua Bengio,kukA0LcAAAAJ
Evaluating generalization in gflownets for molecule design,"AC Nica, M Jain, E Bengio, CH Liu, M Korablyov, MM Bronstein, Y Bengio",ICLR,R2022 Machine Learning for Drug Discovery,25,2022,13286690033543233983,D90uR9ClOh8C,Yoshua Bengio,kukA0LcAAAAJ
Predicting infectiousness for proactive contact tracing,"Y Bengio, P Gupta, T Maharaj, N Rahaman, M Weiss, T Deleu, E Muller, ...",arXiv preprint arXiv:,:2010.12536,25,2020,8263900041412831777,wUCFpcnEedwC,Yoshua Bengio,kukA0LcAAAAJ
An EM approach to grammatical inference: input/output HMMs,"P Frasconi, Y Bengio",Proceedings of the,12th IAPR International Conference on Pattern Recognition …,25,1994,12866875878720490943,cFHS6HbyZ2cC,Yoshua Bengio,kukA0LcAAAAJ
Gflowout: Dropout with generative flow networks,"D Liu, M Jain, BFP Dossou, Q Shen, S Lahlou, A Goyal, N Malkin, ...",International Conference on Machine Learning,21715-21729,24,2023,17708822816405464545,69viAa4lnfgC,Yoshua Bengio,kukA0LcAAAAJ
Posterior samples of source galaxies in strong gravitational lenses with score-based priors,"A Adam, A Coogan, N Malkin, R Legin, L Perreault-Levasseur, Y Hezaveh, ...",arXiv preprint arXiv:,:2211.03812,24,2022,14268403593798981592,Itmi1h0dExoC,Yoshua Bengio,kukA0LcAAAAJ
The variational bandwidth bottleneck: Stochastic evaluation on an information budget,"A Goyal, Y Bengio, M Botvinick, S Levine",arXiv preprint arXiv:,:2004.11935,24,2020,5182568436909686711,g9YHGIZn7mcC,Yoshua Bengio,kukA0LcAAAAJ
On training recurrent neural networks for lifelong learning,"S Sodhani, S Chandar, Y Bengio","CoRR, abs/",/1811.07017,24,2018,16020461069848881896,yKzB5RS27GgC,Yoshua Bengio,kukA0LcAAAAJ
Learning semantic representations of objects and their parts,"G Mesnil, A Bordes, J Weston, G Chechik, Y Bengio",Machine learning,"94, 281-301",24,2014,15294880831709826639,-95Q15plzcUC,Yoshua Bengio,kukA0LcAAAAJ
Natural gradient revisited,"R Pascanu, Y Bengio",,,24,2013,28429935754713897,jE2MZjpN3IcC,Yoshua Bengio,kukA0LcAAAAJ
Stochastic ratio matching of RBMs for sparse high-dimensional inputs,"Y Dauphin, Y Bengio",Advances in Neural Information Processing Systems,26,24,2013,3743324182420266646,Hck25ST_3aIC,Yoshua Bengio,kukA0LcAAAAJ
Learning invariant features through local space contraction,"S Rifai, X Muller, X Glorot, G Mesnil, Y Bengio, P Vincent",arXiv preprint arXiv:,:1104.4153,24,2011,14748350987308539302,EkHepimYqZsC,Yoshua Bengio,kukA0LcAAAAJ
Transformers with competitive ensembles of independent mechanisms,"A Lamb, D He, A Goyal, G Ke, CF Liao, M Ravanelli, Y Bengio",arXiv preprint arXiv:,:2103.00336,23,2021,11357506413306313437,0uG9q0SNyf4C,Yoshua Bengio,kukA0LcAAAAJ
The effect of task and training on intermediate representations in convolutional neural networks revealed with modified RV similarity analysis,"JAF Thompson, Y Bengio, M Schönwiesner",arXiv preprint arXiv:,:1912.02260,23,2019,17946289069155669732,ZpgFv6i7Z4gC,Yoshua Bengio,kukA0LcAAAAJ
Feedforward initialization for fast inference of deep generative networks is biologically plausible,"Y Bengio, B Scellier, O Bilaniuk, J Sacramento, W Senn",arXiv preprint arXiv:,:1606.01651,23,2016,12583896674435060498,aEW5N-EHWIMC,Yoshua Bengio,kukA0LcAAAAJ
Controlled sparsity via constrained optimization or: How i learned to stop tuning penalties and love constraints,"J Gallego-Posada, J Ramirez, A Erraqabi, Y Bengio, S Lacoste-Julien",Advances in Neural Information Processing Systems,"35, 1253-1266",22,2022,3017868657771533183,r655XaDZu5IC,Yoshua Bengio,kukA0LcAAAAJ
Object-centric compositional imagination for visual abstract reasoning,"R Assouel, P Rodriguez, P Taslakian, D Vazquez, Y Bengio",ICLR,"R2022 Workshop on the Elements of Reasoning: Objects, Structure and Causality",22,2022,13559966332357244802,aJ-3-MYELVsC,Yoshua Bengio,kukA0LcAAAAJ
A two-stream continual learning system with variational domain-agnostic feature replay,"Q Lao, X Jiang, M Havaei, Y Bengio",IEEE Transactions on Neural Networks and Learning Systems,"33 (9), 4466-4478",22,2021,2743285719796120676,AzjrKLz9U9oC,Yoshua Bengio,kukA0LcAAAAJ
Representation learning,"I Goodfellow, Y Bengio, A Courville",Deep learning,528-559,22,2016,5135351362269722933,DwWRdx-KAo4C,Yoshua Bengio,kukA0LcAAAAJ
Deep self-taught learning for handwritten character recognition,"F Bastien, Y Bengio, A Bergeron, N Boulanger-Lewandowski, T Breuel, ...",arXiv preprint arXiv:,:1009.3589,22,2010,13430136242568199344,XD-gHx7UXLsC,Yoshua Bengio,kukA0LcAAAAJ
New distributed probabilistic language models,Y Bengio,Technical Report,"1215, Dept. IRO, Université de Montréal",22,2002,12090200902825037576,CLPBug3NTQYC,Yoshua Bengio,kukA0LcAAAAJ
Recurrent neural networks for adaptive temporal processing,"Y Bengio, P Frasconi, M Gori, G Soda",Universitá di Firenze,,22,1993,12082471188694548017,nb7KW1ujOQ8C,Yoshua Bengio,kukA0LcAAAAJ
"Plan, attend, generate: Planning for sequence-to-sequence models","C Gulcehre, F Dutil, A Trischler, Y Bengio",Advances in Neural Information Processing Systems,30,21,2017,922022945805507783,mVC4hKzE2FoC,Yoshua Bengio,kukA0LcAAAAJ
How to construct deep recurrent neural networks,"P Razvan, G Caglar, K Cho, B Yoshua",arXiv preprint arXiv:,1312.6026,21,2013,14904916989562852582,lBZ7XAAYe3oC,Yoshua Bengio,kukA0LcAAAAJ
"Continuous Optimization of Hyper-Parameters, CP 6128 Succ",Y Bengio,"Centre-Ville, Montreal, Quebec, Canada, H",H3C 3J7,21,2002,6770694687497145346,gqMmJtG4vxUC,Yoshua Bengio,kukA0LcAAAAJ
Topic Segmentation: A First Stage to Dialog-Based Information Extraction.,"N Boufaden, G Lapalme, Y Bengio",NLPRS,273-279,21,2001,3868816553685618225,D03iK_w7-QYC,Yoshua Bengio,kukA0LcAAAAJ
Learning deep architectures for AI. 2009,Y Bengio,Foundations and Trends in Machine Learning,2 (1),21,1935,9795801933687988314,fixghrsIJ_wC,Yoshua Bengio,kukA0LcAAAAJ
Latent bottlenecked attentive neural processes,"L Feng, H Hajimirsadeghi, Y Bengio, MO Ahmed",arXiv preprint arXiv:,:2211.08458,20,2022,18267688155547621728,9AucIJLffosC,Yoshua Bengio,kukA0LcAAAAJ
Building robust ensembles via margin boosting,"D Zhang, H Zhang, A Courville, Y Bengio, P Ravikumar, AS Suggala",International Conference on Machine Learning,26669-26692,20,2022,13608655782211931186,JQPmwQThujIC,Yoshua Bengio,kukA0LcAAAAJ
Structured sparsity inducing adaptive optimizers for deep learning,"T Deleu, Y Bengio",arXiv preprint arXiv:,:2102.03869,20,2021,3496627094797087509,0d9pApVQ-n0C,Yoshua Bengio,kukA0LcAAAAJ
Weakly-supervised knowledge graph alignment with adversarial learning,"M Qu, J Tang, Y Bengio",arXiv preprint arXiv:,:1907.03179,20,2019,15461097099151386427,bbjcffOLshcC,Yoshua Bengio,kukA0LcAAAAJ
Generalization in machine learning via analytical learning theory,"K Kawaguchi, Y Bengio, V Verma, LP Kaelbling",arXiv preprint arXiv:,:1802.07426,20,2018,"4199382826470207023,11119711324415618028",Cvh0bltMcLgC,Yoshua Bengio,kukA0LcAAAAJ
Deep learning: systemy uczące się,"I Goodfellow, Y Bengio, A Courville",Wydawnictwo Naukowe PWN,,20,2018,8221273311784364466,VHM5RxzNINsC,Yoshua Bengio,kukA0LcAAAAJ
Curran Associates,"D Koller, D Schuurmans, Y Bengio, L Bottou","Inc.: Red Hook, NY, USA",21,20,2009,14380283739804892997,9LrdxYebArsC,Yoshua Bengio,kukA0LcAAAAJ
Large-scale algorithms,"O Delalleau, Y Bengio, N Le Roux",,,20,2006,8487490542258610828,_AeoHAGD03cC,Yoshua Bengio,kukA0LcAAAAJ
Innovations in machine learning,"Y Bengio, H Schwenk, JS Senécal, F Morin, JL Gauvain",Neural Probabilistic Language Models,"194, 137-186",20,2006,7744984094550212196,NGoJ35N4lvkC,Yoshua Bengio,kukA0LcAAAAJ
FL Games: A federated learning framework for distribution shifts,"S Gupta, K Ahuja, M Havaei, N Chatterjee, Y Bengio",arXiv preprint arXiv:,:2205.11101,19,2022,11583047472719767251,MStqg_gSLBcC,Yoshua Bengio,kukA0LcAAAAJ
BabyAI 1.1,"D Yu-Tung Hui, M Chevalier-Boisvert, D Bahdanau, Y Bengio","arXiv e-prints, arXiv:",2007.12770,19,2020,"2161744654441312009,6786251543077035796",dBzKUGQurMsC,Yoshua Bengio,kukA0LcAAAAJ
Exploiting syntactic structure for better language modeling: A syntactic distance approach,"W Du, Z Lin, Y Shen, TJ O'Donnell, Y Bengio, Y Zhang",arXiv preprint arXiv:,:2005.05864,19,2020,5362695546431165709,pZ2CosqRuhkC,Yoshua Bengio,kukA0LcAAAAJ
On catastrophic interference in atari 2600 games,"W Fedus, D Ghosh, JD Martin, MG Bellemare, Y Bengio, H Larochelle",arXiv preprint arXiv:,:2002.12499,19,2020,3434045485595272464,6ScxedgR18sC,Yoshua Bengio,kukA0LcAAAAJ
Learning hierarchical structures on-the-fly with a recurrent-recursive model for sequences,"AP Jacob, Z Lin, A Sordoni, Y Bengio",Proceedings of The Third Workshop on Representation Learning for NLP,154-158,19,2018,18373519513467025129,-vzq6BoH5oUC,Yoshua Bengio,kukA0LcAAAAJ
Conditioning and time representation in long short-term memory networks,"F Rivest, JF Kalaska, Y Bengio",Biological cybernetics,"108, 23-48",19,2014,3932849596206320150,jSAVyFp_754C,Yoshua Bengio,kukA0LcAAAAJ
On training deep Boltzmann machines,"G Desjardins, A Courville, Y Bengio",arXiv preprint arXiv:,:1203.4416,19,2012,1494310775963367030,CaZNVDsoPx4C,Yoshua Bengio,kukA0LcAAAAJ
Continuous optimization of hyper-parameters,Y Bengio,Proceedings of the IEEE-INNS-ENNS International Joint Conference on Neural …,,19,2000,16418264216653534899,eJXPG6dFmWUC,Yoshua Bengio,kukA0LcAAAAJ
Machine learning for glacier monitoring in the Hindu Kush Himalaya,"S Baraka, B Akera, B Aryal, T Sherpa, F Shresta, A Ortiz, K Sankaran, ...",arXiv preprint arXiv:,:2012.05013,18,2020,10852381433537843150,dyiPZ63SVtYC,Yoshua Bengio,kukA0LcAAAAJ
Keep drawing it: Iterative language-based image generation and editing,"A El-Nouby, S Sharma, H Schulz, D Hjelm, L El Asri, S Ebrahimi Kahou, ...",arXiv preprint arXiv:,:1811.09845 2,18,2018,12502941852850525530,dhpJJ7xvgBgC,Yoshua Bengio,kukA0LcAAAAJ
Manifold mixup: learning better representations by interpolating hidden states,"V Verma, A Lamb, C Beckham, A Najafi, A Courville, I Mitliagkas, ...",stat,"1050, 4",18,2018,9316395507848195617,Oj-SLI0tZTcC,Yoshua Bengio,kukA0LcAAAAJ
Twin regularization for online speech recognition,"M Ravanelli, D Serdyuk, Y Bengio",arXiv preprint arXiv:,:1804.05374,18,2018,16213631912186931108,L7vk9XBBNxgC,Yoshua Bengio,kukA0LcAAAAJ
A deep reinforcement learning chatbot (short version),"IV Serban, C Sankar, M Germain, S Zhang, Z Lin, S Subramanian, T Kim, ...",arXiv preprint arXiv:,:1801.06700,18,2018,12915178622242333741,eAUscmXIlQ8C,Yoshua Bengio,kukA0LcAAAAJ
Scaling up deep learning,Y Bengio,Proceedings of the,20th ACM SIGKDD international conference on Knowledge …,18,2014,6138005667272586731,A8cqit5AE6sC,Yoshua Bengio,kukA0LcAAAAJ
Deep Learing of representations: Looking forward in: Proceedings of the 1st international Confernece on Statistical Language and Speech Processing SLSP’13,Y Bengio,"Springer, Tarragone, Spain",,18,2013,"15833928031437336926,5714456062580513773",ipvhVhH6zQ8C,Yoshua Bengio,kukA0LcAAAAJ
Speaker normalization and automatic speech recognition using spectral lines and neural networks,"Y Bengio, R De Mori",Proceedings of the Canadian Conference on Artificial Intelligence (CSCSI-,-88 …,18,1988,3951285584458821126,XiSMed-E-HIC,Yoshua Bengio,kukA0LcAAAAJ
"& Tsao, D.(2023). Catalyzing nextgeneration artificial intelligence through neuroai","A Zador, S Escola, B Richards, B Ölveczky, Y Bengio, K Boahen",Nature communications,"14 (1), 159",18,NA,3225843938280200529,2Zz6vCQtBj4C,Yoshua Bengio,kukA0LcAAAAJ
Object-centric architectures enable efficient causal representation learning,"A Mansouri, J Hartford, Y Zhang, Y Bengio",arXiv preprint arXiv:,:2310.19054,17,2023,11134064539962832709,SrsqWtBqNIQC,Yoshua Bengio,kukA0LcAAAAJ
Pre-training and fine-tuning generative flow networks,"L Pan, M Jain, K Madan, Y Bengio",arXiv preprint arXiv:,:2310.03419,17,2023,12166299640962461554,45AZ0Vt6gvEC,Yoshua Bengio,kukA0LcAAAAJ
An analysis of the adaptation speed of causal models,"R Le Priol, R Babanezhad, Y Bengio, S Lacoste-Julien",International Conference on Artificial Intelligence and Statistics,775-783,17,2021,11145084527610447545,Np1obAXpBq8C,Yoshua Bengio,kukA0LcAAAAJ
Generating multiscale amorphous molecular structures using deep learning: a study in 2D,"M Kilgour, N Gastellu, DYT Hui, Y Bengio, L Simine",The Journal of Physical Chemistry Letters,"11 (20), 8532-8537",17,2020,3565364715317287525,oYVvnHz_XzQC,Yoshua Bengio,kukA0LcAAAAJ
Actual: Actor-critic under adversarial learning,"A Goyal, NR Ke, A Lamb, RD Hjelm, C Pal, J Pineau, Y Bengio",arXiv preprint arXiv:,:1711.04755,17,2017,15613639295236079346,LWqeokA2EBkC,Yoshua Bengio,kukA0LcAAAAJ
Detonation classification from acoustic signature with the restricted Boltzmann machine,"Y Bengio, N Chapados, O Delalleau, H Larochelle, X Saint‐Mleux, ...",Computational Intelligence,"28 (2), 261-288",17,2012,11155598858528403696,xtoqd-5pKcoC,Yoshua Bengio,kukA0LcAAAAJ
Handling asynchronous or missing data with recurrent networks,"F Gingras, Y Bengio",International Journal of Computational Intelligence and Organizations,1 (3 …,17,1998,380835554699396137,2tRrZ1ZAMYUC,Yoshua Bengio,kukA0LcAAAAJ
An EM approach to learning sequential behavior,"Y Bengio, P Frasconi",Advances in Neural Information Processing Systems,7,17,1994,13738838900328469004,uWQEDVKXjbEC,Yoshua Bengio,kukA0LcAAAAJ
"Gauvain, jean-luc. neural probabilistic language models","Y Bengio, H Schwenk, JS Senécal, F Morin",Innovations in Machine Learning,137-18,17,NA,14297191711277630187,hMwNgRnlwaMC,Yoshua Bengio,kukA0LcAAAAJ
Adaptive discrete communication bottlenecks with dynamic vector quantization for heterogeneous representational coarseness,"D Liu, A Lamb, X Ji, PJT Notsawo, M Mozer, Y Bengio, K Kawaguchi",Proceedings of the AAAI Conference on Artificial Intelligence,"37 (7), 8825-8833",16,2023,18233168341265676238,npT69zEmqdIC,Yoshua Bengio,kukA0LcAAAAJ
Discrete factorial representations as an abstraction for goal conditioned reinforcement learning,"R Islam, H Zang, A Goyal, A Lamb, K Kawaguchi, X Li, R Laroche, ...",arXiv preprint arXiv:,:2211.00247,16,2022,4936251671052970839,It3QlvBKHbMC,Yoshua Bengio,kukA0LcAAAAJ
Agnostic physics-driven deep learning,"B Scellier, S Mishra, Y Bengio, Y Ollivier",arXiv preprint arXiv:,:2205.15021,16,2022,14944374673540832769,YiZc1oW-E3oC,Yoshua Bengio,kukA0LcAAAAJ
"Factorizing declarative and procedural knowledge in structured, dynamical environments","A Goyal, A Lamb, P Gampa, P Beaudoin, C Blundell, S Levine, Y Bengio, ...",International Conference on Learning Representations,,16,2021,12876750461347077777,gPamCmV4epEC,Yoshua Bengio,kukA0LcAAAAJ
S2rms: Spatially structured recurrent modules,"N Rahaman, A Goyal, MW Gondal, M Wuthrich, S Bauer, Y Sharma, ...",arXiv preprint arXiv:,:2007.06533,16,2020,12555610987950068833,x8G803Bi31IC,Yoshua Bengio,kukA0LcAAAAJ
Quantized guided pruning for efficient hardware implementations of deep neural networks,"GB Hacene, V Gripon, M Arzel, N Farrugia, Y Bengio",,2020 18th IEEE International New Circuits and Systems Conference (NEWCAS …,16,2020,14887747295142624905,Q17yWvk9gpwC,Yoshua Bengio,kukA0LcAAAAJ
Information matrices and generalization,"V Thomas, F Pedregosa, B van Merriënboer, PA Mangazol, Y Bengio, ...",arXiv preprint arXiv:,:1906.07774,16,2019,1614561511954176099,d6JCS5z0ckYC,Yoshua Bengio,kukA0LcAAAAJ
Dynamic frame skipping for fast speech recognition in recurrent neural network based acoustic models,"I Song, J Chung, T Kim, Y Bengio",,"2018 IEEE International Conference on Acoustics, Speech and Signal …",16,2018,11694174344579704165,37Fl7vPTsUIC,Yoshua Bengio,kukA0LcAAAAJ
Montréal declaration for a responsible development of artificial intelligence,"C Abrassart, Y Bengio, G Chicoisne, N de Marcellis-Warin, MA Dilhac, ...",Montreal University,1-21,16,2018,10098690397464766713,X1y8G5kAG8gC,Yoshua Bengio,kukA0LcAAAAJ
Gibbsnet: Iterative adversarial inference for deep graphical models,"AM Lamb, D Hjelm, Y Ganin, JP Cohen, AC Courville, Y Bengio",Advances in Neural Information Processing Systems,30,16,2017,16908737664975000661,wBLCggQE-ToC,Yoshua Bengio,kukA0LcAAAAJ
Generalizable features from unsupervised learning,"M Mirza, A Courville, Y Bengio",arXiv preprint arXiv:,:1612.03809,16,2016,14930606096187073461,e84hm74t-eoC,Yoshua Bengio,kukA0LcAAAAJ
Practical methodology,"I Goodfellow, Y Bengio, A Courville",Deep Learning,416-437,16,2016,17788689405823412336,ShjGdcaqzI0C,Yoshua Bengio,kukA0LcAAAAJ
An objective function for STDP,"Y Bengio, T Mesnard, A Fischer, S Zhang, Y Wu",arXiv preprint arXiv:,":1509.05936 5 (6.2), 6.3",16,2015,17388740594150322925,4e5Qn2KL_jwC,Yoshua Bengio,kukA0LcAAAAJ
On the equivalence between deep nade and generative stochastic networks,"L Yao, S Ozair, K Cho, Y Bengio",Machine Learning and Knowledge Discovery in Databases: European Conference …,,16,2014,5990391614294792775,c1e4I3QdEKYC,Yoshua Bengio,kukA0LcAAAAJ
Theano: new features and speed improvements,"B Frédéric, L Pascal, P Razvan, B James, JG Ian, B Arnaud, B Nicolas, ...",Deep learning and unsupervised feature learning NIPS,2012 workshop,16,2012,13966043098032054487,W2VW_RKN1OwC,Yoshua Bengio,kukA0LcAAAAJ
Implicit density estimation by local moment matching to sample from auto-encoders,"Y Bengio, G Alain, S Rifai",arXiv preprint arXiv:,:1207.0057,16,2012,5685427117553938639,kVjdVfd2voEC,Yoshua Bengio,kukA0LcAAAAJ
Neural networks for speech recognition,"E Trentin, Y Bengio, C Furlanello, R De Mori",Spoken Dialogues with Computers,"1, 311-361",16,1998,6439245913986848185,b0M2c_1WBrUC,Yoshua Bengio,kukA0LcAAAAJ
Learning to scale logits for temperature-conditional gflownets,"M Kim, J Ko, T Yun, D Zhang, L Pan, W Kim, J Park, E Bengio, Y Bengio",arXiv preprint arXiv:,:2310.02823,15,2023,3163806682678880598,Oc-rVwKPngoC,Yoshua Bengio,kukA0LcAAAAJ
Exploration-driven representation learning in reinforcement learning,"A Erraqabi, H Zhao, MC Machado, Y Bengio, S Sukhbaatar, L Denoyer, ...",ICML,2021 Workshop on Unsupervised Reinforcement Learning,15,2021,6897071362863479111,0BSZZHtHo6cC,Yoshua Bengio,kukA0LcAAAAJ
Quantized guided pruning for efficient hardware implementations of convolutional neural networks,"GB Hacene, V Gripon, M Arzel, N Farrugia, Y Bengio",arXiv preprint arXiv:,:1812.11337,15,2018,17975602036129091370,k8to_Y4Q4_EC,Yoshua Bengio,kukA0LcAAAAJ
Developing deep learning applications for life science and pharma industry,"D Siegismund, V Tolkachev, S Heyse, B Sick, O Duerr, S Steigele",Drug research,"68 (06), 305-310",15,2018,6342197807368869683,OtrppQHxQ5wC,Yoshua Bengio,kukA0LcAAAAJ
Sparse attentive backtracking: Long-range credit assignment in recurrent networks,"NR Ke, A Goyal, O Bilaniuk, J Binas, L Charlin, C Pal, Y Bengio",arXiv preprint arXiv:,:1711.02326,15,2017,86721828185121584,Gb6Hms-Uo9kC,Yoshua Bengio,kukA0LcAAAAJ
Image segmentation by iterative inference from conditional score estimation,"A Romero, M Drozdzal, A Erraqabi, S Jégou, Y Bengio",arXiv preprint arXiv:,:1705.07450,15,2017,371132795826433934,9LpHyFPp1DQC,Yoshua Bengio,kukA0LcAAAAJ
Deep learning (adaptive computation and machine learning),"G Ian, B Yoshua, C Aaron",MIT Press,,15,2016,6494380045970292697,uQyLbZAWguAC,Yoshua Bengio,kukA0LcAAAAJ
Parallel stochastic gradient descent,"O Delalleau, Y Bengio","CIAR Summer School, Toronto",,15,2007,11490908168078883527,fQNAKQ3IYiAC,Yoshua Bengio,kukA0LcAAAAJ
Use of multi-layered networks for coding speech with phonetic features,"Y Bengio, R Cardin, R De Mori, P Cosi",Advances in neural information processing systems,1,15,1988,17839482341811556074,l7t_Zn2s7bgC,Yoshua Bengio,kukA0LcAAAAJ
Towards end-to-end speech recognition with deep convolutional neural networks. arXiv 2017,"Y Zhang, M Pezeshki, P Brakel, S Zhang, CLY Bengio, A Courville",arXiv preprint arXiv:,:1701.0272,15,NA,6226402438914097607,HOg0WoviCygC,Yoshua Bengio,kukA0LcAAAAJ
RECOVER identifies synergistic drug combinations in vitro through sequential model optimization,"P Bertin, J Rector-Brooks, D Sharma, T Gaudelet, A Anighoro, T Gross, ...",Cell Reports Methods,3 (10),14,2023,14243733702719361018,Z610oKUqOA4C,Yoshua Bengio,kukA0LcAAAAJ
Crystal-gfn: sampling crystals with desirable properties and constraints,"M AI4Science, A Hernandez-Garcia, A Duval, A Volokhova, Y Bengio, ...",arXiv preprint arXiv:,:2310.04925,14,2023,3075043585657609140,lonyfjS0l_UC,Yoshua Bengio,kukA0LcAAAAJ
Multi-fidelity active learning with gflownets,"A Hernandez-Garcia, N Saxena, M Jain, CH Liu, Y Bengio",arXiv preprint arXiv:,:2306.11715,14,2023,14990110088713039119,P5iVsrg4GywC,Yoshua Bengio,kukA0LcAAAAJ
Temporal latent bottleneck: Synthesis of fast and slow processing mechanisms in sequence learning,"A Didolkar, K Gupta, A Goyal, NB Gundavarapu, AM Lamb, NR Ke, ...",Advances in Neural Information Processing Systems,"35, 10505-10520",14,2022,6508075668159512620,GO5CT2y9xrEC,Yoshua Bengio,kukA0LcAAAAJ
"Ai for global climate cooperation: Modeling global climate negotiations, agreements, and long-term cooperation in rice-n","T Zhang, A Williams, S Phade, S Srinivasa, Y Zhang, P Gupta, Y Bengio, ...",arXiv preprint arXiv:,:2208.07004,14,2022,4973548632749433434,0Tn0GYh_KFEC,Yoshua Bengio,kukA0LcAAAAJ
Conditional computation for continual learning,"M Lin, J Fu, Y Bengio",arXiv preprint arXiv:,:1906.06635,14,2019,11359883416716819954,7XUxBq3GufIC,Yoshua Bengio,kukA0LcAAAAJ
Twin networks: Using the future as a regularizer,"D Serdyuk, NR Ke, A Sordoni, C Pal, Y Bengio","CoRR, abs/",/1708.06742,14,2017,1725528152449689827,pUxgyZctzPYC,Yoshua Bengio,kukA0LcAAAAJ
Deep tempering,"G Desjardins, H Luo, A Courville, Y Bengio",arXiv preprint arXiv:,:1410.0123,14,2014,13526822280710226793,AzKEL7Gb_04C,Yoshua Bengio,kukA0LcAAAAJ
Autotagging music with conditional restricted Boltzmann machines,"M Mandel, R Pascanu, H Larochelle, Y Bengio",arXiv preprint arXiv:,:1103.2832,14,2011,16624524429964305971,vDijr-p_gm4C,Yoshua Bengio,kukA0LcAAAAJ
"Proceedings of the 26th Annual International Conference on Machine Learning, ICML'09","Y Bengio, J Louradour, R Collobert, J Weston",Association for Computing Machinery,,14,2009,8185808747197417949,6lhY8CtEloYC,Yoshua Bengio,kukA0LcAAAAJ
Input decay: Simple and effective soft variable selection,"N Chapados, Y Bengio",IJCNN','01. International Joint Conference on Neural Networks. Proceedings …,14,2001,8472295844663838680,08ZZubdj9fEC,Yoshua Bengio,kukA0LcAAAAJ
Long short-term memory,"Y Bengio, P Simard, P Frasconi",IEEE Trans. Neural Netw,"5, 157-166",14,1994,14409070989613591537,yCEqH1SBpFUC,Yoshua Bengio,kukA0LcAAAAJ
Neural network-Gaussian mixture hybrid for speech recognition or density estimation,"Y Bengio, R De Mori, G Flammia, R Kompe",Advances in Neural Information Processing Systems,4,14,1991,1443298300168979112,K3LRdlH-MEoC,Yoshua Bengio,kukA0LcAAAAJ
Proactive contact tracing,"P Gupta, T Maharaj, M Weiss, N Rahaman, H Alsdurf, N Minoyan, ...",PLOS Digital Health,"2 (3), e0000199",13,2023,15342121206697149336,VglVhKISWcQC,Yoshua Bengio,kukA0LcAAAAJ
Covi-agentsim: an agent-based model for evaluating methods of digital contact tracing,"P Gupta, T Maharaj, M Weiss, N Rahaman, H Alsdurf, A Sharma, ...",arXiv preprint arXiv:,:2010.16004,13,2020,13118036145501869676,8_tS2Vw13FcC,Yoshua Bengio,kukA0LcAAAAJ
Systematicity in a Recurrent Neural Network by Factorizing Syntax andSemantics,"J Russin, RC O’Reilly, J Jo, Y Bengio",Proceedings of the Annual Meeting of the Cognitive Science Society,42,13,2020,1950955821360010108,9w9GTvUEN2YC,Yoshua Bengio,kukA0LcAAAAJ
"Deep Learning–das umfassende Handbuch: Grundlagen, aktuelle Verfahren und Algorithmen, neue Forschungsansätze. mitp","I Goodfellow, Y Bengio, A Courville","Frechen,",,13,2018,5054073184878859153,_5pobawY6TYC,Yoshua Bengio,kukA0LcAAAAJ
The octopus approach to the Alexa competition: A deep ensemble-based socialbot,"IV Serban, C Sankar, S Zhang, Z Lin, S Subramanian, T Kim, S Chandar, ...",Alexa Prize Proceedings,,13,2017,6067494917306854644,BCdnXsLIVDwC,Yoshua Bengio,kukA0LcAAAAJ
Suitability of V1 energy models for object classification,"J Bergstra, Y Bengio, J Louradour",Neural Computation,"23 (3), 774-790",13,2011,3296239020464391981,LjlpjdlvIbIC,Yoshua Bengio,kukA0LcAAAAJ
"Learning deep architectures for AI, Found. Trends Mach. Learn. 2 (1)(2009) 1–127, also published as a book",Y Bengio,Now Publishers,,13,2009,"17395562026277221368,6765525989634115863",gxL4SBlKZTUC,Yoshua Bengio,kukA0LcAAAAJ
Locally weighted full covariance gaussian density estimation,"CIRANO, P Vincent",CIRANO,,13,2004,741904701533259541,5Ul4iDaHHb8C,Yoshua Bengio,kukA0LcAAAAJ
Quick training of probabilistic neural nets by sampling,"Y Bengio, JS Senécal",Proc.,9th International Workshop on Artificial Intelligence and Statistics …,13,2003,16201604207485288947,4pF9x-cDGsoC,Yoshua Bengio,kukA0LcAAAAJ
How rogue ais may arise,Y Bengio,yoshuabengio. org,,12,2023,7292843335553346449,afsF9h1fxg0C,Yoshua Bengio,kukA0LcAAAAJ
Dyngfn: Bayesian dynamic causal discovery using generative flow networks,"L Atanackovic, A Tong, J Hartford, LJ Lee, B Wang, Y Bengio",arXiv preprint arXiv:,:2302.04178,12,2023,2066603323258887543,Es-9c2L5hKwC,Yoshua Bengio,kukA0LcAAAAJ
Robust and controllable object-centric learning through energy-based models,"R Zhang, T Che, B Ivanovic, R Wang, M Pavone, Y Bengio, L Paull",arXiv preprint arXiv:,:2210.05519,12,2022,16568697178156482803,zJAXUfKFhq0C,Yoshua Bengio,kukA0LcAAAAJ
"A large-scale, open-domain, mixed-interface dialogue-based ITS for STEM","IV Serban, V Gupta, E Kochmar, DD Vu, R Belfer, J Pineau, A Courville, ...",International conference on artificial intelligence in education,387-392,12,2020,14443241813297391831,qOpkhvVCMvUC,Yoshua Bengio,kukA0LcAAAAJ
Highres-net: Multi-frame super-resolution by recursive fusion,"M Deudon, A Kalaitzis, MR Arefin, I Goytom, Z Lin, K Sankaran, ...",,,12,2020,16278079426996319287,zGWyAL6qfKUC,Yoshua Bengio,kukA0LcAAAAJ
On the morality of artificial intelligence,"A Luccioni, Y Bengio",arXiv preprint arXiv:,:1912.11945,12,2019,18309470067752187508,3jqAvCjcdfEC,Yoshua Bengio,kukA0LcAAAAJ
Multiscale sequence modeling with a learned dictionary,"B van Merriënboer, A Sanyal, H Larochelle, Y Bengio",arXiv preprint arXiv:,:1707.00762,12,2017,3700317409106574101,eFf2swCANGcC,Yoshua Bengio,kukA0LcAAAAJ
"Graph attention networks, 2017. doi: 10.48550","P Velickovic, G Cucurull, A Casanova, A Romero, P Liò, Y Bengio",arXiv preprint ARXIV.,.1710.10903,12,2017,14517470016067486840,_8F20clBW_QC,Yoshua Bengio,kukA0LcAAAAJ
Unsupervised and Transfer Learning under Uncertainty-From Object Detections to Scene Categorization.,"G Mesnil, S Rifai, A Bordes, X Glorot, Y Bengio, P Vincent",ICPRAM,345-354,12,2013,9240203567132061001,O0nohqN1r9EC,Yoshua Bengio,kukA0LcAAAAJ
Learned-norm pooling for deep neural networks,"C Gülçehre, K Cho, R Pascanu, Y Bengio",arXiv preprint arXiv:,:1311.1780,12,2013,10144684200013959686,rbm3iO8VlycC,Yoshua Bengio,kukA0LcAAAAJ
Statistical machine learning algorithms for target classification from acoustic signature,"V Mirelli, S Tenney, Y Bengio, N Chapados, O Delalleau",Proc. MSS Battlespace Acoust. Magn. Sensors,1-18,12,2009,3826960949755114340,35r97b3x0nAC,Yoshua Bengio,kukA0LcAAAAJ
"Learning Deep Architectures for AI. Foundations and Trends® in Machine Learning 2, 1–127",Y Bengio,KAYNAKLAR DİZİNİ (devam),,12,2009,3523217099576633830,V8JMcbNWlSUC,Yoshua Bengio,kukA0LcAAAAJ
A memory-efficient adaptive Huffman coding algorithm for very large sets of symbols,"S Pigeon, Y Bengio",Proceedings DCC',"'98 Data Compression Conference (Cat. No. 98TB100225), 568",12,1998,7679182167847832240,V3AGJWp-ZtQC,Yoshua Bengio,kukA0LcAAAAJ
Mixupe: Understanding and improving mixup from directional derivative perspective,"Y Zou, V Verma, S Mittal, WH Tang, H Pham, J Kannala, Y Bengio, A Solin, ...",Uncertainty in Artificial Intelligence,2597-2607,11,2023,6326788447479722491,I__7AI8a974C,Yoshua Bengio,kukA0LcAAAAJ
The effect of diversity in meta-learning,"R Kumar, T Deleu, Y Bengio",Proceedings of the AAAI Conference on Artificial Intelligence,"37 (7), 8396-8404",11,2023,12213071059734001817,mzRTpvMFn3IC,Yoshua Bengio,kukA0LcAAAAJ
On the generalization and adaption performance of causal models,"N Scherrer, A Goyal, S Bauer, Y Bengio, NR Ke",arXiv preprint arXiv:,:2206.04620,11,2022,16199952549926397487,Nb0HLiwjfsIC,Yoshua Bengio,kukA0LcAAAAJ
SampleRNN: An unconditional end-to-end neural audio generation model (2016),"S Mehri, K Kumar, I Gulrajani, R Kumar, S Jain, J Sotelo, A Courville, ...",arXiv preprint arXiv:,:1612.07837,11,2021,15781861486331958384,X1xEhyGaivYC,Yoshua Bengio,kukA0LcAAAAJ
Reinforced imitation in heterogeneous action space,"K Zolna, N Rostamzadeh, Y Bengio, S Ahn, PO Pinheiro",arXiv preprint arXiv:,:1904.03438,11,2019,12506279650216265847,T_0gP6tLVL0C,Yoshua Bengio,kukA0LcAAAAJ
La révolution de l’apprentissage profond,Y Bengio,Interstices,,11,2019,15874817073512614741,M8meJADSprsC,Yoshua Bengio,kukA0LcAAAAJ
How can deep learning advance computational modeling of sensory information processing?,"JAF Thompson, Y Bengio, E Formisano, M Schönwiesner",arXiv preprint arXiv:,:1810.08651,11,2018,9691788793253012931,onKP9CxGSkIC,Yoshua Bengio,kukA0LcAAAAJ
Modularity matters: learning invariant relational reasoning tasks,"J Jo, V Verma, Y Bengio",arXiv preprint arXiv:,:1806.06765,11,2018,3810887136321243063,vofGIMt6cyEC,Yoshua Bengio,kukA0LcAAAAJ
A3t: Adversarially augmented adversarial training,"A Erraqabi, A Baratin, Y Bengio, S Lacoste-Julien",arXiv preprint arXiv:,:1801.04055,11,2018,13173722251432872658,yZoBfgUKqwcC,Yoshua Bengio,kukA0LcAAAAJ
Understanding intermediate layers using linear classifier probes,"A Guillaume, Y Bengio",ICLR (Workshop),,11,2017,14764489511925171271,QLZAdv6BrvsC,Yoshua Bengio,kukA0LcAAAAJ
NYU-MILA neural machine translation systems for WMT’16,"J Chung, K Cho, Y Bengio",Proceedings of the First Conference on Machine Translation: Volume,"2, Shared …",11,2016,10918397880033141070,0sTkTiv_uMkC,Yoshua Bengio,kukA0LcAAAAJ
Empirical evaluation of gated recurrent neural networks on sequence modeling. arXiv 2014,"C Junyoung, G Caglar, C KyungHyun, B Yoshua",arXiv preprint arXiv:,:1412.3555,11,2014,1449936552977400186,BZGggv0hN9sC,Yoshua Bengio,kukA0LcAAAAJ
Neural machine translation by jointly learning to align and translate. arXiv,"B Dzmitry, B Yoshua",arXiv preprint arXiv:,:1409.0473,11,2014,2240867073968175909,jg3FfqxSHJQC,Yoshua Bengio,kukA0LcAAAAJ
Multimodal transitions for generative stochastic networks,"S Ozair, L Yao, Y Bengio",arXiv preprint arXiv:,:1312.5578,11,2013,210664912882124985,SIv7DqKytYAC,Yoshua Bengio,kukA0LcAAAAJ
Inference for the Generalization Error,"Y Bengio, C Nadeau",Centre interuniversitaire de recherche en analyse des organisations (CIRANO),,11,1999,981021275871480303,5ugPr518TE4C,Yoshua Bengio,kukA0LcAAAAJ
Radial basis functions for speech recognition,Y Bengio,"Speech Recognition and Understanding: Recent Advances, Trends and …",,11,1992,2861493708086893559,u9iWguZQMMsC,Yoshua Bengio,kukA0LcAAAAJ
"Learning deep architectures for ai, Found",Y Bengio,Trends Mach. Learn,2 (1),11,NA,6249464864922891906,9QTmwX2E1jEC,Yoshua Bengio,kukA0LcAAAAJ
Discrete compositional representations as an abstraction for goal conditioned reinforcement learning,"R Islam, H Zang, A Goyal, AM Lamb, K Kawaguchi, X Li, R Laroche, ...",Advances in Neural Information Processing Systems,"35, 3885-3899",10,2022,7804734282550940486,1AS7WB7zg6gC,Yoshua Bengio,kukA0LcAAAAJ
Stateful active facilitator: Coordination and environmental heterogeneity in cooperative multi-agent reinforcement learning,"D Liu, V Shah, O Boussif, C Meo, A Goyal, T Shu, M Mozer, N Heess, ...",arXiv preprint arXiv:,:2210.03022,10,2022,18300947863075215,FkBsMxS_Bp0C,Yoshua Bengio,kukA0LcAAAAJ
Latent state marginalization as a low-cost approach for improving exploration,"D Zhang, A Courville, Y Bengio, Q Zheng, A Zhang, RTQ Chen",arXiv preprint arXiv:,:2210.00999,10,2022,14415837607237280537,6DzZfY3qH5gC,Yoshua Bengio,kukA0LcAAAAJ
Vim: Variational independent modules for video prediction,"R Assouel, L Castrejon, A Courville, N Ballas, Y Bengio",Conference on Causal Learning and Reasoning,70-89,10,2022,11220443979449840669,ZM__uENUXnMC,Yoshua Bengio,kukA0LcAAAAJ
Cross-modal information maximization for medical imaging: Cmim,"T Sylvain, F Dutil, T Berthier, L Di Jorio, M Luck, D Hjelm, Y Bengio",arXiv preprint arXiv:,:2010.10593,10,2020,11919772591366705136,rwEhk56xNqMC,Yoshua Bengio,kukA0LcAAAAJ
Using simulated data to generate images of climate change,"G Cosne, A Juraver, M Teng, V Schmidt, V Vardanyan, A Luccioni, ...",arXiv preprint arXiv:,:2001.09531,10,2020,9966967150123508509,pe4chHNxNLUC,Yoshua Bengio,kukA0LcAAAAJ
L'apprentissage profond,"I Goodfellow, Y Bengio, A Courville",Massot éditions,,10,2018,17002731090374172927,wH03y5nBhxsC,Yoshua Bengio,kukA0LcAAAAJ
"Plan, attend, generate: Character-level neural machine translation with planning","Ç Gu̇lçehre, F Dutil, A Trischler, Y Bengio",Proceedings of the,"2nd Workshop on Representation Learning for NLP, 228-234",10,2017,7184441691658957651,1EqfMoDn7-AC,Yoshua Bengio,kukA0LcAAAAJ
Char2Wav: End-to-end speech synthesis,"S Jose, M Soroush, K Kundan, SJ Felipe, K Kyle, C Aaron, B Yoshua",Proc.,"5th Int. Conf. Learn. Represent.(ICLR), 1-13",10,2017,11363956345853461480,xXdmTUQ9lisC,Yoshua Bengio,kukA0LcAAAAJ
Numerical computation,"I Goodfellow, Y Bengio, A Courville, I Goodfellow",Deep learning,78-95,10,2016,9375159137873900673,7LLGAk_PBK4C,Yoshua Bengio,kukA0LcAAAAJ
Big Data: Theoretical Aspects [Scanning the Issue],"S Haykin, S Wright, Y Bengio",Proceedings of the IEEE,"104 (1), 8-10",10,2015,12784401560502888094,N0GlzNNR4l8C,Yoshua Bengio,kukA0LcAAAAJ
Oracle performance for visual captioning,"L Yao, N Ballas, K Cho, JR Smith, Y Bengio",arXiv preprint arXiv:,:1511.04590,10,2015,15752407997348392698,M_lZXyI38BkC,Yoshua Bengio,kukA0LcAAAAJ
Deep learning for automatic summary scoring,"PE Genest, F Gotti, Y Bengio",Proceedings of the workshop on automatic text summarization,17-28,10,2011,5738573242234824477,foquWX3nUaYC,Yoshua Bengio,kukA0LcAAAAJ
Understanding the difﬁculty of training deep feedforward neural networks,"X Glorot, Y Bengio",Thirteenth International Conference on Artificial Intelligence and …,,10,2010,2737607609537220116,A7-hzOuI2KQC,Yoshua Bengio,kukA0LcAAAAJ
Continuous control with deep reinforcement learning,"Y Bengio, TP Lillicrap, JJ Hunt, A Pritzel, N Heess, T Erez, D Wierstra",Found. Trends® Mach. Learn,"2, 1-127",10,2009,13032163835084690400,pYRxIbzCxX0C,Yoshua Bengio,kukA0LcAAAAJ
An infinite factor model hierarchy via a noisy-or mechanism,"D Eck, Y Bengio, AC Courville",Advances in neural information processing systems,22,10,2009,2845514957305767152,LPZeul_q3PIC,Yoshua Bengio,kukA0LcAAAAJ
Generative flow networks: a markov chain perspective,"T Deleu, Y Bengio",arXiv preprint arXiv:,:2307.01422,9,2023,2755819928744718977,Huv_iBJ06lEC,Yoshua Bengio,kukA0LcAAAAJ
FAQ on catastrophic AI risks,Y Bengio,yoshuabengio. org,"24 (06), 2023",9,2023,6897361228881831771,GZelqfngyKEC,Yoshua Bengio,kukA0LcAAAAJ
Statement on AI risk,"G Hinton, Y Bengio, D Hassabis, S Altman, D Amodei, D Song, T Lieu, ...",Center for AI safety,"31 (5), 2023",9,2023,13895812796303983706,sk-5v2XeZBgC,Yoshua Bengio,kukA0LcAAAAJ
Object-centric causal representation learning,"A Mansouri, J Hartford, K Ahuja, Y Bengio",NeurIPS,2022 Workshop on Symmetry and Geometry in Neural Representations,9,2022,4827424054262980853,PN3Jufe71OMC,Yoshua Bengio,kukA0LcAAAAJ
Recover: sequential model optimization platform for combination drug repurposing identifies novel synergistic compounds in vitro,"P Bertin, J Rector-Brooks, D Sharma, T Gaudelet, A Anighoro, T Gross, ...",arXiv preprint arXiv:,:2202.04202,9,2022,12934332855032346920,lu5AzqVF4qYC,Yoshua Bengio,kukA0LcAAAAJ
Factorized embeddings learns rich and biologically meaningful embedding spaces using factorized tensor decomposition,"A Trofimov, JP Cohen, Y Bengio, C Perreault, S Lemieux",Bioinformatics,"36 (Supplement_1), i417-i426",9,2020,12320192062730653293,m44aUaJR3ikC,Yoshua Bengio,kukA0LcAAAAJ
Deep learning and cultural evolution,Y Bengio,Proceedings of the companion publication of the,2014 annual conference on …,9,2014,14695477063317753643,D_tqNUsBuKoC,Yoshua Bengio,kukA0LcAAAAJ
Brain tumor segmentation with deep neural networks,"D Axel, H Mohammad, WF David, B Antoine, T Lam, J Pierre-Marc, ...",Proceedings MICCAI-BRATS,01-05,9,2014,8377252041479893126,KEtq3P1Vf8oC,Yoshua Bengio,kukA0LcAAAAJ
Learning structural correspondences across different linguistic domains with synchronous neural language models,"S Gouws, GJ Van Rooyen, MIH Medialab, Y Bengio","Proc. of the xLite Workshop on Cross-Lingual Technologies, NIPS",,9,2012,17820276405292380958,LPtt_HFRSbwC,Yoshua Bengio,kukA0LcAAAAJ
Yoshua,Y Bengio,"Ducharme, R., Vincent, P., & Janvin, C.",".(2003, March). A neural probabilistic …",9,2009,14465888168500152528,JjPkQosUWiAC,Yoshua Bengio,kukA0LcAAAAJ
"Learning deep architectures for AI. Found Trends Mach. Learn. 2 (1), 1–127 (2009)",Y Bengio,,,9,2009,15503325166445757843,T0nwzvlCxs8C,Yoshua Bengio,kukA0LcAAAAJ
Deep learning with denoising autoencoders,"P Vincent, H Larochelle, Y Bengio, PA Manzagol",Journal of Machine Learning,"27, 49-50",9,2008,6371743227732636552,i9B0nK2ie9AC,Yoshua Bengio,kukA0LcAAAAJ
Forecasting and Trading Commodity Contract Spreads with Gaussian Processes,"N Chapados, Y Bengio",,13th International Conference on Computing in Economics and Finance,9,2007,16535400783666419251,nZcligLrVowC,Yoshua Bengio,kukA0LcAAAAJ
Probabilistic neural network models for sequential data,Y Bengio,Proceedings of the IEEE-INNS-ENNS International Joint Conference on Neural …,,9,2000,9703920082443771041,uLbwQdceFCQC,Yoshua Bengio,kukA0LcAAAAJ
Binary pseudowavelets and applications to bilevel image processing,"S Pigeon, Y Bengio",Proceedings DCC',"'99 Data Compression Conference (Cat. No. PR00096), 364-373",9,1999,774432381119752650,wbdj-CoPYUoC,Yoshua Bengio,kukA0LcAAAAJ
A memory-efficient Huffman adaptive coding algorithm for very large sets of symbols revisited,"S Pigeon, Y Bengio","Université de Montréal, Rapport technique",1095,9,1997,8631950130448214621,DUFsPKDdMi0C,Yoshua Bengio,kukA0LcAAAAJ
Data-driven execution of multi-layered networks for automatic speech recognition,"RD Mori, Y Bengio, R Cardin",Proceedings of the Seventh AAAI National Conference on Artificial …,,9,1988,16370442747807379590,Tiz5es2fbqcC,Yoshua Bengio,kukA0LcAAAAJ
Advances in neural information processing systems. 2014,"J Yosinski, J Clune, Y Bengio, H Lipson",How transferable are features in deep neural networks,3320-332,9,NA,3536387510066201908,121WXH0ir18C,Yoshua Bengio,kukA0LcAAAAJ
Unlearning via sparse representations,"V Shah, F Träuble, A Malik, H Larochelle, M Mozer, S Arora, Y Bengio, ...",arXiv preprint arXiv:,:2311.15268,8,2023,10862037839408534968,IuzW4o0J_HAC,Yoshua Bengio,kukA0LcAAAAJ
Cycle consistency driven object discovery,"A Didolkar, A Goyal, Y Bengio",arXiv preprint arXiv:,:2306.02204,8,2023,12507443428261938540,TpYZtc-0n-8C,Yoshua Bengio,kukA0LcAAAAJ
Attention schema in neural agents,"D Liu, S Bolotta, H Zhu, Y Bengio, G Dumas",arXiv preprint arXiv:,:2305.17375,8,2023,1613179615182905491,RW1BPcyHXiwC,Yoshua Bengio,kukA0LcAAAAJ
Responses of pyramidal cell somata and apical dendrites in mouse visual cortex over multiple days,"CJ Gillon, JA Lecoq, JE Pina, R Ahmed, YN Billeh, S Caldejon, ...",Scientific Data,"10 (1), 287",8,2023,16049611587518904405,RmQ8dt0hH3oC,Yoshua Bengio,kukA0LcAAAAJ
"Deep Learning, 2016","G Ian, B Yoshua, C Aaron",Book in preparation for MIT Press. URL: http://www. deeplearningbook. org,,8,2023,5705939457218591811,xUT3DyvLuJwC,Yoshua Bengio,kukA0LcAAAAJ
Temporal abstractions-augmented temporally contrastive learning: An alternative to the Laplacian in RL,"A Erraqabi, MC Machado, M Zhao, S Sukhbaatar, A Lazaric, D Ludovic, ...",Uncertainty in Artificial Intelligence,641-651,8,2022,13275347078784894756,MIUEjqm7qCUC,Yoshua Bengio,kukA0LcAAAAJ
A comparative study of learning outcomes for online learning platforms,"F St-Hilaire, N Burns, R Belfer, M Shayan, A Smofsky, DD Vu, A Frau, ...",International Conference on Artificial Intelligence in Education,331-337,8,2021,5328839980940007849,-0tLmPFCw2kC,Yoshua Bengio,kukA0LcAAAAJ
Visual concept reasoning networks,"T Kim, S Kim, Y Bengio",Proceedings of the AAAI Conference on Artificial Intelligence,"35 (9), 8172-8180",8,2021,5899931521125984821,PD-wXv1Sh1EC,Yoshua Bengio,kukA0LcAAAAJ
HBert+ BiasCorp--Fighting Racism on the Web,"O Onabola, Z Ma, Y Xie, B Akera, A Ibraheem, J Xue, D Liu, Y Bengio",arXiv preprint arXiv:,:2104.02242,8,2021,1778864120676868344,uqZYSrDi9MMC,Yoshua Bengio,kukA0LcAAAAJ
Establishing an evaluation metric to quantify climate change image realism,"S Zhou, A Luccioni, G Cosne, MS Bernstein, Y Bengio",Machine Learning: Science and Technology,"1 (2), 025005",8,2020,13967521172566194432,RdUpO4xyVKMC,Yoshua Bengio,kukA0LcAAAAJ
Learning the arrow of time for problems in reinforcement learning,"N Rahaman, S Wolf, A Goyal, R Remme, Y Bengio",International Conference on Learning Representations,,8,2020,2966896831695078649,5UUbrqTvKfUC,Yoshua Bengio,kukA0LcAAAAJ
Automated segmentation of cortical layers in BigBrain reveals divergent cortical and laminar thickness gradients in sensory and motor cortices,"K Wagstyl, S Larocque, G Cucurull, C Lepage, JP Cohen, S Bludau, ...",PLoS Biol,"18 (4), e3000678",8,2020,666733830287134183,R6EwkKsDylYC,Yoshua Bengio,kukA0LcAAAAJ
Deep learning on GPUs with Theano,"J Bergstra, B Frédric, J Turian, R Pascanu, O Delalleau, O Breuleux, ...",The Learning Workshop,,8,2010,10455400889228566342,uJ-U7cs_P_0C,Yoshua Bengio,kukA0LcAAAAJ
andJason Weston,"Y Bengio, J ́erˆome Louradour, R Collobert",Curriculum learning. InICML,4,8,2009,6830151487783637869,Z98IfIjqAwMC,Yoshua Bengio,kukA0LcAAAAJ
Deep learning architectures for AI,Y Bengio,Found. Trends Mach. Learn,"2 (1), 1-127",8,2009,11486294184854790233,pcWPcJyQGiUC,Yoshua Bengio,kukA0LcAAAAJ
Découpage thématique des conversations: un outil d’aide à l’extraction,"N Boufaden, G Lapalme, Y Bengio",TALN,2002,8,2002,7374226564235493377,Mojj43d5GZwC,Yoshua Bengio,kukA0LcAAAAJ
Gradient-based learning applied to document recognitionntion,"Y LeCun, L Bottou, Y Bengio, P Haffner",Intelligent signal processing,306-351,8,2001,12204785264940212387,Sw8WaQuuSIgC,Yoshua Bengio,kukA0LcAAAAJ
Generalization of a parametric learning rule,"S Bengio, Y Bengio, J Cloutier, J Gecsei",ICANN’,’93: Proceedings of the International Conference on Artificial Neural …,8,1993,11824353792906541049,1taIhTC69MYC,Yoshua Bengio,kukA0LcAAAAJ
Phonetically-based multi-layered networks for acoustic property extraction and automatic speech recognition,"P Cosi, Y Bengio, R De Mori",Speech Communication,"9 (1), 15-30",8,1990,16454172522106216419,PWMd_Z0sy-4C,Yoshua Bengio,kukA0LcAAAAJ
P. Frasconi i J. Schmidhuber,"S Hochreiter, Y Bengio",Gradient flow in recurrent nets: the difficulty of learning long-term …,,8,NA,12514339324107989168,renmPk63pRgC,Yoshua Bengio,kukA0LcAAAAJ
Neural causal structure discovery from interventions,"NR Ke, O Bilaniuk, A Goyal, S Bauer, H Larochelle, B Schölkopf, ...",Transactions on Machine Learning Research,,7,2023,17607132494129312943,UCVoGz2p8ukC,Yoshua Bengio,kukA0LcAAAAJ
PMFL: Partial Meta-Federated Learning for heterogeneous tasks and its applications on real-world medical records,"T Zhang, S Zhang, Z Chen, Y Bengio, D Liu",,"2022 IEEE International Conference on Big Data (Big Data), 4453-4462",7,2022,16721482091574770910,SQZOXlr1FBsC,Yoshua Bengio,kukA0LcAAAAJ
Speech recognition method and apparatus,"S Yoo, Y Bengio, S Inchul",US Patent,"11,282,501",7,2022,14940029916706152445,6fxomyk5x4cC,Yoshua Bengio,kukA0LcAAAAJ
Superintelligence: Futurology vs. Science,Y Bengio,January,"24, 2022",7,2022,1789726414042100339,6Dd5luMImnEC,Yoshua Bengio,kukA0LcAAAAJ
Mastering rate based curriculum learning,"L Willems, S Lahlou, Y Bengio",arXiv preprint arXiv:,:2008.06456,7,2020,458702180667159148,TiLqlu47W2oC,Yoshua Bengio,kukA0LcAAAAJ
Modeling cloud reflectance fields using conditional generative adversarial networks,"V Schmidt, M Alghali, K Sankaran, T Yuan, Y Bengio",arXiv preprint arXiv:,:2002.07579,7,2020,"1438433899600635964,12924824383294827510",v7SMsomtfXcC,Yoshua Bengio,kukA0LcAAAAJ
Combating false negatives in adversarial imitation learning,"K Zolna, C Saharia, L Boussioux, DYT Hui, M Chevalier-Boisvert, ...",arXiv preprint arXiv:,:2002.00412,7,2020,"11624134685133760262,5552574105459117490",dT4-KZ621vcC,Yoshua Bengio,kukA0LcAAAAJ
Ghost units yield biologically plausible backprop in deep neural networks,"T Mesnard, G Vignoud, J Sacramento, W Senn, Y Bengio",arXiv preprint arXiv:,:1911.08585,7,2019,2041825936932887616,1_W9tMSvGuwC,Yoshua Bengio,kukA0LcAAAAJ
Gradient based sample selection for online continual learning,"A Rahaf, L Min, G Baptiste, B Yoshua",Proc. Adv. Neural Inf. Process. Syst.,11816-11825,7,2019,6201369266001271907,PRLG7g5oK-wC,Yoshua Bengio,kukA0LcAAAAJ
Lagrangian dynamics of dendritic microcircuits enables real-time backpropagation of errors,"D Dold, AF Kungl, J Sacramento, MA Petrovici, K Schindler, J Binas, ...",target,"100 (1), 2",7,2019,11000316980147713861,rDsFeusoTZkC,Yoshua Bengio,kukA0LcAAAAJ
Variance regularizing adversarial learning,"K Grewal, RD Hjelm, Y Bengio",,,7,2018,16924680375162979391,sJK75vZXtG0C,Yoshua Bengio,kukA0LcAAAAJ
Adaptive computation and machine learning series,"D Learning, I Goodfellow, Y Bengio, A Courville",MIT Press,,7,2016,10906091713819970832,96M4k3P_OWMC,Yoshua Bengio,kukA0LcAAAAJ
Generative adversial nets,"I Goodfellow, J Pouget-Abadie, M Mirza, B Xu, D Warde-Farley, S Ozair, ...","Advances in neural information processing systems (Vol., pp.–)",,7,2014,1143009719061205069,_8B_re9sV0EC,Yoshua Bengio,kukA0LcAAAAJ
Maxout networks,"J Goodfellow Ian, WF David, M Mehdi, C Aaron",arXiv preprint arXiv:,:1302.4389,7,2013,10770519048732657102,I8ubwoE7ciMC,Yoshua Bengio,kukA0LcAAAAJ
"Nicholas L ́eonard, and Aaron Courville",Y Bengio,Estimating or propagating gradients through stochasticneurons for …,,7,2013,7880328698007735000,s_OEDnM-dbEC,Yoshua Bengio,kukA0LcAAAAJ
"The statistical inefficiency of sparse coding for images (or, one Gabor to rule them all)","J Bergstra, A Courville, Y Bengio",arXiv preprint arXiv:,:1109.6638,7,2011,6026225450649269204,XoXfffV-tXoC,Yoshua Bengio,kukA0LcAAAAJ
Discussion of “the neural autoregressive distribution estimator”,Y Bengio,Proceedings of the Fourteenth International Conference on Artificial …,,7,2011,1795667392938204079,_FM0Bhl9EiAC,Yoshua Bengio,kukA0LcAAAAJ
Speeding up stochastic gradient descent,Y Bengio,Neural Information Processing Systems Workshop on Efficient Machine Learning,,7,2007,5796280713254289185,HE397vMXCloC,Yoshua Bengio,kukA0LcAAAAJ
A hybrid Pareto model for conditional density estimation of asymmetric fat-tail data,"J Carreau, Y Bengio",Artificial Intelligence and Statistics,51-58,7,2007,9578813687111573977,p__nRnzSRKYC,Yoshua Bengio,kukA0LcAAAAJ
Noisy K Best-Paths for Approximate Dynamic Programming with Application to Portfolio Optimization.,"N Chapados, Y Bengio",J. Comput.,"2 (1), 12-19",7,2007,7647464476653667869,hkOj_22Ku90C,Yoshua Bengio,kukA0LcAAAAJ
Segmentation en thèmes de conversations téléphoniques: traitement en amont pour l’extraction d’information,"N Boufaden, G Lapalme, Y Bengio",Actes de la,9ème conférence sur le Traitement Automatique des Langues …,7,2002,6033961244012241990,WA5NYHcadZ8C,Yoshua Bengio,kukA0LcAAAAJ
On out-of-sample statistics for time-series,"F Gingras, Y Bengio, C Nadeau",CIRANO,,7,2002,15750598228204391545,ZfRJV9d4-WMC,Yoshua Bengio,kukA0LcAAAAJ
"Gradient-based learning for object detection, segmentation and recognition","Y Lecun, P Haffner, Y Bengio, L Bottou",Feature Grouping,,7,1999,16393523852234417101,sszUF3NjhM4C,Yoshua Bengio,kukA0LcAAAAJ
On the generalization capability of multi-layered networks in the extraction of speech properties,"R De Mori, Y Bengio, P Cosi",Proceedings of the,11th international joint conference on Artificial …,7,1989,4996911515192754058,VL0QpB8kHFEC,Yoshua Bengio,kukA0LcAAAAJ
Speech coding with multi-layer networks,"Y Bengio, R Cardin, P Cosi, R De Mori","International Conference on Acoustics, Speech, and Signal Processing,",164-167,7,1989,6247431358772031638,kRWSkSYxWN8C,Yoshua Bengio,kukA0LcAAAAJ
A neural network to detect homologies in proteins,"Y Bengio, S Bengio, Y Pouliot, P Agin",Advances in Neural Information Processing Systems,2,7,1989,15882377662881390477,5awf1xo2G04C,Yoshua Bengio,kukA0LcAAAAJ
"S imard, P., and Frasconi, P.(1 994). Learning long-term dependencies with gradient descent is difficult",Y Bengio,IEEE Transactions on Neural Networks,5 (2),7,NA,16264714136036135493,czIYXmO0riYC,Yoshua Bengio,kukA0LcAAAAJ
"Learning deep architectures for ai. Foundations and Trends R in Machine Learning, 2 (1): 1–127, 2009",Y Bengio,Cited on,3,7,NA,235264411611590302,2SmvwDDsShQC,Yoshua Bengio,kukA0LcAAAAJ
"Learning deep architectures for ai, Found. Trends Mach. Learn. 2 (1)(2009) 1–127",Y Bengio,,,7,NA,12523687581510601512,twffdjNOitAC,Yoshua Bengio,kukA0LcAAAAJ
Neural machine translation by jointly learning to align and translate (2014),"B Dzmitry, K Cho, Y Bengio",Access mode: https://arxiv. org/pdf/,/1409.0473. pd,7,NA,3020585699179787715,X41XOdD1uaEC,Yoshua Bengio,kukA0LcAAAAJ
Improving gradient-guided nested sampling for posterior inference,"P Lemos, N Malkin, W Handley, Y Bengio, Y Hezaveh, ...",arXiv preprint arXiv:,:2312.03911,6,2023,17274674397152848121,FSHXWovK7t4C,Yoshua Bengio,kukA0LcAAAAJ
Delta-AI: Local objectives for amortized inference in sparse graphical models,"JP Falet, HB Lee, N Malkin, C Sun, D Secrieru, T Jiralerspong, D Zhang, ...",arXiv preprint arXiv:,:2310.02423,6,2023,10059945914461547549,Fd6TstiuZzAC,Yoshua Bengio,kukA0LcAAAAJ
Automated detection of anatomical landmarks during colonoscopy using a deep learning model,"M Taghiakbari, S Hamidi Ghalehjegh, E Jehanno, T Berthier, L di Jorio, ...",Journal of the Canadian Association of Gastroenterology,"6 (4), 145-151",6,2023,4920563393762201197,4DpXlaHga4wC,Yoshua Bengio,kukA0LcAAAAJ
Slowing down development of AI systems passing the Turing test,Y Bengio,Yoshua Bengio’s blog,,6,2023,17191417694475898048,bB6ab1qDjH0C,Yoshua Bengio,kukA0LcAAAAJ
Pause Giant AI Experiments: An Open Letter. Future of Life Institute,"Y Bengio, S Russel, E Musk, S Wozniak, YN Harari",,,6,2023,2263708057354805673,KFIQUvoPKFAC,Yoshua Bengio,kukA0LcAAAAJ
Catalyzing next-generation artificial intelligence through NeuroAI. Nat Commun 14 (1): 1597,"A Zador, S Escola, B Richards, B Olveczky, Y Bengio, K Boahen, D Tsao",,,6,2023,18326521174324871310,1QvrP69o8OkC,Yoshua Bengio,kukA0LcAAAAJ
Neural attentive circuits,"M Weiss, N Rahaman, F Locatello, C Pal, Y Bengio, B Schölkopf, EL Li, ...",Advances in Neural Information Processing Systems,"35, 7741-7754",6,2022,10836681152341980007,UO8fSLLLPykC,Yoshua Bengio,kukA0LcAAAAJ
Inductive biases for relational tasks,"G Kerg, S Mittal, D Rolnick, Y Bengio, BA Richards, G Lajoie",ICLR,"R2022 Workshop on the Elements of Reasoning: Objects, Structure and Causality",6,2022,8222710504931602148,R8TPKZP7usQC,Yoshua Bengio,kukA0LcAAAAJ
Neural function modules with sparse arguments: A dynamic approach to integrating information across layers,"A Lamb, A Goyal, A Słowik, M Mozer, P Beaudoin, Y Bengio",International Conference on Artificial Intelligence and Statistics,919-927,6,2021,17976083665736130523,QlnOKEPDpKwC,Yoshua Bengio,kukA0LcAAAAJ
Training neural networks to recognize speech increased their correspondence to the human auditory pathway but did not yield a shared hierarchy of acoustic features,"JAF Thompson, Y Bengio, E Formisano, M Schönwiesner",BioRxiv,2021.01. 26.428323,6,2021,10613897515658735407,2MdNiwGT7yoC,Yoshua Bengio,kukA0LcAAAAJ
"Learning from learning machines: optimisation, rules, and social norms","T LaCroix, Y Bengio",arXiv preprint arXiv:,:2001.00006,6,2019,3654647209484573921,JaLtl8ASYokC,Yoshua Bengio,kukA0LcAAAAJ
State-reification networks: Improving generalization by modeling the distribution of hidden representations,"A Lamb, J Binas, A Goyal, S Subramanian, I Mitliagkas, Y Bengio, ...",International Conference on Machine Learning,3622-3631,6,2019,10781148575630398498,1Aeql8wG3wEC,Yoshua Bengio,kukA0LcAAAAJ
Underwhelming generalization improvements from controlling feature attribution,"JD Viviano, B Simpson, F Dutil, Y Bengio, JP Cohen",,,6,2019,2534734644576814925,w-fwKiQwpQAC,Yoshua Bengio,kukA0LcAAAAJ
Convolutional neural networks,"Y Lecun, GB Learning",Communications of the ACM,"61 (6), 514-529",6,2018,12698165409426236688,b2v3RnpdjZkC,Yoshua Bengio,kukA0LcAAAAJ
Vers une plaque tournante de l’IA à Montréal,Y Bengio,Le Devoir,22,6,2018,7525464377083071581,GzlcqhCAosUC,Yoshua Bengio,kukA0LcAAAAJ
A dataset of topic-oriented human-to-chatbot dialogues,"V Logacheva, M Burtsev, V Malykh, V Poluliakh, A Rudnicky, I Serban, ...",Tech. Rep.,2018.[Online]. Available: http://convai. io/2017/data …,6,2018,11172297432156919733,uoRD4RTSUPoC,Yoshua Bengio,kukA0LcAAAAJ
Combining model-based and model-free RL via multi-step control variates,"T Che, Y Lu, G Tucker, S Bhupatiraju, S Gu, S Levine, Y Bengio",,,6,2018,5126788791000118366,1paMEeroeoQC,Yoshua Bengio,kukA0LcAAAAJ
Extending the framework of equilibrium propagation to general dynamics,"B Scellier, A Goyal, J Binas, T Mesnard, Y Bengio",,,6,2018,15673369876435147928,cdwqcPQS8ssC,Yoshua Bengio,kukA0LcAAAAJ
On random weights for texture generation in one layer CNNS,"M Mongia, K Kumar, A Erraqabi, Y Bengio",,"2017 IEEE International Conference on Acoustics, Speech and Signal …",6,2017,7937719203476613813,oYLFIHfuHKwC,Yoshua Bengio,kukA0LcAAAAJ
Graph attention networks. CoRR,"P Velickovic, G Cucurull, A Casanova, A Romero, P Liò, Y Bengio",arXiv preprint arXiv:,:1710.10903,6,2017,9863732977420876205,DCYT7yIMjgYC,Yoshua Bengio,kukA0LcAAAAJ
Trainable performance upper bounds for image and video captioning,"L Yao, N Ballas, K Cho, JR Smith, Y Bengio, L Yao, N Ballas, K Cho, ...",arXiv preprint arXiv,1511,6,2015,8691498458254243285,hNSvKAmkeYkC,Yoshua Bengio,kukA0LcAAAAJ
Learning deep architectures for AI. Foundations and Trends® in Machine Learning. 2009; 2 (1): 1–127,Y Bengio,,,6,2009,4621896349505771831,pfJNqKtVkuoC,Yoshua Bengio,kukA0LcAAAAJ
Learning deep architectures for AI (Technical Report 1312),Y Bengio,"Université de Montréal, dept. IRO",,6,2007,11880935147537050785,ujJXPdh5xs4C,Yoshua Bengio,kukA0LcAAAAJ
"Neural Probabilistic Language Models, vol. 194","Y Bengio, H Schwenk, J Senecal, F Morin, J Gauvain",Springer Berlin Heidelberg,,6,2006,9740864730661256037,NzUpm4bhSXQC,Yoshua Bengio,kukA0LcAAAAJ
Multi-task learning for option pricing,"J Ghosn, Y Bengio","CIRANO, Centre interuniversitaire de recherche en analyse des organisations",,6,2002,3406765695213508263,AdGrMoNItN4C,Yoshua Bengio,kukA0LcAAAAJ
"New distributed probabilistic language models. Dept. IRO, Université de Montréal, Montréal, QC","Y Bengio, U de MontrNL’eal","Canada, Tech. Rep",1215,6,2002,15510963961575943901,C-SEpTPhZ1wC,Yoshua Bengio,kukA0LcAAAAJ
Learning simple non-stationarities with hyper-parameters,"Y Bengio, C Dugas",submitted to Machine Learning,,6,1999,13742992547152588860,eMMeJKvmdy0C,Yoshua Bengio,kukA0LcAAAAJ
Ieee transactions on neural networks,"Y Bengio, P Frasconi",Input-output HMMs for sequence processing,1231-1249,6,1996,14064522711791530684,jODAHDUrbwUC,Yoshua Bengio,kukA0LcAAAAJ
On-line handwriting recognition with neural networks: Spatial representation versus temporal representation,"Y Lecun, Y Bengio, D Henderson, A Weisbuch, H Weissman, LD Jackel",Proceedings of the International Conference on Handwriting and Drawing,,6,1993,6851160961152963219,bVQMTfhMCi4C,Yoshua Bengio,kukA0LcAAAAJ
Aspects th eoriques de l'optimisation d'une r egle d'apprentissage,"S Bengio, Y Bengio, J Cloutier, J Gecsei",Actes de la conf erence Neuro-Nimes,,6,1992,3864848752098691728,BrmTIyaxlBUC,Yoshua Bengio,kukA0LcAAAAJ
Use of multilayer networks for the recognition of phonetic features and phonemes,"Y Bengio, R De Mori",Computational intelligence,"5 (2), 134-141",6,1989,11964411586114861544,Fu2w8maKXqMC,Yoshua Bengio,kukA0LcAAAAJ
Measuring the tendency of CNNs to learn surface statistical regularities. 2017,"J Jo, Y Bengio",ArXiv abs/,/1711.1156,6,NA,16397019514734725568,SSGWEqmz6gUC,Yoshua Bengio,kukA0LcAAAAJ
Learning deep architectures for ai. Found Trends Mach Learn. 2009; 2 (1): 1–127,Y Bengio,Go to original source,,6,NA,11501287544504173421,Usae8uB1euoC,Yoshua Bengio,kukA0LcAAAAJ
"Learning deep architectures for AI, Foundations and trends R in Machine Learning, 2 (2009)",Y Bengio,Chap,,6,NA,17060079752519676020,6B7w4NK6UsoC,Yoshua Bengio,kukA0LcAAAAJ
Causal inference in gene regulatory networks with gflownet: Towards scalability in large systems,"T Nguyen, A Tong, K Madan, Y Bengio, D Liu",arXiv preprint arXiv:,:2310.03579,5,2023,6173512803575190053,DxlTmyU89zoC,Yoshua Bengio,kukA0LcAAAAJ
Expected flow networks in stochastic environments and two-player zero-sum games,"M Jiralerspong, B Sun, D Vucetic, T Zhang, Y Bengio, G Gidel, N Malkin",arXiv preprint arXiv:,:2310.02779,5,2023,12958191036247545436,WzbvD7BMtBoC,Yoshua Bengio,kukA0LcAAAAJ
Benchmarking bayesian causal discovery methods for downstream treatment effect estimation,"CC Emezue, A Drouin, T Deleu, S Bauer, Y Bengio",arXiv preprint arXiv:,:2307.04988,5,2023,14514228693432023639,USX2HHcnDqcC,Yoshua Bengio,kukA0LcAAAAJ
torchgfn: A pytorch gflownet library,"S Lahlou, JD Viviano, V Schmidt, Y Bengio",arXiv preprint arXiv:,:2305.14594,5,2023,17940714711558892668,LAaCg2gyLagC,Yoshua Bengio,kukA0LcAAAAJ
AI scientists: Safe and useful AI?,Y Bengio,AI scientists: Safe and useful AI,,5,2023,13514798252031582933,TA1nTKmGtTgC,Yoshua Bengio,kukA0LcAAAAJ
Catalyzing next-generation artificial intelligence through NeuroAI. Nat Commun 14: 1597,"A Zador, S Escola, B Richards, B Ölveczky, Y Bengio, K Boahen, ...",,,5,2023,4913946948326467753,VfMbra648c4C,Yoshua Bengio,kukA0LcAAAAJ
Speechbrain: A general-purpose speech toolkit,"T Parcollet, M Ravanelli, P Plantinga, A Rouhe, S Cornell, L Lugosch, ...",,,5,2022,17138232587549017681,rCuJAniQoLoC,Yoshua Bengio,kukA0LcAAAAJ
Long-term credit assignment via model-based temporal shortcuts,"M Ma, P D'Oro, Y Bengio, PL Bacon",Deep RL Workshop NeurIPS,2021,5,2021,14522774141771021870,5AT-p8ixKR4C,Yoshua Bengio,kukA0LcAAAAJ
CMIM: Cross-modal information maximization for medical imaging,"T Sylvain, F Dutil, T Berthier, L Di Jorio, M Luck, D Hjelm, Y Bengio",ICASSP,"2021-2021 IEEE International Conference on Acoustics, Speech and …",5,2021,17719689143032004058,QndmRo8phpgC,Yoshua Bengio,kukA0LcAAAAJ
The journey is the reward: Unsupervised learning of influential trajectories,"J Binas, S Ozair, Y Bengio",arXiv preprint arXiv:,:1905.09334,5,2019,15311923865734226117,CLhUwle04lcC,Yoshua Bengio,kukA0LcAAAAJ
AI pioneer: The dangers of abuse are very real,Y Bengio,Nature. https://www. nature. com/articles/d,d41586-019-00505-2,5,2019,9415660559826022290,ktX0m338QuYC,Yoshua Bengio,kukA0LcAAAAJ
"The fascinating Facebook debate between Yann LeCun, Stuart Russel and Yoshua Bengio about the risks of strong AI",Y Bengio,October,,5,2019,8217266684344319254,BulkYocH2doC,Yoshua Bengio,kukA0LcAAAAJ
Learning to rank for censored survival data,"M Luck, T Sylvain, JP Cohen, H Cardinal, A Lodi, Y Bengio",arXiv preprint arXiv:,:1806.01984,5,2018,16119385705422872162,KIRwYnRZzWQC,Yoshua Bengio,kukA0LcAAAAJ
Declaración de Montreal para un desarrollo responsable de la inteligencia artificial,"C Abrassart, Y Bengio, G Chicoisne, N de Marcellis-Warin, MA Dilhac, ...",Montreal: Université de Montréal,,5,2018,9554486372948550402,FXgMSCUEOHUC,Yoshua Bengio,kukA0LcAAAAJ
‘Machine learning for combinatorial optimization: A methodological tour d,"Y Bengio, A Lodi, A Prouvost",Horizon,,5,2018,1384084033044778230,nZgPvcLaoyMC,Yoshua Bengio,kukA0LcAAAAJ
Déclaration de Montréal pour un développement responsable de l’intelligence artificielle,"Y Bengio, MA Dilhac, MI Maroşan",Montréal: Dépôt institutionnel de l’Université de Montréal,,5,2018,8213556261657250249,_3zdsQPSqRAC,Yoshua Bengio,kukA0LcAAAAJ
Reinforced imitation learning from observations,"K Zolna, N Rostamzadeh, Y Bengio, S Ahn, PO Pinheiro",,,5,2018,18147401407643802976,wlzmIqt2EaEC,Yoshua Bengio,kukA0LcAAAAJ
On random weights for texture generation in one layer neural networks,"M Mongia, K Kumar, A Erraqabi, Y Bengio",arXiv preprint arXiv:,:1612.06070,5,2016,6701048855953620168,cNe27ouKFcQC,Yoshua Bengio,kukA0LcAAAAJ
Towards universal paraphrastic sentence embeddings,"W John, G Kevin, L Karen, LC Yann",Proceedings of the,4th International Conference on Learning Representations …,5,2016,4913405626711939364,8IsQavbT1M8C,Yoshua Bengio,kukA0LcAAAAJ
From stdp towards biologically plausible deep learning,"Y Bengio, A Fischer, T Mesnard, S Zhang, Y Wu","Deep Learning Workshop, International Conference on Machine Learning (ICML)",,5,2015,2516948207506084629,rbGdIwl2e6cC,Yoshua Bengio,kukA0LcAAAAJ
Generative adversarial networks. arXiv,"JG Ian, PA Jean, M Mehdi, X Bing, WF David, O Sherjil, C Aaron, ...",arXiv preprint arXiv:,:1406.2661,5,2014,9739995767496785198,Kr3pDLWb32UC,Yoshua Bengio,kukA0LcAAAAJ
On the number of inference regions of deep feed forward networks with piece-wise linear activations. CoRR,"R Pascanu, G Montufar, Y Bengio",,,5,2014,8548995129738019474,Ui_nyea79ooC,Yoshua Bengio,kukA0LcAAAAJ
"A. courville, and P. Vincent",Y Bengio,"Representation learning: A review and new perspectives."" IEEE Trans. PAMI …",,5,2013,13292373647414901519,9xhnSCvx0jcC,Yoshua Bengio,kukA0LcAAAAJ
Contracting auto-encoders,"S Rifai, P Vincent, X Muller, X Glorot, Y Bengio",Proceedings of the International Conference on Machine Learning (ICML …,,5,2011,16992807855150391298,nVrZBo8bIpAC,Yoshua Bengio,kukA0LcAAAAJ
"Advances in Neural Information Processing Systems 22: 23rd Annual Conference on Neural Information Processing Systems 2009; December 7-10, 2009, Vancouver, BC, Canada …",Y Bengio,Curran,,5,2010,12253397727368652233,VRfTbSk87rEC,Yoshua Bengio,kukA0LcAAAAJ
Curriculum learning. 41–48,"Y Bengio, J Louradour, R Collobert, J Weston",ACM,,5,2009,16609746840149123116,QUYzkoTeugQC,Yoshua Bengio,kukA0LcAAAAJ
"Learning Deep Architectures for AI. Foundations and Trends® in Machine Learning 2, 1 (2009), 1–127",Y Bengio,,,5,2009,11027003230075972432,LSkeIYDkhQYC,Yoshua Bengio,kukA0LcAAAAJ
Discovering shared structure in manifold learning,"Y Bengio, M Monperrus",IRIS Machine Learning Workshop,,5,2004,4009175497419260233,q3oQSFYPqjQC,Yoshua Bengio,kukA0LcAAAAJ
Practical recommendations for gradient-based training of deep architectures. 2012. doi: 10.48550,Y Bengio,arXiv preprint ARXIV.,.1206.553,5,NA,2785132507287500884,Sx7WuSFExYwC,Yoshua Bengio,kukA0LcAAAAJ
"Frasconi, p.(1995). Ari input-output HMM architecture",Y Bengio,Advances in neural information processing systems,,5,NA,7371089616776181562,H8BRrGBkN7cC,Yoshua Bengio,kukA0LcAAAAJ
"Empirical Evaluation of Gated Recurrent Neural Networks on Sequence Modeling, 2014. arXiv","J Chung, C Gulcehre, K Cho, Y Bengio",arXiv preprint arXiv:,:1412.355,5,NA,5140142843148312100,Cd1N8iHLSCsC,Yoshua Bengio,kukA0LcAAAAJ
"How transferable are features in deep neural networks? In Proceedings of the 27th International Conference on Neural Information Processing Systems, Montreal, QC, Canada, 8–13 …","J Yosinski, J Clune, Y Bengio, H Lipson",,,5,NA,9089822199303213855,bXvxhPDrUX0C,Yoshua Bengio,kukA0LcAAAAJ
Deep Generative Stochastic Networks Trainable by Backprop. 2014,"Y Bengio, E Thibodeau-Laufer, G Alain, J Yosinski",arXiv preprint arXiv:,:1306.109,5,NA,8125724099459049188,ON9TkA72AHEC,Yoshua Bengio,kukA0LcAAAAJ
Reusable slotwise mechanisms,"T Nguyen, A Mansouri, K Madan, KD Nguyen, K Ahuja, D Liu, Y Bengio",Advances in Neural Information Processing Systems,"36, 23533-23556",4,2023,16202307131268505613,lR2ECBI0YV4C,Yoshua Bengio,kukA0LcAAAAJ
Diversifying design of nucleic acid aptamers using unsupervised machine learning,"S Moussa, M Kilgour, C Jans, A Hernandez-Garcia, M Cuperlovic-Culf, ...",The Journal of Physical Chemistry B,"127 (1), 62-68",4,2022,735199362032964219,ZVmBtQ9RJaQC,Yoshua Bengio,kukA0LcAAAAJ
A general purpose neural architecture for geospatial systems,"N Rahaman, M Weiss, F Träuble, F Locatello, A Lacoste, Y Bengio, C Pal, ...",arXiv preprint arXiv:,:2211.02348,4,2022,18059116521427184831,Dh4RK7yvr34C,Yoshua Bengio,kukA0LcAAAAJ
Consistent training via energy-based gflownets for modeling discrete joint distributions,"C Ekbote, M Jain, P Das, Y Bengio",arXiv preprint arXiv:,:2211.00568,4,2022,6551545334867501259,PbrqR9PZhrEC,Yoshua Bengio,kukA0LcAAAAJ
Designing biological sequences via meta-reinforcement learning and bayesian optimization,"L Feng, P Nouri, A Muni, Y Bengio, PL Bacon",arXiv preprint arXiv:,:2209.06259,4,2022,5541016705632485414,wsDUewC2rQsC,Yoshua Bengio,kukA0LcAAAAJ
Your autoregressive generative model can be better if you treat it as an energy-based one,"Y Wang, T Che, B Li, K Song, H Pei, Y Bengio, D Li",arXiv preprint arXiv:,:2206.12840,4,2022,10438817638902637153,WTkkuPxyGkUC,Yoshua Bengio,kukA0LcAAAAJ
Multi-domain balanced sampling improves out-of-distribution generalization of chest x-ray pathology prediction models,"E Tetteh, J Viviano, Y Bengio, D Krueger, JP Cohen",arXiv preprint arXiv:,:2112.13734,4,2021,2776570165542568434,EVUe1p4rgj0C,Yoshua Bengio,kukA0LcAAAAJ
Spatially Structured Recurrent Modules.,"N Rahaman, A Goyal, MW Gondal, M Wuthrich, S Bauer, Y Sharma, ...",ICLR,,4,2021,10539564784260285471,cocyvO7vrcwC,Yoshua Bengio,kukA0LcAAAAJ
Predicting unreliable predictions by shattering a neural network,"X Ji, R Pascanu, RD Hjelm, A Vedaldi, B Lakshminarayanan, Y Bengio",,,4,2021,17294432422099456374,N5XbD978G_MC,Yoshua Bengio,kukA0LcAAAAJ
Joint learning of generative translator and classifier for visually similar classes,"B Yoo, T Sylvain, Y Bengio, J Kim",IEEE Access,"8, 219160-219173",4,2020,7799047574493241006,tfDI-GPdlUQC,Yoshua Bengio,kukA0LcAAAAJ
Applying knowledge transfer for water body segmentation in Peru,"J Gonzalez, D Bhowmick, C Beltran, K Sankaran, Y Bengio",arXiv preprint arXiv:,:1912.00957,4,2019,2099472679688612811,4Wrxgq2JVp0C,Yoshua Bengio,kukA0LcAAAAJ
Learning powerful policies by using consistent dynamics model,"S Sodhani, A Goyal, T Deleu, Y Bengio, S Levine, J Tang",arXiv preprint arXiv:,:1906.04355,4,2019,9865776837994167805,ZOYfmFL0FrgC,Yoshua Bengio,kukA0LcAAAAJ
"Graphmix: regularized training of graph neural networks for semi-supervised learning, 1–16","V Verma, M Qu, A Lamb, Y Bengio, J Kannala, J Tang",arXiv preprint arXiv:,:1909.11715,4,2019,"14255787504703702780,13449343328813612710",K5ggCqHMkpcC,Yoshua Bengio,kukA0LcAAAAJ
Improving neural networks by preventing co-adaptation of feature detectors,"Y Lu, S Kim, E Hovy, S Kim, E Hovy, E Hovy, Y Bengio",Proc.,"30th Conf. Artif. Intell.(AAAI 2016) 48 (1), 1-9",4,2016,9032182316164600192,ult01sCh7k0C,Yoshua Bengio,kukA0LcAAAAJ
RMSProp and equilibrated adaptive learning rates for non-convex optimization,"D Yann, CJ de Vries Harm",arXiv (August,"29), https://arxiv. org/abs/1502.04390 v1",4,2015,5779737757075710715,e3UXjaW_PBUC,Yoshua Bengio,kukA0LcAAAAJ
"Neural Machine Translation by Jointly Learning to Align and Translate, 3rd Int","D Bahdanau, K Cho, Y Bengio","Conf. on Learning Representations (San Diego, CA, USA",2015),4,2014,13268606661649664756,6IwoDg2IE1oC,Yoshua Bengio,kukA0LcAAAAJ
Proceedings of the 27th International Conference on Neural Information Processing Systems-Volume 2,"J Yosinski, J Clune, Y Bengio, H Lipson",MIT Press,,4,2014,4322294615417451357,tUtwDVdCwjgC,Yoshua Bengio,kukA0LcAAAAJ
Towards open-text semantic parsing via multi-task learning of structured embeddings,"A Bordes, X Glorot, J Weston, Y Bengio",arXiv preprint arXiv:,:1107.3663,4,2011,16153710008767698668,F9fV5C73w3QC,Yoshua Bengio,kukA0LcAAAAJ
Département D’informatique Et,J Turian,"Recherche Operationnelle (diro, Universite De Montreal, Lev Ratinov, and …",,4,2010,16451604657720616377,cBPnxVikjH8C,Yoshua Bengio,kukA0LcAAAAJ
Tutorial: learning deep architectures,"Y Bengio, Y LeCun",Videlectures. net videolectures. net/icml,l09_bengio_lecun_tldar,4,2009,5351335001731575196,g8uWPOAv7ggC,Yoshua Bengio,kukA0LcAAAAJ
Curriculum learning (ICML’09)(pp. 41–48),"Y Bengio, J Louradour, R Collobert, J Weston","New York, NY, USA: Association for Computing Machinery",,4,2009,15509627808415853389,0UEtxawf5sEC,Yoshua Bengio,kukA0LcAAAAJ
Found Trends Mach Learn. Vol. 2,Y Bengio,Mach Learn: Found Trends,1-127,4,2009,9992602349467011951,z62hWG5Wpo0C,Yoshua Bengio,kukA0LcAAAAJ
Extended semantic tagging for entity extraction,"N Boufaden, Y Bengio, G Lapalme",Beyond Named Entity Recognition Semantic labeling for NLP tasks Workshop …,,4,2004,9609582160355812507,j8SEvjWlNXcC,Yoshua Bengio,kukA0LcAAAAJ
Extracting hidden sense probabilities from bitexts,"Y Bengio, C Kermorvant","Technical report, TR","1231, Departement d’informatique et recherche …",4,2003,14729236690865701298,1qzjygNMrQYC,Yoshua Bengio,kukA0LcAAAAJ
Guest introduction: Special issue on new methods for model selection and model combination,"Y Bengio, D Schuurmans",Machine Learning,"48 (1), 5-7",4,2002,4275697971015587510,mvPsJ3kp5DgC,Yoshua Bengio,kukA0LcAAAAJ
A memory-efficient Huffman adaptive coding algorithm for very large sets of symbols,"S Pigeon, Y Bengio","Université de Montréal, Rapport technique",1081,4,1997,10418039289361154514,_Ybze24A_UAC,Yoshua Bengio,kukA0LcAAAAJ
Shared context probabilistic transducers,"Y Bengio, S Bengio, JF Isabelle, Y Singer",Advances in Neural Information Processing Systems,10,4,1997,1435105397923735061,olpn-zPbct0C,Yoshua Bengio,kukA0LcAAAAJ
Connectionist models and their application to automatic speech recognition,"Y Bengio, R De Mori",Machine Intelligence and Pattern Recognition,"11, 175-194",4,1991,2948349601344155375,CRzUtm-VnGAC,Yoshua Bengio,kukA0LcAAAAJ
A comparative study on hybrid acoustic phonetic decoders based on artificial neural networks.,"Y Bengio, R De Mori, G Flammia, R Kompe",EUROSPEECH,1007-1010,4,1991,1657149005620846936,bnK-pcrLprsC,Yoshua Bengio,kukA0LcAAAAJ
Learning deep architectures for AI. Found Trends Mach Learn 2009; 2: 1–127,Y Bengio,,,4,NA,17681012031174928245,OLNndOjO69MC,Yoshua Bengio,kukA0LcAAAAJ
Crystal-GFN: sampling crystals with desirable properties and constraints,"A Hernandez-Garcia, A Duval, A Volokhova, Y Bengio, D Sharma, ...",AI,I4MAt 2023-AI for Accelerated Materials Design workshop at 37th Conference …,3,2023,5644555856047653058,J4wmHkHhN-kC,Yoshua Bengio,kukA0LcAAAAJ
Batchgfn: Generative flow networks for batch active learning,"SA Malik, S Lahlou, A Jesson, M Jain, N Malkin, T Deleu, Y Bengio, Y Gal",arXiv preprint arXiv:,:2306.15058,3,2023,2094887972544370967,ie8Y0QrpMWAC,Yoshua Bengio,kukA0LcAAAAJ
Spotlight attention: Robust object-centric learning with a spatial locality prior,"A Chakravarthy, T Nguyen, A Goyal, Y Bengio, MC Mozer",arXiv preprint arXiv:,:2305.19550,3,2023,17260940618323565184,G60ApcfeQaAC,Yoshua Bengio,kukA0LcAAAAJ
Shortcut bias mitigation via ensemble diversity using diffusion probabilistic models,"L Scimeca, A Rubinstein, D Teney, SJ Oh, AM Nicolicioiu, Y Bengio",CoRR,,3,2023,6421911743354729444,LHtfzE5_5AIC,Yoshua Bengio,kukA0LcAAAAJ
Innovation ecosystems for socially beneficial AI,"Y Bengio, A Cohen, B PRUD’HOMME, ALDEL ALVES, N ODER",Missing links in AI governance,133,3,2023,3747958310081730751,-Viv1fr_sjoC,Yoshua Bengio,kukA0LcAAAAJ
Fedilc: Weighted geometric mean and invariant gradient covariance for federated learning on non-iid data,"MH Zhu, LN Ezzine, D Liu, Y Bengio",arXiv preprint arXiv:,:2205.09305,3,2022,9251052969870773804,-Rb0Dl3RFGgC,Yoshua Bengio,kukA0LcAAAAJ
Bayesian dynamic causal discovery,"A Tong, L Atanackovic, J Hartford, Y Bengio","A causal view on dynamical systems, NeurIPS",2022 workshop,3,2022,12743020856015918167,HygtOXotxAUC,Yoshua Bengio,kukA0LcAAAAJ
Exploring the wasserstein metric for time-to-event analysis,"T Sylvain, M Luck, J Cohen, H Cardinal, A Lodi, Y Bengio","Survival Prediction-Algorithms, Challenges and Applications",194-206,3,2021,13780416224452695583,LLUdpdcEW3AC,Yoshua Bengio,kukA0LcAAAAJ
Prouvost AJEJoOR,"Y Bengio, A Lodi",Machine learning for combinatorial optimization: a methodological tour d …,,3,2021,4687925022731421558,8rj-XRKUtKYC,Yoshua Bengio,kukA0LcAAAAJ
Neural Bayes: A Generic Parameterization Method for Unsupervised Representation Learning,"D Arpit, H Wang, C Xiong, R Socher, Y Bengio",arXiv preprint arXiv:,:2002.09046,3,2020,8727180310732167719,PQY3Tb_h0-cC,Yoshua Bengio,kukA0LcAAAAJ
Predicting ice flow using machine learning,"Y Min, SK Mukkavilli, Y Bengio",arXiv preprint arXiv:,:1910.08922,3,2019,17867927501333581640,QYmifXMdJWgC,Yoshua Bengio,kukA0LcAAAAJ
Avoidance learning using observational reinforcement learning,"D Venuto, L Boussioux, J Wang, R Dali, J Chakravorty, Y Bengio, ...",arXiv preprint arXiv:,:1909.11228,3,2019,16938087518316925042,qkm5LKljiV4C,Yoshua Bengio,kukA0LcAAAAJ
A Walk with SGD: How SGD Explores Regions of Deep Network Loss?,"C Xing, D Arpit, C Tsirigotis, Y Bengio",,,3,2019,1432126185912300295,6IBXqrN-DEwC,Yoshua Bengio,kukA0LcAAAAJ
Low-memory convolutional neural networks through incremental depth-first processing,"J Binas, Y Bengio",arXiv preprint arXiv:,:1804.10727,3,2018,353623605874816415,4E1Y8I9HL1wC,Yoshua Bengio,kukA0LcAAAAJ
Iteratively unveiling new regions of interest in deep learning models,"F Bordes, T Berthier, L Di Jorio, P Vincent, Y Bengio",,,3,2018,9397689346563253604,_IsBomjs8bsC,Yoshua Bengio,kukA0LcAAAAJ
FigureQA: An annotated figure dataset for visual reasoning,"S Ebrahimi Kahou, V Michalski, A Atkinson, A Kadar, A Trischler, ...","arXiv e-prints, arXiv:",1710.07300,3,2017,18120941190421146314,ZYLUaBFA95QC,Yoshua Bengio,kukA0LcAAAAJ
Graph attention,"P Velikovi, G Cucurull, A Casanova, A Romero, P Liò, Y Bengio",Networks,"1050 (20), 10-48550",3,2017,2999448277206689479,x78xNeCKx3UC,Yoshua Bengio,kukA0LcAAAAJ
The variational walkback algorithm,"A Goyal, NR Ke, A Lamb, Y Bengio",,,3,2016,10017708629402184139,3vbIHxFL9FgC,Yoshua Bengio,kukA0LcAAAAJ
Will Machines Eliminate Us?,"W Knight, Y Bengio",TECHNOLOGY REVIEW,"119 (2), 30-31",3,2016,12890605364879553720,Sg-YnEhjH50C,Yoshua Bengio,kukA0LcAAAAJ
Training opposing directed models using geometric mean matching,"J Bornschein, S Shabanian, A Fischer, Y Bengio","CoRR, abs/",/1506.03877,3,2015,11428313943907919526,Og1tA8FjbJAC,Yoshua Bengio,kukA0LcAAAAJ
Denoising Criterion for Variational Auto-Encoding Framework,"Y Bengio, DJ Im, S Ahn, R Memisevic","CoRR, vol. abs/",/1511.06406,3,2015,482423299924552866,hZ5_QnqxF7AC,Yoshua Bengio,kukA0LcAAAAJ
Backprop-free autoencoders,"DH Lee, Y Bengio",NIPS’,’2014 Deep Learning workshop,3,2014,107702133912265304,H-3wYkpcA84C,Yoshua Bengio,kukA0LcAAAAJ
Joint training of deep boltzmann machines,"I Goodfellow, A Courville, Y Bengio",arXiv preprint arXiv:,:1212.2686,3,2012,9508892293686035091,AXkvAH5U_nMC,Yoshua Bengio,kukA0LcAAAAJ
A common GPU n-dimensional array for Python and C,"F Bastien, A Bergeron, A Klöckner, P Vincent, Y Bengio","Big Learning Workshop, NIPS",,3,2011,4350021268230111188,0ngZmJvimKcC,Yoshua Bengio,kukA0LcAAAAJ
Modeling natural image covariance with a spike and slab restricted Boltzmann machine,"A Courville, J Bergstra, Y Bengio",NIPS Workshop on Deep Learning,,3,2010,15942570036115518116,txeM2kYbVNMC,Yoshua Bengio,kukA0LcAAAAJ
"Learning deep architectures for AI, vol. 2, ch. 6–Greedy Layer-Wise Training of Deep Architecture",Y Bengio,Now Publishers Inc,,3,2009,9114753435345555353,gYnLYBw1zZMC,Yoshua Bengio,kukA0LcAAAAJ
Deep architectures for baby ai,"Y Bengio, H Larochelle, P Lamblin, D Popovici, A Courville, C Simard, ...",,,3,2007,17362116487587520890,XtJa11BXPS4C,Yoshua Bengio,kukA0LcAAAAJ
"{LeCun} Y, Lecun Y",Y Bengio,Scaling Learning Algorithms towards AI. Large Scale Kernel Machines,"1, 321-360",3,2007,11927661056301017337,ThYxFsVAhEkC,Yoshua Bengio,kukA0LcAAAAJ
Generalizing to a zero-data task: a computational chemistry case study,"D Erhan, Y Bengio, PJ L’Heureux, SY Yue",Technical Report,"1286, Département d’informatique et recherche …",3,2006,6693645064807294291,PR6Y55bgFSsC,Yoshua Bengio,kukA0LcAAAAJ
A hybrid Pareto model for asymmetric fat-tail data,"J Carreau, Y Bengio",Technical report,"1283, Dept. IRO, Université de Montréal",3,2006,10848466367676523713,t7zJ5fGR-2UC,Yoshua Bengio,kukA0LcAAAAJ
Distributed representation prediction for generalization to new words,"H Larochelle, Y Bengio",Technical Report,"1284, Université de Montréal, 2006. Département d …",3,2006,6340298194717761047,1yQoGdGgb4wC,Yoshua Bengio,kukA0LcAAAAJ
Semi-Supervised Learning,"Y Grandvalet, Y Bengio, O Chapelle, B Scholkopf, A Zien","MIT Press, Cambridge, MA",,3,2006,9818822672983618195,WYleWgRJor0C,Yoshua Bengio,kukA0LcAAAAJ
Stochastic Gradient Descent on a Portfolio Management Training Criterion Using the IPA Gradient Estimator,"C Dorion, Y Bengio",Centre interuniversitaire de recherche en analyse des organisations (CIRANO),,3,2003,5113560990519101261,PoWvk5oyLR8C,Yoshua Bengio,kukA0LcAAAAJ
Metric-based model selection for time-series forecasting,"Y Bengio, N Chapados",Proceedings of the,12th IEEE Workshop on Neural Networks for Signal …,3,2002,13913612934957008918,yFnVuubrUp4C,Yoshua Bengio,kukA0LcAAAAJ
Stochastic learning of strategic equilibria for auctions,"S Bengio, Y Bengio, J Robert, G Bélanger",Neural computation,"11 (5), 1199-1209",3,1999,10652742020921312600,W5xh706n7nkC,Yoshua Bengio,kukA0LcAAAAJ
Gaussian mixture densities for classification of nuclear power plant data,"Y Bengio, F Gingras, B Goulard, JM Lina, K Scott",Computers and artificial intelligence,"17, 189-210",3,1998,168622504524293849,4MWp96NkSFoC,Yoshua Bengio,kukA0LcAAAAJ
Experiments on automatic speech recognition using BPS,"Y Bengio, R De Mori, M Gori",Proc. International Joint Conference on Neural Networks,,3,1989,5855297152243209102,ZuybSZzF8UAC,Yoshua Bengio,kukA0LcAAAAJ
Learning to deal with long-term dependencies,"R Pascanu, Y Bengio",Neural Computation,"9, 1735-1780",3,1986,3658464988634903003,sA9dB-pw3HoC,Yoshua Bengio,kukA0LcAAAAJ
Tree Cross Attention,"L Feng, F Tung, H Hajimirsadeghi, Y Bengio, MO Ahmed",arXiv preprint arXiv:,:2309.17388,2,2023,10745868715357411873,1n-LKbgTOzoC,Yoshua Bengio,kukA0LcAAAAJ
Memory efficient neural processes via constant memory attention block,"L Feng, F Tung, H Hajimirsadeghi, Y Bengio, MO Ahmed",arXiv preprint arXiv:,:2305.14567,2,2023,2028368274085747897,wW8w_uPXRNAC,Yoshua Bengio,kukA0LcAAAAJ
Gflownets for causal discovery: an overview,"DC Manta, EJ Hu, Y Bengio",ICML,2023 Workshop on Structured Probabilistic Inference {\&} Generative …,2,2023,16181551146801541193,eK4aujBuqBIC,Yoshua Bengio,kukA0LcAAAAJ
What if We Enrich day-ahead Solar Irradiance Time Series Forecasting with Spatio-Temporal Context?,"O Boussif, G Boukachab, D Assouline, S Massaroli, T Yuan, L Benabbou, ...",,1st Workshop on the Synergy of Scientific and Machine Learning Modeling …,2,2023,12452477179326692460,A5aiAONn640C,Yoshua Bengio,kukA0LcAAAAJ
CAMAP: Artificial neural networks unveil the role of codon arrangement in modulating MHC-I peptides presentation,"T Daouda, M Dumont-Lagacé, A Feghaly, Y Benslimane, R Panes, ...",PLoS Computational Biology,"17 (10), e1009482",2,2021,11999227866179957599,INdAjOZKYREC,Yoshua Bengio,kukA0LcAAAAJ
Interpolation Consistency Training for Semi-Supervised Learning,"V Verma, K Kawaguchi, A Lamb, J Kannala, Y Bengio, D Lopez-Paz",stat,"1050, 29",2,2020,9537292797476562514,bO_hriczGZwC,Yoshua Bengio,kukA0LcAAAAJ
Continual weight updates and convolutional architectures for equilibrium propagation,"M Ernoult, J Grollier, D Querlioz, Y Bengio, B Scellier",arXiv preprint arXiv:,:2005.04169,2,2020,673227616049427812,MtS25d97-7AC,Yoshua Bengio,kukA0LcAAAAJ
Covid white paper. preprint,"H Alsdurf, E Belliveau, Y Bengio, T Deleu, P Gupta, D Ippolito, R Janda, ...",arXiv preprint arXiv:,:2005.08502,2,2020,14672223957099065331,iWMDS-dds2cC,Yoshua Bengio,kukA0LcAAAAJ
"Deep Learning--Grundlagen, aktuelle Verfahren und Algorithmen, neue Forschungsansätze","Y Bengio, A Courville, I Goodfellow",mitp Verlag,,2,2018,10687271860049955871,ZEcFV8kAgqMC,Yoshua Bengio,kukA0LcAAAAJ
Déclaration de Montréal pour un développement responsable de l'intelligence artificielle,"MA Dilhac, C Régis, C Abrassart, Y Bengio, G Chicoisne, ...",,,2,2018,12163903338193365905,Qovp55VTycgC,Yoshua Bengio,kukA0LcAAAAJ
Convergence properties of deep neural networks on separable data,"RT des Combes, M Pezeshki, S Shabanian, A Courville, Y Bengio",,,2,2018,4610646655832289226,qbqt7gslDFUC,Yoshua Bengio,kukA0LcAAAAJ
Introduction to NIPS 2017 Competition Track,"S Escalera, M Weimer, M Burtsev, V Malykh, V Logacheva, R Lowe, ...",The NIPS',"'17 Competition: Building Intelligent Systems, 1-23",2,2018,8913190466035788724,kvJssbFybhEC,Yoshua Bengio,kukA0LcAAAAJ
Probability and Information Theory,"I Goodfellow, Y Bengio, A Courville",Deep Learning,65ś66,2,2016,6419592385742184791,N4e_798Z1OgC,Yoshua Bengio,kukA0LcAAAAJ
Empirical performance upper bounds for image and video captioning,"L Yao, N Ballas, K Cho, JR Smith, Y Bengio",,,2,2016,7869906650832054140,L24QuVWYgZ0C,Yoshua Bengio,kukA0LcAAAAJ
"Show, Attend and Tell","K Xu, J Ba, R Kiros, K Cho, A Courville, R Salakhutdinov, R Zemel, ...",Neural image caption generation with visual attention,,2,2015,15748020315149702035,htyGaKyDgHMC,Yoshua Bengio,kukA0LcAAAAJ
Training bidirectional Helmholtz machines,"J Bornschein, S Shabanian, A Fischer, Y Bengio",arXiv preprint arXiv:,:1506.03877,2,2015,17042124915093567399,N4u4nq0IxgcC,Yoshua Bengio,kukA0LcAAAAJ
EmoNets: Multimodal deep learning approaches for emotion recognition in video,"S Ebrahimi Kahou, X Bouthillier, P Lamblin, C Gulcehre, V Michalski, ...","arXiv e-prints, arXiv:",1503.01800,2,2015,1955331897542513166,Wqn_fehR_TUC,Yoshua Bengio,kukA0LcAAAAJ
Word representations,"J Turian, L Ratinov, Y Bengio",A simple and general method for semi-supervised learning. ACL,,2,2010,4808125261969598970,lg5bARUibhcC,Yoshua Bengio,kukA0LcAAAAJ
Learning deep hierarchies for AI,Y Bengio,Foundations and Trends in Machine Learning,"2 (1), 1-127",2,2009,11678122273650693003,MbTKqoTs-1EC,Yoshua Bengio,kukA0LcAAAAJ
The K Best-Paths Approach to Approximate Dynamic Programming with Application to Portfolio Optimization,"N Chapados, Y Bengio",Advances in Artificial Intelligence:,19th Conference of the Canadian Society …,2,2006,6920476724604710770,YohjEiUPhakC,Yoshua Bengio,kukA0LcAAAAJ
Approche statistique pour le repérage de mots informatifs dans les textes oraux,"N Boufaden, Y Bengio, G Lapalme",Actes de la,11ème conférence sur le Traitement Automatique des Langues …,2,2004,15937649280205206939,epqYDVWIO7EC,Yoshua Bengio,kukA0LcAAAAJ
Estimation de densité conditionnelle lorsque l'hypothèse de normalité est insatisfaisante,"Y Bengio, CIRANO",CIRANO,,2,2004,5880677518729489424,KQ7zX_ltr48C,Yoshua Bengio,kukA0LcAAAAJ
Comment améliorer la capacité de généralisation des algorithmes d'apprentissage pour la prise de décisions financières,"N Chapados, Y Bengio",CIRANO Working Papers,,2,2003,12372409748596641371,kzcrU_BdoSEC,Yoshua Bengio,kukA0LcAAAAJ
"Ducharme, Re ́jean, Vincent, Pascal, and Jauvin, Christian",Y Bengio,A neural probabilistic language model. journal of machine learning research …,,2,2003,17272976469453200947,jevOW3VBe2YC,Yoshua Bengio,kukA0LcAAAAJ
A neural network language model,"Y Bengio, R Ducharme, P Vincent, C Jauvin",Journal of machine learning research,"3, 1137-1155",2,2003,1112401075656969871,auQHJw8QJBgC,Yoshua Bengio,kukA0LcAAAAJ
Z-Coder: a fast adaptive binary arithmetic coder,"Y Bengio, L Bottou, P Howard",US Patent App.,"09/906,107",2,2002,14837827248784647633,Q3-QASNKTMEC,Yoshua Bengio,kukA0LcAAAAJ
The challenge of non-linear regression on large datasets with asymmetric heavy tails,"Y Bengio, I Takeuchi, T Kanamori",Joint Stat. Meet. SPES,"43, 193-205",2,2002,688400000031278869,isU91gLudPYC,Yoshua Bengio,kukA0LcAAAAJ
Statistical and neural network models for speech recognition,"E Trentin, F Brugnara, Y Bengio, C Furlanello, R De Mori",Connectionist Approaches to Clinical Problems in Speech and Language,213-264,2,2001,14557601402211585039,uc_IGeMz5qoC,Yoshua Bengio,kukA0LcAAAAJ
Linear regression and the optimization of hyper-parameters,"S Latendresse, Y Bengio",Web Published Writings,1-7,2,2000,14568019156789087539,dBIO0h50nwkC,Yoshua Bengio,kukA0LcAAAAJ
Analyses empiriques sur des transactions d’options,"C Dugas, O Bardou, Y Bengio",Technical Report,"1176, Départment d’informatique et de Recherche …",2,2000,15231066895305113401,7T2F9Uy0os0C,Yoshua Bengio,kukA0LcAAAAJ
On Out-of-Sample Statistics for Financial Time-Series,"F Gingras, Y Bengio, C Nadeau","Rapport technique, Université de Montréal",,2,1999,6151790196981580273,edDO8Oi4QzsC,Yoshua Bengio,kukA0LcAAAAJ
Memory-efficient adaptive Huffman coding.,"S Pigeon, Y Bengio",Dr. Dobb's Journal: Software Tools for the Professional Programmer,23 (10 …,2,1998,2444835745020284131,eq2jaN3J8jMC,Yoshua Bengio,kukA0LcAAAAJ
AdaBoosting neural networks,"Y Bengio, N Le Roux, P Vincent",Neural Comput,967-972,2,1997,18320671615031534028,AvfA0Oy_GE0C,Yoshua Bengio,kukA0LcAAAAJ
NIPS-95 ORGANIZING COMMITTEE,"D Touretzky, M Mozer, M Perrone, D Cohn, MITM Hasselmo, J Lazzaro, ...",Advances in Neural Information Processing Systems,8: Proceedings of the 1995 …,2,1996,1616574605996889439,_bh1rdP-zDcC,Yoshua Bengio,kukA0LcAAAAJ
Recurrent Neural Networks,AW Senior,Ph. D. Dissertation,,2,1994,3458186189128847388,9PmR9Y676FQC,Yoshua Bengio,kukA0LcAAAAJ
Object recognition with gradient-based learning,"Y LeCun, P Haffner, L Bottou, Y Bengio, L Bottou, P Haffner, P Howard, ...",Feature Grouping,"66, 233-240",2,1988,16271170841787387619,PXxrOWvQdDgC,Yoshua Bengio,kukA0LcAAAAJ
Redesigning Information Markets in the Era of Language Models,"M Weiss, N Rahaman, M Wuthrich, Y Bengio, LE Li, B Schölkopf, C Pal",First Conference on Language Modeling,,2,NA,3385352788911139556,q2Dn1KgioksC,Yoshua Bengio,kukA0LcAAAAJ
Mitigating shortcut learning with diffusion counterfactuals and diverse ensembles,"L Scimeca, A Rubinstein, D Teney, SJ Oh, AM Nicolicioiu, Y Bengio",arXiv preprint arXiv:,:2311.16176,1,2023,4880445419780949310,H8Dy_DhitWcC,Yoshua Bengio,kukA0LcAAAAJ
On the importance of catalyst-adsorbate 3D interactions for relaxed energy predictions,"A Carbonero, A Duval, V Schmidt, S Miret, A Hernandez-Garcia, Y Bengio, ...",arXiv preprint arXiv:,:2310.06682,1,2023,1354574283406850378,zCpYd49hD24C,Yoshua Bengio,kukA0LcAAAAJ
Leveraging Diffusion Disentangled Representations to Mitigate Shortcuts in Underspecified Visual Tasks,"L Scimeca, A Rubinstein, AM Nicolicioiu, D Teney, Y Bengio",arXiv preprint arXiv:,:2310.02230,1,2023,17696583471730294260,qzuIxkxWBNsC,Yoshua Bengio,kukA0LcAAAAJ
A community effort to discover small molecule SARS-CoV-2 inhibitors,"J Schimunek, P Seidl, K Elez, T Hempel, T Le, F Noé, S Olsson, L Raich, ...",American Chemical Society (ACS),,1,2023,3917161489710245784,yymuTJNBJz4C,Yoshua Bengio,kukA0LcAAAAJ
Causal discovery in gene regulatory networks with gflownet: towards scalability in large systems,"T Nguyen, A Tong, K Madan, Y Bengio, D Liu",NeurIPS,2023 Generative AI and Biology (GenBio) Workshop,1,2023,14425621476804973964,0D9gKr9vLLUC,Yoshua Bengio,kukA0LcAAAAJ
ECE49595CV: Computer Vision Fall 2023 Course Information Course number and title: ECE49595CV (003) Computer Vision CRN: 24034,"D Learning, I Goodfellow, Y Bengio, A Courville",,,1,2023,6545031960962956077,Ow2R9nchCv8C,Yoshua Bengio,kukA0LcAAAAJ
Constant memory attentive neural processes,"L Feng, F Tung, H Hajimirsadeghi, Y Bengio, MO Ahmed",arXiv preprint arXiv:,:2305.14567,1,2023,11243230734076472485,07QC26MHY14C,Yoshua Bengio,kukA0LcAAAAJ
Neural Attentive Circuits,"N Rahaman, M Weiss, F Locatello, C Pal, Y Bengio, B Schölkopf, LE Li, ...",arXiv preprint arXiv:,:2210.08031,1,2022,1287614712274325949,eHo_KFcuhuIC,Yoshua Bengio,kukA0LcAAAAJ
Graph-Based Active Machine Learning Method for Diverse and Novel Antimicrobial Peptides Generation and Selection,"BFP Dossou, D Liu, X Ji, M Jain, AM van der Sloot, R Palou, M Tyers, ...",arXiv preprint arXiv:,:2209.13518,1,2022,12851899677107341007,Ns2bVKt8YxIC,Yoshua Bengio,kukA0LcAAAAJ
Coordinating Policies Among Multiple Agents via an Intelligent Communication Channel,"D Liu, V Shah, O Boussif, C Meo, A Goyal, T Shu, M Mozer, N Heess, ...",arXiv preprint arXiv:,:2205.10607,1,2022,14847460659179762806,5thYEm8kiqcC,Yoshua Bengio,kukA0LcAAAAJ
Rethinking learning dynamics in rl using adversarial networks,"R Kumar, T Deleu, Y Bengio",,,1,2022,427312033210198390,LGh1lRt-7sUC,Yoshua Bengio,kukA0LcAAAAJ
Image-to-image Mapping with Many Domains by Sparse Attribute Transfer,"M Amodio, R Assouel, V Schmidt, T Sylvain, S Krishnaswamy, Y Bengio",arXiv preprint arXiv:,:2006.13291,1,2020,5058481515872586069,xEMdJR0kL_sC,Yoshua Bengio,kukA0LcAAAAJ
Graphmix: improved training of graph neural networks for semi-supervised learning,"V Verma, M Qu, A Lamb, Y Bengio, J Kannala, J Tang",ArXiv,,1,2020,9927135459019554235,dYRx7efp7U0C,Yoshua Bengio,kukA0LcAAAAJ
Automated curriculum generation for policy gradients from demonstrations,"A Srinivasan, D Bahdanau, M Chevalier-Boisvert, Y Bengio",arXiv preprint arXiv:,:1912.00444,1,2019,16058261950341516720,-w1eE4La9_EC,Yoshua Bengio,kukA0LcAAAAJ
TOWARDS THE STANDARDIZATION OF DATA LICENSES,"M Benjamin, P Gagnon, N Rostamzadeh, C Pal, Y Bengio, A Shee, ...","AI for Social Good Workshop, ICLR",,1,2019,11341759432086505385,LiF7i2gyBHwC,Yoshua Bengio,kukA0LcAAAAJ
Engan: Latent space mcmc and maximum entropy generators for energy-based models,"R Kumar, A Goyal, A Courville, Y Bengio",,,1,2019,10690460793592404929,JdL-Xu2nR38C,Yoshua Bengio,kukA0LcAAAAJ
Towards the latent transcriptome,"A Trofimov, F Dutil, C Perreault, S Lemieux, Y Bengio, JP Cohen",arXiv preprint arXiv:,:1810.03442,1,2018,9900273605198587869,3_f9JqYsqVQC,Yoshua Bengio,kukA0LcAAAAJ
Unsupervised one-to-many image translation,"S Lavoie-Marchildon, S Lachapelle, M Bińkowski, A Courville, Y Bengio, ...",,,1,2018,3852471272841883360,ZqLB7dQ1iF4C,Yoshua Bengio,kukA0LcAAAAJ
Yoshua Bengio,"Y Bengio, M Ford",Architects of Intelligence,,1,2018,3942637684060511649,w9HJn4dzO2wC,Yoshua Bengio,kukA0LcAAAAJ
InfoBot: Structured exploration in reinforcement learning using information bottleneck,"A Goyal, R Islam, Z Ahmed, D Precup, M Botvinick, H Larochelle, S Levine, ...",ICML Workshop on Exploration in Reinforcement Learning,,1,2018,6661080822914600397,Kv9jytqXTosC,Yoshua Bengio,kukA0LcAAAAJ
Disentangling Controllable and Uncontrollable Factors by Interacting with the World,"Y Sawada, L Rigazio, K Morikawa, M Iwasaki, Y Bengio",Advances in Neural Information Processing Systems,,1,2018,13273085434424282418,4tNoA7Af41QC,Yoshua Bengio,kukA0LcAAAAJ
Sgd smooths the sharpest directions,"S Jastrzębski, Z Kenton, N Ballas, A Fischer, A Storkey, Y Bengio",,,1,2018,4348538828343121712,urP0JZOBBUsC,Yoshua Bengio,kukA0LcAAAAJ
ARTICLE 1: EMONETS: MULTIMODAL DEEP LEARNING APPROACHES FOR EMOTION RECOGNITION IN VIDEO,"SE Kahou, X Bouthillier, P Lamblin, C Gulcehre, V Michalski, K Konda, ...",EMOTION RECOGNITION WITH DEEP NEURAL NETWORKS,"1001, 42",1,2016,241737908488430714,M0jDNLgoRFEC,Yoshua Bengio,kukA0LcAAAAJ
A hierarchical latent variable encoder-decoder model for generating dialogues,"I Vlad Serban, A Sordoni, R Lowe, L Charlin, J Pineau, A Courville, ...","arXiv e-prints, arXiv:",1605.06069,1,2016,17598727677795359304,q7LczdTNAjsC,Yoshua Bengio,kukA0LcAAAAJ
Task loss estimation for structured prediction,"D Bahdanau, D Serdyuk, P Brakel, NR Ke, J Chorowski, A Courville, ...",,,1,2016,873507991066798920,wuD5JclIwkYC,Yoshua Bengio,kukA0LcAAAAJ
IAPR keynote lecture IV: deep learning,Y Bengio,,"2015 3rd IAPR Asian Conference on Pattern Recognition (ACPR), xx-xx",1,2015,767432303353815554,6ZzL7HXColQC,Yoshua Bengio,kukA0LcAAAAJ
"32nd International Conference on Machine Learning, ICML 2015","K Xu, JL Ba, R Kiros, K Cho, A Courville, R Salakhutdinov, RS Zemel, ...","JMLR. org, Lille, France",,1,2015,16349250172247336139,o0tJHVzi6PsC,Yoshua Bengio,kukA0LcAAAAJ
Stacked calibration of off-policy policy evaluation for video game matchmaking,"E Laufer, RC Ferrari, L Yao, O Delalleau, Y Bengio",,"2013 IEEE Conference on Computational Inteligence in Games (CIG), 1-8",1,2013,3893043379895647521,SnGPuo6Feq8C,Yoshua Bengio,kukA0LcAAAAJ
Representation Learning,Y Bengio,Technical report,,1,2012,15759916744702106152,6e4D8M0GhXMC,Yoshua Bengio,kukA0LcAAAAJ
Joint Training of Partially-Directed Deep Boltzmann Machines,"IJ Goodfellow, A Courville, Y Bengio",NIPS Workshop on Deep Learning and Unsupervised Feature Learning,1-10,1,2012,10204481107707881711,KaMxkj08jr0C,Yoshua Bengio,kukA0LcAAAAJ
An energy-based recurrent neural network for multiple fundamental frequency estimation,"N Boulanger-Lewandowski, P Vincent, Y Bengio",,,1,2011,16406171034882936026,LI9QrySNdTsC,Yoshua Bengio,kukA0LcAAAAJ
Gaussian mixtures with missing data: an efficient EM training algorithm,"O Delalleau, A Courville, Y Bengio","Proceeding of the computing research association conference, Snowbird",155,1,2008,3684151796499880440,Xl6nMSl579sC,Yoshua Bengio,kukA0LcAAAAJ
Discriminative Training of RBMs using Bhattacharyya Distance,"N Le Roux, H Larochelle, Y Bengio","Learning Workshop, Cliff Lodge, Snowbird, Utah",,1,2008,7592805222164698621,Z5m8FVwuT1cC,Yoshua Bengio,kukA0LcAAAAJ
A sense-smoothed bigram language model,"C Jauvin, Y Bengio",Technical Report,"1233, Dept. IRO, Universite de Montreal, 2003. 2, 4",1,2003,15797789296083936409,zLWjf1WUPmwC,Yoshua Bengio,kukA0LcAAAAJ
Training asynchronous input/output hidden markov models,"Y Bengio, S Bengio",AAAI Spring Symposium on Computational Issues in Learning Models of …,,1,1996,11356443892333647430,5icHVeHT4IsC,Yoshua Bengio,kukA0LcAAAAJ
On the Use of an Ear Model and Multi-Layered Networks for Automatic Speech Recognition,"RDE MORI, Y BENGIO, P COSI",Structural Pattern Analysis,37-56,1,1990,2148900400196469626,9c2xU6iGI7YC,Yoshua Bengio,kukA0LcAAAAJ
Automatic detection of speech properties by the use of neural networks and human auditory system model.,"Y Bengio, P Cosi, R De Mori",Neural Networks,"1, 289",1,1988,10051059542125441639,4hFrxpcac9AC,Yoshua Bengio,kukA0LcAAAAJ
Connectionist models applied to automatic speech recognition,Y Bengio,McGill University,,1,1987,18129845559159563686,9Nmd_mFXekcC,Yoshua Bengio,kukA0LcAAAAJ
Predicting ice flow dynamics using machine learning,"Y Min, SK Mukkavilli, Y Bengio",,"33rd Conference on Neural Information Processing Systems (NeurIPS), Workshop …",1,1910,2738397808340131952,-c_eYhz9dBkC,Yoshua Bengio,kukA0LcAAAAJ
Representation learning tutorial,Y Bengio,ICML,2012 Tutoria,1,NA,1953191303338858227,d4tt_xEv1X8C,Yoshua Bengio,kukA0LcAAAAJ
Estimators of variance of K-fold cross-validation,"Y Bengio, Y Grandvalet",,,1,NA,14689135923748267716,ipzZ9siozwsC,Yoshua Bengio,kukA0LcAAAAJ
OC-NMN: Object-centric Compositional Neural Module Network for Generative Visual Analogical Reasoning,"R Assouel, P Rodriguez, P Taslakian, D Vazquez, Y Bengio",arXiv preprint arXiv:,:2310.18807,0,2023,NA,Uo5fLKClJkAC,Yoshua Bengio,kukA0LcAAAAJ
"Discrete, compositional, and symbolic representations through attractor dynamics","A Nam, E Elmoznino, N Malkin, J McClelland, Y Bengio, G Lajoie",arXiv preprint arXiv:,:2310.01807,0,2023,NA,RsqFu5Siv-AC,Yoshua Bengio,kukA0LcAAAAJ
Consciousness-Inspired Spatio-Temporal Abstractions for Better Generalization in Reinforcement Learning,"M Zhao, S Alver, H van Seijen, R Laroche, D Precup, Y Bengio",arXiv preprint arXiv:,:2310.00229,0,2023,NA,oR5SthnA400C,Yoshua Bengio,kukA0LcAAAAJ
AI For Global Climate Cooperation 2023 Competition Proceedings,"Y Bengio, P Gupta, L Li, S Phade, S Srinivasa, A Williams, T Zhang, ...",arXiv preprint arXiv:,:2307.06951,0,2023,NA,04dtUmz_MT0C,Yoshua Bengio,kukA0LcAAAAJ
Benchmarking Bayesian Causal Discovery Methods for Downstream Treatment Effect Estimation,"C Chinenye Emezue, A Drouin, T Deleu, S Bauer, Y Bengio","arXiv e-prints, arXiv:",2307.04988,0,2023,NA,OWslULmvb_UC,Yoshua Bengio,kukA0LcAAAAJ
Constant Memory Attention Block,"L Feng, F Tung, H Hajimirsadeghi, Y Bengio, MO Ahmed",arXiv preprint arXiv:,:2306.12599,0,2023,NA,rr29yNp9FasC,Yoshua Bengio,kukA0LcAAAAJ
Leveraging the Third Dimension in Contrastive Learning,"S Aithal, A Goyal, A Lamb, Y Bengio, M Mozer",arXiv preprint arXiv:,:2301.11790,0,2023,NA,2C0LhDdYSbcC,Yoshua Bengio,kukA0LcAAAAJ
Combining Spatial and Temporal Abstraction in Planning for Better Generalization.,"M Zhao, S Alver, H van Seijen, R Laroche, D Precup, Y Bengio",CoRR,,0,2023,NA,vM5yiaU9oLoC,Yoshua Bengio,kukA0LcAAAAJ
ÉCOSYSTÈMES D’INNOVATION POUR UNE IA BÉNÉFIQUE SUR LE PLAN SOCIAL,"Y BENGIO, A COHEN, B PRUD’HOMME, ALDEL ALVES, N ODER",ANGLES MORTS DE LA GOUVERNANCE DE L’IA,141,0,2023,NA,BO8BTsX0K1AC,Yoshua Bengio,kukA0LcAAAAJ
(Private)-Retroactive Carbon Pricing [(P) ReCaP]: A Market-based Approach for Climate Finance and Risk Assessment,"Y Bengio, P Gupta, D Radovic, M Scholl, A Williams, CS de Witt, T Zhang, ...",arXiv preprint arXiv:,:2205.00666,0,2022,NA,3s2jc9hNhkQC,Yoshua Bengio,kukA0LcAAAAJ
Method and system for processing a task with robustness to missing input information,"N Chapados, N Guizard, M Havaei, Y Bengio",US Patent App.,"17/499,542",0,2022,NA,fSKd39tHJ84C,Yoshua Bengio,kukA0LcAAAAJ
Boosting Exploration in Multi-Task Reinforcement Learning using Adversarial Networks,"R Kumar, T Deleu, Y Bengio",arXiv preprint arXiv:,:2201.11783,0,2022,NA,Y0agIcFmOsQC,Yoshua Bengio,kukA0LcAAAAJ
Building Robust Ensembles via Margin Boosting,"A Courville, A Suggala, D Zhang, H Zhang, P Ravikumar, Y Bengio",,,0,2022,NA,JjBZBFkNMTQC,Yoshua Bengio,kukA0LcAAAAJ
Efficient Queries Transformer Neural Processes,"L Feng, H Hajimirsadeghi, Y Bengio, MO Ahmed",Sixth Workshop on Meta-Learning at the Conference on Neural Information …,,0,2022,NA,lf0D1wPZyaoC,Yoshua Bengio,kukA0LcAAAAJ
Cortical intensity profiles sampled across BigBrain isocortex (v1. 0),"K Wagstyl, H Spitzer, K Zilles, JP Cohen, Y Bengio, S Bludau, S Larocque, ...",Strukturelle und funktionelle Organisation des Gehirns,,0,2022,NA,2ZctHUgIzyAC,Yoshua Bengio,kukA0LcAAAAJ
Contrastive introspection (ConSpec) to rapidly identify invariant steps for success,"C Sun, W Yang, B Alsbury-Nealy, Y Bengio, BA Richards",,,0,2022,NA,KD63RgGzVVoC,Yoshua Bengio,kukA0LcAAAAJ
Problèmes associés au déploiement des modèles fondés sur l’apprentissage machine en santé,"JP Cohen, T Cao, JD Viviano, CW Huang, M Fralick, M Ghassemi, ...",CMAJ,"193 (44), E1716-E1719",0,2021,NA,-cHHJ4ChvFsC,Yoshua Bengio,kukA0LcAAAAJ
Discrete-Valued Neural Communication,"DL Dianbo Liu, A Lamb, K Kawaguchi, A Goyal, C Sun, MC Mozer, ...","arXiv e-prints, arXiv:",2107.02367,0,2021,NA,8NHCvSvNRCIC,Yoshua Bengio,kukA0LcAAAAJ
Exploring the Wasserstein metric for survival analysis,"T Sylvain, M Luck, JP Cohen, H Cardinal, A Lodi, Y Bengio",,,0,2021,NA,2BeMVx_SZpEC,Yoshua Bengio,kukA0LcAAAAJ
Generating Multiscale Amorphous Molecular Structures Using Deep Learning: A Study in 2D,"L Simine, M Kilgour, N Gastellu, D Hui, Y Bengio",APS March Meeting Abstracts,"2021, A60. 013",0,2021,NA,SoGhKUJvMTQC,Yoshua Bengio,kukA0LcAAAAJ
2020 Index IEEE Technology and Society Magazine Vol. 39,"M Abulaish, K Aftab, M Alwateer, J Aracil, P Batra, Y Bengio, ...",IEEE Technology and Society Magazine,,0,2020,NA,o4Qvs5Y5TLQC,Yoshua Bengio,kukA0LcAAAAJ
"A Large-Scale, Open-Domain, Mixed-Interface Dialogue-Based ITS for STEM","I Vlad Serban, V Gupta, E Kochmar, DD Vu, R Belfer, J Pineau, ...","arXiv e-prints, arXiv:",2005.06616,0,2020,NA,_u2aKJ9e-CoC,Yoshua Bengio,kukA0LcAAAAJ
Ghouthi Boukli Hacene Vincent Gripon Matthieu Arzel Nicolas Farrugia,Y Bengio,Edge Intelligence Workshop,711,0,2020,NA,3UHJKpZgG5wC,Yoshua Bengio,kukA0LcAAAAJ
Integrated Climate Extremes: Modeling Future Impacts for Visualizing Climate Change,"SK Mukkavilli, Y Min, A Madanchi, VB Pacela, S Patel, Y Bengio",,100th American Meteorological Society Annual Meeting,0,2020,NA,xm1hsP5ya-EC,Yoshua Bengio,kukA0LcAAAAJ
IceNet: A Large-Scale Dataset for Tracking Ice Flow Using Unsupervised Learning with Adversarial Networks,"Y Min, SK Mukkavilli, Y Bengio",,100th American Meteorological Society Annual Meeting,0,2020,NA,CKf5m1HYVjMC,Yoshua Bengio,kukA0LcAAAAJ
Combating False Negatives in Adversarial Imitation Learning (Student Abstract),"DYT Hui, M Chevalier-Boisvert, D Bahdanau, Y Bengio",,,0,2020,NA,YJSMXgW81ikC,Yoshua Bengio,kukA0LcAAAAJ
Supplement: Hybrid Models for Learning to Branch,"P Gupta, M Gasse, EB Khalil, MP Kumar, A Lodi, Y Bengio",,,0,2020,NA,BjLbhSWBl98C,Yoshua Bengio,kukA0LcAAAAJ
No evidence of shared hierarchy between convolutional neural networks and the human auditory pathway,"JAF Thompson, F De Martino, Y Bengio, E Formisano, M Schönwiesner",Characterizing and comparing acoustic representations in convolutional …,,0,2020,NA,7CU1mCQUTf4C,Yoshua Bengio,kukA0LcAAAAJ
Revisiting Fundamentals of Experience Replay,"H Larochelle, LB Fedus, M Rowland, P Ramachandran, R Agarwal, ...",,,0,2020,NA,rrpmhsargb8C,Yoshua Bengio,kukA0LcAAAAJ
Congratulations to the 2020 AAAI Fellows!,"Y Bengio, C Breazeal, Y LeCun, R Nagpal, N Noy, M Palmer, D Radev, ...",,,0,2020,NA,uQdrZ3qaPmcC,Yoshua Bengio,kukA0LcAAAAJ
Artificial Intelligence Based Cloud Distributor (AI-CD): Probing Low Cloud Distribution with Generative Adversarial Neural Networks,"T Yuan, H Song, D Hall, V Schmidt, K Sankaran, Y Bengio",AGU Fall Meeting Abstracts,"2019, A43E-05",0,2019,NA,V63Ir2N1OTwC,Yoshua Bengio,kukA0LcAAAAJ
Learning Fixed Points in Generative Adversarial Networks: From Image-to-Image Translation to Disease Detection and Localization,"M Mahfuzur Rahman Siddiquee, Z Zhou, N Tajbakhsh, R Feng, ...","arXiv e-prints, arXiv:",1908.06965,0,2019,NA,pbQCAAeKvsAC,Yoshua Bengio,kukA0LcAAAAJ
Attention Based Pruning for Shift Networks,"G Boukli Hacene, C Lassance, V Gripon, M Courbariaux, Y Bengio","arXiv e-prints, arXiv:",1905.12300,0,2019,NA,KKBjqD86ppkC,Yoshua Bengio,kukA0LcAAAAJ
InfoMask: Masked Variational Latent Representation to Localize Chest Disease,"S Asgari Taghanaki, M Havaei, T Berthier, F Dutil, L Di Jorio, G Hamarneh, ...","arXiv e-prints, arXiv:",1903.11741,0,2019,NA,rCzfLUpcSPoC,Yoshua Bengio,kukA0LcAAAAJ
CIS Publication Spotlight,"SH Khan, M Hayat",IEEE Computational Intelligence Magazine,,0,2019,NA,M7yex6snE4oC,Yoshua Bengio,kukA0LcAAAAJ
Quantized Guided Pruning for Efficient Hardware Implementations of Convolutional Neural Networks,"G Boukli Hacene, V Gripon, M Arzel, N Farrugia, Y Bengio","arXiv e-prints, arXiv:",1812.11337,0,2018,NA,P2d6BWbXU0IC,Yoshua Bengio,kukA0LcAAAAJ
Information Fusion in Deep Convolutional Neural Networks for Biomedical Image Segmentation 1,"M Havaei, N Guizard, N Chapados, Y Bengio",Signal Processing and Machine Learning for Biomedical Big Data,301-312,0,2018,NA,5McdzzY_mmwC,Yoshua Bengio,kukA0LcAAAAJ
The Bottleneck Simulator: A Model-based Deep Reinforcement Learning Approach,"I Vlad Serban, C Sankar, M Pieper, J Pineau, Y Bengio","arXiv e-prints, arXiv:",1807.04723,0,2018,NA,URGbnSt0D2cC,Yoshua Bengio,kukA0LcAAAAJ
Fully discretized training of neural networks through direct feedback,"T Mesnard, G Vignoud, J Binas, Y Bengio",,,0,2018,NA,o9ULDYDKYbIC,Yoshua Bengio,kukA0LcAAAAJ
Learning Generative Models with Locally Disentangled Latent Factors,"B Neal, A Lamb, S Ozair, D Hjelm, A Courville, Y Bengio, I Mitliagkas",,,0,2018,NA,yCjxvIMm6_oC,Yoshua Bengio,kukA0LcAAAAJ
2017 Index IEEE Transactions on Human-Machine Systems Vol. 47,"DA Abbink, A Accardo, M Aggravi, CK Ahn, G Alici, R Andri, E Anquetil, ...",IEEE Transactions on Human-Machine Systems,"47 (6), 1",0,2017,NA,cF7EPgIk0B4C,Yoshua Bengio,kukA0LcAAAAJ
Monaural Singing Voice Separation with Skip-Filtering Connections and Recurrent Inference of Time-Frequency Mask,"S Ioannis Mimilakis, K Drossos, JF Santos, G Schuller, T Virtanen, ...","arXiv e-prints, arXiv:",1711.01437,0,2017,NA,kiex5tMzGo8C,Yoshua Bengio,kukA0LcAAAAJ
RESIDUAL CONNECTIONS ENCOURAGE ITERATIVE IN,"S Jastrzebski, D Arpit, N Ballas, V Verma, T Che, Y Bengio",arXiv preprint arXiv:,:1710.04773,0,2017,NA,K-tzbvM8PMoC,Yoshua Bengio,kukA0LcAAAAJ
EVERYTHING YOU NEED IN ONE PLACE,"I Overall, Y LeCun, Y Bengio, G Hinton",IEEE Trans. Power Syst,"32 (4), 2817-2827",0,2017,NA,GHsHDPAyICYC,Yoshua Bengio,kukA0LcAAAAJ
Towards more hardware-friendly deep learning,Y Bengio,Proceedings of the Workshop on Trends in Machine-Learning (and impact on …,,0,2017,NA,oynPyU19kbsC,Yoshua Bengio,kukA0LcAAAAJ
"Plan, Attend, Generate: Character-level Neural Machine Translation with Planning in the Decoder","C Gulcehre, F Dutil, A Trischler, Y Bengio",arXiv preprint arXiv:,:1706.05087,0,2017,NA,Nufq_to8ts0C,Yoshua Bengio,kukA0LcAAAAJ
NIPS 2016 Workshop on Representation Learning in Artificial and Biological Neural Networks (MLINI 2016),"L Wehbe, A Nunez-Elizalde, M van Gerven, I Rish, B Murphy, ...",arXiv preprint arXiv:,:1701.01437,0,2017,NA,oqD4_j7ulsYC,Yoshua Bengio,kukA0LcAAAAJ
Les données au service du savoir,"Y Bengio, A Lodi",gestion,"42 (1), 68-70",0,2017,NA,S0CDQJw8Yr4C,Yoshua Bengio,kukA0LcAAAAJ
Visual attention for deep neural nets [captioning],"K Xu, J Ba, R Kiros, K Cho, A Courville, R Salakhutdinov, R Zemel, ...",,,0,2016,NA,wgKq3sYidysC,Yoshua Bengio,kukA0LcAAAAJ
Multiresolution Recurrent Neural Networks: An Application to Dialogue Response Generation,"I Vlad Serban, T Klinger, G Tesauro, K Talamadupula, B Zhou, Y Bengio, ...","arXiv e-prints, arXiv:",1606.00776,0,2016,NA,OqYjx1B7R3oC,Yoshua Bengio,kukA0LcAAAAJ
Generating Factoid Questions With Recurrent Neural Networks: The 30M Factoid Question-Answer Corpus,"I Vlad Serban, A García-Durán, C Gulcehre, S Ahn, S Chandar, ...","arXiv e-prints, arXiv:",1603.06807,0,2016,NA,G887dSk7Sz8C,Yoshua Bengio,kukA0LcAAAAJ
Example Notation for Deep Learning,"I Goodfellow, Y Bengio, A Courville",MIT Press,,0,2016,NA,YXeC4bxG7-IC,Yoshua Bengio,kukA0LcAAAAJ
2015 Index IEEE Transactions on Multimedia Vol. 17,"A Abdel Khalek, A Abdelsadek, AH Abdulnabi, M Adjouadi, M Ahmed, ...",IEEE Transactions on Multimedia,"17 (12), 2369",0,2015,NA,Tfl4UtY-dJUC,Yoshua Bengio,kukA0LcAAAAJ
Technical Correspondence,"Q Huang, Y Huang, W Hu, X Li",IEEE TRANSACTIONS ON HUMAN-MACHINE SYSTEMS,"45 (3), 385",0,2015,NA,RfQ-KHj5eBsC,Yoshua Bengio,kukA0LcAAAAJ
2014 Index IEEE Transactions on Pattern Analysis and Machine Intelligence Vol. 36,"R Abiantun, N Ahuja, A Aissani, K Ait-Mohand, K Aizawa, Z Akata, ...",IEEE Transactions on Pattern Analysis and Machine Intelligence,"37 (1), 209",0,2015,NA,nWoA1JPTheMC,Yoshua Bengio,kukA0LcAAAAJ
ENSEMBLE OF GENERATIVE AND DISCRIMINATIVE TECHNIQUES FOR SENTIMENT ANALYSIS OF MOVIE,"G Mesnil, T Mikolov, MA Ranzato, Y Bengio",arXiv preprint arXiv:,:1412.5335,0,2014,NA,7nQzp1YiEc4C,Yoshua Bengio,kukA0LcAAAAJ
2013 Index IEEE Computational Intelligence Magazine Vol. 8,"Y Bengio, PP Bonissone, N Bova, A Cesta, T Chai, GC Chen",IEEE Computational Intelligence Magazine,,0,2013,NA,Nw_I7GeUguwC,Yoshua Bengio,kukA0LcAAAAJ
Learned-Norm Pooling for Deep Neural Networks,"K Cho, C Gulcehre, R Pascanu, Y Bengio",NIPS,"2013 Workshop on Deep Learning, Lake Tahoe, Usa, December, 2013",0,2013,NA,tFyepMjQr3wC,Yoshua Bengio,kukA0LcAAAAJ
Simple line drawings,"DB Walthera, B Chaib, E Caddigan, DM Beck, L Fei-Fei, M Eitz, M Eitz, ...",Proceedings of the,"2, 215-230",0,2013,NA,GiYFt9mpioMC,Yoshua Bengio,kukA0LcAAAAJ
Representation Learning and Deep Learning,Y Bengio,,,0,2012,NA,LdasjJ6CEcoC,Yoshua Bengio,kukA0LcAAAAJ
Large-Scale Feature Learning With Spike-and-Slab Sparse Coding,"A Courville, Y Bengio",,,0,2012,NA,AU0JsVlt-AkC,Yoshua Bengio,kukA0LcAAAAJ
Symposium on Machine Learning in Speech and Language Processing,"Y Bengio, J Bilmes, MW Chang, S Chen, J Eisner, E Hovy, S Dasgupta, ...",,,0,2011,NA,wkm4DBaukwsC,Yoshua Bengio,kukA0LcAAAAJ
On learning distributed representations of semantics,Y Bengio,Proc. MLSLP,"2011, 0",0,2011,NA,HJSXoJQnj-YC,Yoshua Bengio,kukA0LcAAAAJ
2009 Index IEEE Transactions on Neural Networks Vol. 20,"HA Abbass, AJ Acosta-Jimenez, MM Adankon, P Afshar, K Aihara, F Aiolli, ...",IEEE Transactions on Neural Networks,"20 (12), 1997",0,2009,NA,artPoR2Yc-kC,Yoshua Bengio,kukA0LcAAAAJ
Workshop summary: Workshop on learning feature hierarchies,"K Yu, R Salakhutdinov, Y LeCun, G Hinton, Y Bengio",Proceedings of the,"26th Annual International Conference on Machine Learning, 1-1",0,2009,NA,hCrLmN-GePgC,Yoshua Bengio,kukA0LcAAAAJ
2008 Index IEEE Transactions on Neural Networks Vol. 19,"IZ Abidin, A Abramo, M Abu-Khalaf, A Acosta-Jimenez, T Adali, ...",IEEE Transactions on Neural Networks,"19 (12), 2163",0,2008,NA,S16KYo8Pm5AC,Yoshua Bengio,kukA0LcAAAAJ
DOI: ISBN (electronic): Publisher: Published,"Y Bengio, L Bottou, S Canu, I de Rouen, O Chapelle, R Collobert","Léon Bottou, Olivier Chapelle, Dennis DeCoste, Jason Weston The MIT Press",,0,2007,NA,qVBRRHSSJ04C,Yoshua Bengio,kukA0LcAAAAJ
Announcements of conferences and call for papers,"L Abbott, Y Bengio, C Carr, P Cisek, S Giszter, S Grillner, S Grossberg, ...",Neurocomputing,"69, 995-998",0,2006,NA,i6LplTXqhpIC,Yoshua Bengio,kukA0LcAAAAJ
Reviewers (2005)–A note of appreciation,"BV Dasarathy, A Albayrak, AK Alouani, L Alparone, H Altincay, A Amditis, ...",Information Fusion,"7, 449-450",0,2006,NA,uEM9VtRl8xsC,Yoshua Bengio,kukA0LcAAAAJ
Impact of multiple conformations on fingerprint descriptors uses in QSAR,"PJ L’Heureux, B Cromp, SY Yue, Y Bengio",ABSTRACTS OF PAPERS OF THE AMERICAN CHEMICAL SOCIETY,"230, U1361-U1361",0,2005,NA,kF1pexMAQbMC,Yoshua Bengio,kukA0LcAAAAJ
Curse of Dimensionality: Local versus Non-Local Learning,"Y Bengio, N Le Roux",,,0,2005,NA,gVv57TyPmFsC,Yoshua Bengio,kukA0LcAAAAJ
IEEE Executive Staff,"MM POLYCARPOU, W DUCH, A ALESSANDRI, C ALIPPI, A ATIYA, ...",,,0,2005,NA,r_AWSJRzSzQC,Yoshua Bengio,kukA0LcAAAAJ
Dimensionality reduction and multiple-instance learning in medicinal chemistry.,"Y Bengio, PJ L'Heureux, J Carreau, SY Yue",ABSTRACTS OF PAPERS OF THE AMERICAN CHEMICAL SOCIETY,"227, U909-U909",0,2004,NA,F2UWTTQJPOcC,Yoshua Bengio,kukA0LcAAAAJ
Semi-supervised dimensionality reduction method for QSAR.,"PJ L'Heureux, Y Bengio, SY Yue",ABSTRACTS OF PAPERS OF THE AMERICAN CHEMICAL SOCIETY,"227, U1017-U1017",0,2004,NA,3bvyWxjaHKcC,Yoshua Bengio,kukA0LcAAAAJ
Repérage de mots informatifs dans les textes conversationnels,"N Boufaden, G Lapalme, Y Bengio",Traitement automatique des langues,"45 (3), 11-34",0,2004,NA,q3CdL3IzO_QC,Yoshua Bengio,kukA0LcAAAAJ
Forecasting Non-Stationary Volatility with Hyper-Parameters,"Y Bengio, C Dugas",CIRANO Working Papers,,0,2002,NA,5MTHONV0fEkC,Yoshua Bengio,kukA0LcAAAAJ
NIPS Committees,"W Masters, TG Dietterich, S Becker, UC Virginia de Sa, B Pearirnutter, ...",Advances in Neural Information Processing Systems: Proceedings of the,2001 …,0,2002,NA,P7PM_jyRRcwC,Yoshua Bengio,kukA0LcAAAAJ
On Out-of-Sample Statistics for Time-Series,"Y Bengio, F Gingras, C Nadeau",Centre interuniversitaire de recherche en analyse des organisations (CIRANO),,0,2002,NA,d4Uf0zfqV5IC,Yoshua Bengio,kukA0LcAAAAJ
Étude du biais dans le prix des options,"C Dugas, Y Bengio","CIRANO, Centre interuniversitaire de recherche en analyse des organisations",,0,2002,NA,mqcSLZKRP28C,Yoshua Bengio,kukA0LcAAAAJ
New Methods for Model Selection and Model Combination,"Y Bengio, D Schuurmans",Kluwer Academic Publishers,,0,2002,NA,Zbx7W2Xs4QsC,Yoshua Bengio,kukA0LcAAAAJ
Cost Functions and Model Combination for VaR-based Asset Allocation using Neural Networks,"Y Bengio, N Chapados",Centre interuniversitaire de recherche en analyse des organisations (CIRANO),,0,2002,NA,JqN3CTdJtl0C,Yoshua Bengio,kukA0LcAAAAJ
Valorisation d'options par optimisation du Sharpe Ratio,"O Bardou, Y Bengio, N Chapados, R Ducharme",Centre interuniversitaire de recherche en analyse des organisations (CIRANO),,0,2002,NA,cWzG1nlazyYC,Yoshua Bengio,kukA0LcAAAAJ
Multi-Task Learning For Option Pricing,"Y Bengio, J Ghosn",Centre interuniversitaire de recherche en analyse des organisations (CIRANO),,0,2002,NA,2VqYfGB8ITEC,Yoshua Bengio,kukA0LcAAAAJ
Approche d’extraction d’information pour les dialogues transcripts,"N Boufaden, G Lapalme, Y Bengio",Documents dans les systèmes d'information mobiles (Hammamet,20-23 octobre …,0,2002,NA,HtEfBTGE9r8C,Yoshua Bengio,kukA0LcAAAAJ
Input Decay: Simple and Effective Soft Variable Selection,"Y Bengio, N Chapados",Centre interuniversitaire de recherche en analyse des organisations (CIRANO),,0,2002,NA,PVjk1bu6vJQC,Yoshua Bengio,kukA0LcAAAAJ
Régularisation du prix des options: Stacking,"O Bardou, Y Bengio",Centre interuniversitaire de recherche en analyse des organisations (CIRANO),,0,2002,NA,Ug5p-4gJ2f0C,Yoshua Bengio,kukA0LcAAAAJ
PROBLEM DESCRIPTION AND METHODS FOR SOLUTION,"E Trentin, F Brugnara, Y Bengio, C Furlanello, R De Mori",Connectionist Approaches To Clinical Problems in Speech and Language …,,0,2001,NA,vYYylRVofzEC,Yoshua Bengio,kukA0LcAAAAJ
Extending Metric-Based Model Selection and Regularization in the Absence of Unlabeled Data,"Y Bengio, N Chapados",,,0,2001,NA,LhH-TYMQEocC,Yoshua Bengio,kukA0LcAAAAJ
High Quality Document Image Compression with DjVu,"P Simard, Y Bengio, Y LeCun, NJ Lincroft",,,0,1998,NA,_axFR9aDTf0C,Yoshua Bengio,kukA0LcAAAAJ
COLUMNS-ALGORITHM ALLEY,"S Pigeon, Y Bengio",Dr Dobb's Journal-Software Tools for the Professional Programmer,23 (10 …,0,1998,NA,tuHXwOkdijsC,Yoshua Bengio,kukA0LcAAAAJ
A Memory-Efficient Adaptive Huffman Coding Algorithm for Very Large Sets of Symbols Revisited,"S Pigeon, Y Bengio",,,0,1997,NA,lmc2jWPfTJgC,Yoshua Bengio,kukA0LcAAAAJ
EVALUATING LONG-TERM DEPENDENCY BENCHMARK PROBLEMS BY RANDOM GUESSING,"J urgen Schmidhuber, C Elvezia, S Hochreiter, Y Bengio",,,0,1997,NA,kz9GbA2Ns4gC,Yoshua Bengio,kukA0LcAAAAJ
subject: ZCoder: A Fast Adaptive Binary Arithmetic Coder Work Project No. 311615-6002,"Y Bengio, PG Howard",,,0,1997,NA,K4-iKlO5MD4C,Yoshua Bengio,kukA0LcAAAAJ
Speech and Image Processing Services Research Lab,"Y Le, Y Bengio","Acoustics, Speech and Signal Processing:","1997 IEEE International Conference, 151",0,1997,NA,EupYgYwc-6gC,Yoshua Bengio,kukA0LcAAAAJ
DRAFT DOCUMENT,"L Bottou, Y Bengio, Y Le Cun",,,0,1996,NA,dAp6zn-oMfAC,Yoshua Bengio,kukA0LcAAAAJ
Pen-based visitor registration system (PENGUIN),"N Matic, D Henderson, Y Le Cun, Y Bengio",Proceedings of,"1994 28th Asilomar Conference on Signals, Systems and …",0,1994,NA,b1wdh0AR-JQC,Yoshua Bengio,kukA0LcAAAAJ
Pen-based Visitor Registration System (PENGUIN),"NMD Henderson, Y Le Gun, Y Bengio",Conference Record of the Twenty-eighth Asilomar Conference on Signals …,,0,1994,NA,rMiSbtrAJs8C,Yoshua Bengio,kukA0LcAAAAJ
"MONTREAL, QUEBEC CANADA, H3A2A7","Y BENGIO, R CARDIN, P COSI, R DE MORI, E MERLO, F Ricerche","Neurocomputing: Algorithms, Architectures, and Applications","68, 207",0,1990,NA,c2LjitseEfMC,Yoshua Bengio,kukA0LcAAAAJ
"35122 PADOVA, ITALY","ER Mohr, T Pavlidis, A Sanfeliu, R DE MORI, Y BENGIO, C Piero, ...",Structural Pattern Analysis,"19, 37",0,1990,NA,zEYdoEEwLqEC,Yoshua Bengio,kukA0LcAAAAJ
Some Connectionist Models and Their Application to Automatic Speech Recognition,"Y Bengio, R De Mori","McGill University, School of Computer Science",,0,1990,NA,KbBQZpvPDL4C,Yoshua Bengio,kukA0LcAAAAJ
On the Generalization Power of Multi-layered Networks Used for Speech Coding,"P Cosi, Y Bengio, R De Mori","McGill University, School of Computer Science",,0,1988,NA,OR75R8vi5nAC,Yoshua Bengio,kukA0LcAAAAJ
BigDocs: An Open Dataset for Training Multimodal Models on Document and Code Tasks,"JA Rodriguez, X Jian, SS Panigrahi, T Zhang, A Feizi, A Puri, AK Suresh, ...",The Thirteenth International Conference on Learning Representations,,0,NA,NA,jvmYIE7jdYsC,Yoshua Bengio,kukA0LcAAAAJ
VCR: A Task for Pixel-Level Complex Reasoning in Vision Language Models via Restoring Occluded Text,"T Zhang, S Wang, L Li, G Zhang, P Taslakian, S Rajeswar, J Fu, B Liu, ...",The Thirteenth International Conference on Learning Representations,,0,NA,NA,8-xnCJp56iQC,Yoshua Bengio,kukA0LcAAAAJ
Low Compute Unlearning via Sparse Representations,"V Shah, F Träuble, A Malik, H Larochelle, MC Mozer, S Arora, Y Bengio, ...",,,0,NA,NA,T_m5ky3rny8C,Yoshua Bengio,kukA0LcAAAAJ
Towards Improving Exploration through Sibling Augmented GFlowNets,"K Madan, A Lamb, E Bengio, G Berseth, Y Bengio",The Thirteenth International Conference on Learning Representations,,0,NA,NA,UBnQDr5gPskC,Yoshua Bengio,kukA0LcAAAAJ
Towards a formal theory of compositionality,"E Elmoznino, T Jiralerspong, Y Bengio, G Lajoie",,,0,NA,NA,1QLOHW2CHAAC,Yoshua Bengio,kukA0LcAAAAJ
Maria-Florina Balcan,"A Banerjee, S Basu, M Belkin, Y Bengio, M Bilenko, A Blum",,,0,NA,NA,FKJBpZmfD-IC,Yoshua Bengio,kukA0LcAAAAJ
"Caelli, Terry, 249","P Abbeel, EH Adelson, A Ambroladze, Y Amit, RK Ando, J Arenas-Garcıa, ...",,,0,NA,NA,PBZ9sWDp-nEC,Yoshua Bengio,kukA0LcAAAAJ
Training Graphs of Learning Modules for Sequential Data,"N CHAPADOS, Y BENGIO",,,0,NA,NA,lvi_KyGYEDoC,Yoshua Bengio,kukA0LcAAAAJ
Hierarchical Multiscale Diffuser for Extendable Long-Horizon Planning,"C Chen, H Hamed, D Baek, Y Bengio, S Ahn",,,0,NA,NA,gmhHX4scLhsC,Yoshua Bengio,kukA0LcAAAAJ
ICLR 2025 Workshop on Tackling Climate Change with Machine Learning: Data-Centric Approaches in ML for Climate Action,"K Klemmer, M Chapman, L Xu, PK Ho, M Teng, P Emami, Y Bengio",ICLR,2025 Workshop Proposal,0,NA,NA,R6aXIXmdpM0C,Yoshua Bengio,kukA0LcAAAAJ
MAP: Model Merging with Amortized Pareto Front Using Limited Computation,"L Li, T Zhang, Z Bu, S Wang, H He, J Fu, Y Wu, J Bian, Y Chen, Y Bengio",International Workshop on Federated Foundation Models in Conjunction with …,,0,NA,NA,r_W8SUTUyowC,Yoshua Bengio,kukA0LcAAAAJ
Don’t do anything I’d never do? KL regularization to an imitative “base model” does not implement this,"MK Cohen, M Hutter, Y Bengio, S Russell",,,0,NA,NA,QaBZMoE9kVYC,Yoshua Bengio,kukA0LcAAAAJ
Estimating Expectations without Sampling: Neural Stein Estimation,"M Hasan, D Zhang, C Ahmed, A Khouna, Y Bengio",Sixth Symposium on Advances in Approximate Bayesian Inference-Non Archival Track,,0,NA,NA,8LfMcXwVQboC,Yoshua Bengio,kukA0LcAAAAJ
Deep Learning for AI How can neural networks learn the rich internal representations required for difficult tasks such as recognizing objects or understanding language?,"Y Bengio, Y LeCun, G Hinton",,,0,NA,NA,HiznBx5RP3QC,Yoshua Bengio,kukA0LcAAAAJ
Dumitru Erhan,"Y Bengio, PJ L’Heureux",,,0,NA,NA,x7X4uJ7IbpoC,Yoshua Bengio,kukA0LcAAAAJ
Depth-Guided Self-Supervised Learning: Seeing the World in 3D,"SK Aithal, A Goyal, A Lamb, Y Bengio, MC Mozer",,,0,NA,NA,wdLM4YbmhYkC,Yoshua Bengio,kukA0LcAAAAJ
Goal2FlowNet: Learning Diverse Policy Covers using GFlowNets for Goal-Conditioned RL,"K Madan, A Zhan, A Lamb, E Bengio, L Pan, G Berseth, Y Bengio",,,0,NA,NA,1TqUyixsFioC,Yoshua Bengio,kukA0LcAAAAJ
Datasheet for SatBird: A Dataset for Bird Distribution Modeling using Remote Sensing and Citizen Science data,"M TENG, A ELMUSTAFA, B AKERA, Y BENGIO, RA HAGER, ...",,,0,NA,NA,hTqO-V9ugBQC,Yoshua Bengio,kukA0LcAAAAJ
La Conciencia en la Inteligencia Artificial: Reflexiones desde la Ciencia de la Conciencia,"P Butlin, R Long, E Elmoznino, Y Bengio, J Birch, A Constant, G Deane, ...",,,0,NA,NA,7T_dCfhhGW4C,Yoshua Bengio,kukA0LcAAAAJ
Crystal-GFN: sampling materials with desirable properties and constraints,"A Hernández-García, A Volokhova, AAGM Duval, Y Bengio, D Sharma, ...",AI for Accelerated Materials Design-NeurIPS,2023 Worksho,0,NA,NA,r4zddjZt6C4C,Yoshua Bengio,kukA0LcAAAAJ
Stochastic Generative Flow Networks (Supplementary material),"L Pan, D Zhang, M Jain, L Huang, Y Bengio",,,0,NA,NA,q2HS4OCVtYIC,Yoshua Bengio,kukA0LcAAAAJ
Supplementary Material: Attacking the saddle point problem in high-dimensional non-convex optimization,"YN Dauphin, R Pascanu, C Gulcehre, K Cho, S Ganguli, Y Bengio",,,0,NA,NA,Oi-j_DTgP3cC,Yoshua Bengio,kukA0LcAAAAJ
Supplementary Material: On the Number of Linear Regions of Deep Neural Networks,"G Montúfar, R Pascanu, K Cho, Y Bengio",,,0,NA,NA,p9YawgimX9oC,Yoshua Bengio,kukA0LcAAAAJ
OCIM: Object-centric Compositional Imagination for Visual Abstract Reasoning,"R Assouel, P Rodriguez, P Taslakian, D Vazquez, Y Bengio",,,0,NA,NA,dhZ1Wuf5EGsC,Yoshua Bengio,kukA0LcAAAAJ
E-Forcing: Improving Autoregressive Models by Treating it as an Energy-Based One,"Y Wang, T Che, B Li, K Song, H Pei, Y Bengio, D Li",,,0,NA,NA,QNfnWKgKwv8C,Yoshua Bengio,kukA0LcAAAAJ
Unsupervised and Transfer Learning under Uncertainty,"G Mesnil, S Rifai, A Bordes, X Glorot, Y Bengio, P Vincent",,,0,NA,NA,ysWPWRY3VgcC,Yoshua Bengio,kukA0LcAAAAJ
An Analysis of Information Bottlenecks,"K Kawaguchi, X Ji, J Huang, Y Bengio",,,0,NA,NA,SEmTV4UfSqwC,Yoshua Bengio,kukA0LcAAAAJ
Beyond the injective assumption in causal representation learning,"J Hartford, K Ahuja, Y Bengio, D Sridhar",,,0,NA,NA,YDt8mvgFZ2cC,Yoshua Bengio,kukA0LcAAAAJ
A General-Purpose Neural Architecture for Geospatial Systems,"M Weiss, N Rahaman, F Träuble, F Locatello, A Lacoste, Y Bengio, ...",,,0,NA,NA,XdYaqolBBq8C,Yoshua Bengio,kukA0LcAAAAJ
And the Turing Award goes to…,"Y Bengio, G Hinton",,,0,NA,NA,wyoMR1qFDH8C,Yoshua Bengio,kukA0LcAAAAJ
Divide and Explore: Multi-Agent Separate Exploration with Shared Intrinsic Motivations,"X Jing, Z Zhu, H Li, X Pei, Y Bengio, T Che, H Song",,,0,NA,NA,Xxrp-jDxsD4C,Yoshua Bengio,kukA0LcAAAAJ
Learning Long-term Dependencies Using Cognitive Inductive Biases in Self-attention RNNs,"G Kerg, B Kanuparthi, A Goyal, K Goyette, Y Bengio, G Lajoie",,,0,NA,NA,YIdQ7BAI8VoC,Yoshua Bengio,kukA0LcAAAAJ
"Supplementary Material for"" Binarized Neural Networks","I Hubara, M Courbariaux, D Soudry, R El-Yaniv, Y Bengio",,,0,NA,NA,-XtG2q47PdUC,Yoshua Bengio,kukA0LcAAAAJ
Scaling EqProp to Deep ConvNets by reducing its gradient estimator bias,"A Laborieux, M Ernoult, B Scellier, Y Bengio, J Grollier, D Querlioz",,,0,NA,NA,6MVT8mER-OMC,Yoshua Bengio,kukA0LcAAAAJ
Meta Attention Networks: Meta Learning Attention To Modulate Information Between Sparsely Interacting Recurrent Modules,"K Madan, RN Ke, A Goyal, Y Bengio",,,0,NA,NA,LYDvBi7O6RsC,Yoshua Bengio,kukA0LcAAAAJ
Dependency Structure Discovery from Interventions,"NR Ke, O Bilaniuk, A Goyal, S Bauer, B Schölkopf, MC Mozer, ...",,,0,NA,NA,SC9kKMAi-DoC,Yoshua Bengio,kukA0LcAAAAJ
Conditional Networks,"A Ortiz, K Sankaran, O Fuentes, C Kiekintveld, P Vincent, Y Bengio, ...",,,0,NA,NA,Jxw8hHINxX0C,Yoshua Bengio,kukA0LcAAAAJ
Neural Bayes: A Generic Parameterization Method for Unsupervised Learning,"D Arpit, H Wang, C Xiong, Y Bengio",,,0,NA,NA,5-bGDoUgDrYC,Yoshua Bengio,kukA0LcAAAAJ
programador clic,"T Che, Y Li, AP Jacob, Y Bengio, W Li",,,0,NA,NA,GUJN1xMjMHAC,Yoshua Bengio,kukA0LcAAAAJ
SUPPLEMENTARY MATERIAL-LEARNING TO NAVIGATE THE SYNTHETICALLY ACCESSIBLE CHEMICAL SPACE USING REINFORCEMENT LEARNING,"SK Gottipati, B Sattarov, S Niu10, Y Pathak, H Wei, S Liu, KJ Thomas, ...",,,0,NA,NA,Lpa4s8qvUTIC,Yoshua Bengio,kukA0LcAAAAJ
"Adler, T., et al.:“Uncertainty-aware performance assessment of optical imaging modalities with invertible neural networks”, Intl. J. Computer Assisted Radiology and Surgery 14 …",Y Bengio,,,0,NA,NA,EcS_2O1c4Q0C,Yoshua Bengio,kukA0LcAAAAJ
{COMPANYNAME} 11K: An Unsupervised Representation Learning Dataset for Arrhythmia Subtype Discovery,"S Tan, G Androz, A Chamseddine, P Fecteau, A Courville, Y Bengio, ...",,,0,NA,NA,qt-6tCTBDsQC,Yoshua Bengio,kukA0LcAAAAJ
On summarized validation curves and generalization,"M Hashir, Y Bengio, JP Cohen",,,0,NA,NA,CB6W3GmKGOEC,Yoshua Bengio,kukA0LcAAAAJ
SPECTRA: Sparse Entity-centric Transitions,"R Assouel, Y Bengio",,,0,NA,NA,yeKNu01O_4gC,Yoshua Bengio,kukA0LcAAAAJ
"几小时前, 美国计算机学会将 2018 年度图灵奖授予 “深度学习三巨头”!",Y Bengio,,,0,NA,NA,bFuYayV9R1gC,Yoshua Bengio,kukA0LcAAAAJ
A Hybrid Generative Model Approach to Visualize Climate Change,"G Cosne, S Luccioni, V Schmidt, S Bansal, Y Bengio",,,0,NA,NA,bxPAEoiBajcC,Yoshua Bengio,kukA0LcAAAAJ
Apprendre à partir de nombreux exemples,Y Bengio,,,0,NA,NA,mS4qin7VKjkC,Yoshua Bengio,kukA0LcAAAAJ
Sparse Attentive Backtracking: Towards Efficient Credit Assignment In Recurrent Networks,"NR Ke, A Lamb, A Goyal, C Pal, Y Bengio",,,0,NA,NA,vkz5F8TaVKkC,Yoshua Bengio,kukA0LcAAAAJ
Multi-Class Few Shot Learning Task and Controllable Environment,"D Serdyuk, N Rostamzadeh, PO Pinheiro, B Oreshkin, Y Bengio",,,0,NA,NA,AubyX3KqGToC,Yoshua Bengio,kukA0LcAAAAJ
Academic Positions,Y Bengio,,,0,NA,NA,qhW0HyKmSusC,Yoshua Bengio,kukA0LcAAAAJ
Dr. Yoshua Bengio,Y Bengio,,,0,NA,NA,_n8fIOMweQoC,Yoshua Bengio,kukA0LcAAAAJ
Learning powerful policies and better dynamics models by encouraging consistency,"S Sodhani, A Goyal, T Deleu, Y Bengio, J Tang",,,0,NA,NA,Mx5hWS9ctUkC,Yoshua Bengio,kukA0LcAAAAJ
Learning of Sophisticated Curriculums by viewing them as Graphs over Tasks,"L Willems, Y Bengio",,,0,NA,NA,oXKBmVzQOggC,Yoshua Bengio,kukA0LcAAAAJ
Learning Latent Multiscale Structure Using Recurrent Neural Networks,"J Chung, S Ahn, Y Bengio",,,0,NA,NA,s2G-WRnXBicC,Yoshua Bengio,kukA0LcAAAAJ
SPECIAL ISSUE ON DRAWING AND HANDWRITING PROCESSING FOR USER-CENTERED SYSTEMS,"G Pirlo, R Plamondon, E Anquetil, A Garz, M Seuret, A Fischer, R Ingold, ...",,,0,NA,NA,rpSJNIKeXWsC,Yoshua Bengio,kukA0LcAAAAJ
Graph Priors for Deep Neural Networks,"F Dutil, JP Cohen, M Weiss, G Derevyanko, Y Bengio",,,0,NA,NA,1xBWf43XMUgC,Yoshua Bengio,kukA0LcAAAAJ
An EM Approach to Grammatical Inference: Input/Output HIMMs,Y Bengio,,,0,NA,NA,5LPo_wSKItgC,Yoshua Bengio,kukA0LcAAAAJ
18 Large-Scale Algorithms,"O Delalleau, Y Bengio, N Le Roux",,,0,NA,NA,WIXB4To3Tx4C,Yoshua Bengio,kukA0LcAAAAJ
Sharp Minima Can Generalize For Deep Nets Supplementary Material,"L Dinh, R Pascanu, S Bengio, Y Bengio",,,0,NA,NA,zzCxg_vo7cAC,Yoshua Bengio,kukA0LcAAAAJ
"Averbuch, A 2583 Azadegin, F 2237 Azimi-Sadjadi, MR 1037, 1381 Baaziz, N 1965 Backman, J 1173","A Acero, JP Adoul, L Agi, M Akamine, A Aktas, M Alder, S Alexandres, ...",,,0,NA,NA,bXQfdp6S9ecC,Yoshua Bengio,kukA0LcAAAAJ
T-NN NOV 94 982-988,"Y Baram, Y Bengio",,,0,NA,NA,uAPFzskPt0AC,Yoshua Bengio,kukA0LcAAAAJ
Supplementary Material for Deconstructing the Ladder Network Architecture,"M Pezeshki, U CA, L Fan, C EDU, P Brakel, COMA Courville, Y Bengio",,,0,NA,NA,U0iAMwwPxtsC,Yoshua Bengio,kukA0LcAAAAJ
"Show, Attend and Tell: Neural Image Caption Generation with Visual Attention (Supplementary Material)","K Xu, U CA, JL Ba, U CA, R Kiros, T EDU, K Cho, A Courville, ...",,,0,NA,NA,H7nrzBkawXsC,Yoshua Bengio,kukA0LcAAAAJ
DECONSTRUCTING THE LADDER NETWORK ARCHI,"M Pezeshki, L Fan, P Brakel, A Courville, Y Bengio",,,0,NA,NA,7H_jS4BsgvYC,Yoshua Bengio,kukA0LcAAAAJ
Target Propagation,"S Zhang, Y Bengio",,,0,NA,NA,7Frjd3zlGBUC,Yoshua Bengio,kukA0LcAAAAJ
Наука о представлении данных–обзор и новые перспективы (Representation Learning: A Review and New Perspectives),"Y Bengio, A Courville, P Vincent",,,0,NA,NA,oTdOBqtIf_kC,Yoshua Bengio,kukA0LcAAAAJ
2013 Index IEEE Transactions on Pattern Analysis and Machine Intelligence Vol. 35,"C Alberola-Lopez, O Aldrian, A Alonso-Betanzos, M Alterman, MA Alvarez, ...",,,0,NA,NA,UuEBAcK4md4C,Yoshua Bengio,kukA0LcAAAAJ
Deep Learning of Representations: a AAAI 2013 Tutorial,Y Bengio,,,0,NA,NA,SGW5VrABaM0C,Yoshua Bengio,kukA0LcAAAAJ
"Acernese, F., A. Ciaramella, S. De Martino, R. De Rosa, M. Falanga, and R. Tagliaferri. Neural networks for blind-source separation of Stromboli explosion quakes; T-NN Jan 03 …","AC Tsoi, K Aihara, S Akimoto, IK Altinel, S Amari, A Ambash, Y Amemiya, ...",,,0,NA,NA,WAzi4Gm8nLoC,Yoshua Bengio,kukA0LcAAAAJ
"Samy Bengio France Telecom CNET LAB/RIO/TNT 22307 Lannion Cedex, FRANCE Yoshua Bengio, Jocelyn Cloutier",Y Bengio,,,0,NA,NA,-jrNzM816MMC,Yoshua Bengio,kukA0LcAAAAJ
Curse of Dimensionality and Neural Probabilistic Models of Language,Y Bengio,,,0,NA,NA,WC9gN4BGCRcC,Yoshua Bengio,kukA0LcAAAAJ
Image classification with complex cell neural networks,"J Bergstra, Y Bengio, P Lamblin, G Desjardins, J Louradour",,,0,NA,NA,48xauSegjOkC,Yoshua Bengio,kukA0LcAAAAJ
A Common GPU n-Dimensional Array for Python and C,"P Vincent, Y Bengio",,,0,NA,NA,uDGL6kOW6j0C,Yoshua Bengio,kukA0LcAAAAJ
On Tracking The Partition Function: Supplemental Material,"G Desjardins, A Courville, Y Bengio",,,0,NA,NA,BJbdYPG6LGMC,Yoshua Bengio,kukA0LcAAAAJ
Département d’Informatique et de Recherche opérationelle (DIRO),"S Pigeon, Y Bengio",,,0,NA,NA,tH6gc1N1XXoC,Yoshua Bengio,kukA0LcAAAAJ
Robust Regression Under Asymmetric Heavy-Tail Error Distribution and Its Application to Insurance Premium Estimation,"I Takeuchi, Y Bengio, T Kanamori",,,0,NA,NA,Aul-kAQHnToC,Yoshua Bengio,kukA0LcAAAAJ
"Gradient-Based Learning for Object Detection, Segmentation and Recognition",Y Bengio,,,0,NA,NA,GFxP56DSvIMC,Yoshua Bengio,kukA0LcAAAAJ
A Parallel Mixture of SVMs for Very Large,"R Collobert, S Bengio, Y Bengio",,,0,NA,NA,HeT0ZceujKMC,Yoshua Bengio,kukA0LcAAAAJ
"Implantation et analyse d’un modèle graphique à entraînement supervisé, semi-supervisé et non-supervisé pour la désambiguïsation sémantique","Y Bengio, H Larochelle",,,0,NA,NA,3htObqc8RwsC,Yoshua Bengio,kukA0LcAAAAJ
Browsing through High Quality Document Images with DjVu,"P Simard, Y Bengio, Y Le Cun",,,0,NA,NA,DJbcl8HfkQkC,Yoshua Bengio,kukA0LcAAAAJ
Convergence Properties of the K-Means Algorithms,"L eon Bottou, Y Bengio",,,0,NA,NA,HIFyuExEbWQC,Yoshua Bengio,kukA0LcAAAAJ
Deep Woods,"Y Bengio, J Turian, H Larochelle",,,0,NA,NA,OTTXONDVkokC,Yoshua Bengio,kukA0LcAAAAJ
MIREX TAGGING CONTEST: A NN-LIKE APPROACH (DRAFT),"T Bertin-Mahieux, Y Bengio, D Eck",,,0,NA,NA,WJVC3Jt7v1AC,Yoshua Bengio,kukA0LcAAAAJ
Handling Asynchronous or Missing Data with Recurrent Networks,"F cois Gingras, Y Bengio",,,0,NA,NA,_5tno0g5mFcC,Yoshua Bengio,kukA0LcAAAAJ
AU THOR IN DEX,"DM Abakumov, J Abbate, E Abbott, DK Abe, K Abed-Meraim, ...",,,0,NA,NA,XvxMoLDsR5gC,Yoshua Bengio,kukA0LcAAAAJ
Acoustic Space Sampling and the Grand Piano in a,"B Leonard, G Sikora, M De Francisco, D Eck, A Courville, D Eck, Y Bengio, ...",,"129th Audio Engineering Society (AES) Convention 37, 115-13",0,NA,NA,0izLItjtcgwC,Yoshua Bengio,kukA0LcAAAAJ
MIREX TAGGING CONTEST: A BOOSTING APPROACH,"T Bertin-Mahieux, D Eck, Y Bengio, P Lamere",,,0,NA,NA,anf4URPfarAC,Yoshua Bengio,kukA0LcAAAAJ
Image Classification using Higher-Order Neural Models,"J Bergstra, Y Bengio, J Louradour",,,0,NA,NA,8d8msizDQcsC,Yoshua Bengio,kukA0LcAAAAJ
Liste des tableaux Liste des figures,"M Corio, Y Bengio, G Lapalme, E Aïmeur",,,0,NA,NA,9pM33mqn1YgC,Yoshua Bengio,kukA0LcAAAAJ
Sparse Covariance Coding,"A Courville, D Erhan, P Vincent, Y Bengio",,,0,NA,NA,4fGpz3EwCPoC,Yoshua Bengio,kukA0LcAAAAJ
"THE INSTITUTE OF ELECTRICAL AND ELECTRONICS ENGINEERS, INC.","MM POLYCARPOU, A ROY, W DUCH, D MILLER, A ATIYA, ...",,,0,NA,NA,Ri6SYOTghG4C,Yoshua Bengio,kukA0LcAAAAJ
Graph-Based Semi-Supervised Learning,"O Delalleau, Y Bengio, N Le Roux",,,0,NA,NA,rmuvC79q63oC,Yoshua Bengio,kukA0LcAAAAJ
MIREX TAGGING CONTEST: A DEEP NEURAL NET APPROACH (DRAFT),"T Bertin-Mahieux, Y Bengio, D Eck",,,0,NA,NA,86PQX7AUzd4C,Yoshua Bengio,kukA0LcAAAAJ
Boosting Neural Networks paper No 1806,"H Schwenk, Y Bengio",,,0,NA,NA,FPJr55Dyh1AC,Yoshua Bengio,kukA0LcAAAAJ
"SUBMITTED TO PROCEEDINGS OF THE IEEE, 1998","Y LeCun, L Bottou, Y Bengio, P Haffner",,,0,NA,NA,Dip1O2bNi0gC,Yoshua Bengio,kukA0LcAAAAJ
Denoising Autoencoders for learning Deep Networks,"P Vincent, H Larochelle, Y Bengio, PA Manzagol",,,0,NA,NA,i2xiXl-TujoC,Yoshua Bengio,kukA0LcAAAAJ
"1: LISA, D epartement d'Informatique et de Recherche Operationnelle, Universit e de Montr eal CP 6128 Succ. Centre-Ville, Montr eal Qu ebec, H3C 3J7, Canada 2: PHYSNUM, Centre …","Y Bengio, F cois Gingras, B Goulard, JM Lina, K Scott",,,0,NA,NA,k8Z6L05lTy4C,Yoshua Bengio,kukA0LcAAAAJ
Reassuring and Troubling Views on Graph-Based Semi-Supervised Learning,"Y Bengio, O Delalleau, N Le Roux",,,0,NA,NA,kuK5TVdYjLIC,Yoshua Bengio,kukA0LcAAAAJ
Orbit Learning using Convex Optimization,"T Jebara, Y Bengio",,,0,NA,NA,hMsQuOkrut0C,Yoshua Bengio,kukA0LcAAAAJ
"AT&T Labs, 101 Crawfords Corner Road, Holmdel, NJ 07733, USA yann@ research. att. com","Y Le Cun, L eon Bottou, Y Bengio",,,0,NA,NA,vbGhcppDl1QC,Yoshua Bengio,kukA0LcAAAAJ
Generalization to a zero-data task: an empirical study,"H Larochelle, D Erhan, Y Bengio",,,0,NA,NA,BwyfMAYsbu0C,Yoshua Bengio,kukA0LcAAAAJ
The AI Health Revolution: Personalizing Care Through Intelligent Case-Based Reasoning,"G Hinton, Y LeCun",,,0,2025,NA,Uo5fLKClJkAC,Geoffrey Hinton,JicYPdAAAAAJ
Systems and methods for contrastive learning of visual representations,"T Chen, S Komblith, M Norouzi, GE Hinton, KJ Swersky",US Patent,"12,254,413",0,2025,NA,-rwTIRUNLawC,Geoffrey Hinton,JicYPdAAAAAJ
Systems and Methods for Contrastive Learning of Visual Representations,"T Chen, S Komblith, M Norouzi, GE Hinton, KJ Swersky",US Patent App.,"18/960,623",0,2025,NA,twffdjNOitAC,Geoffrey Hinton,JicYPdAAAAAJ
Sequence modeling using imputation,"W Chan, C Saharia, GE Hinton, M Norouzi, N Jaitly",US Patent,"12,242,818",0,2025,NA,LZ55yeyZZb4C,Geoffrey Hinton,JicYPdAAAAAJ
GENERATING DISCRETE DATA USING DIFFUSION NEURAL NETWORKS,"T Chen, R Zhang, GE Hinton",US Patent App.,"18/366,638",0,2025,NA,Huv_iBJ06lEC,Geoffrey Hinton,JicYPdAAAAAJ
System and method for parallelizing convolutional neural networks,"A Krizhevsky, I Sutskever, GE Hinton",US Patent App.,"18/438,368",0,2024,NA,UO6ax3c-pNsC,Geoffrey Hinton,JicYPdAAAAAJ
Object discovery in images through categorizing object parts,"AR Kosiorek, GE Hinton, SSR Aghdam, YW Teh",US Patent,"12,067,758",0,2024,NA,AOwgc6nnr1EC,Geoffrey Hinton,JicYPdAAAAAJ
Convex representation of objects using neural network,"B Deng, K Genova, S Yazdani, S Bouaziz, GE Hinton, A Tagliasacchi",US Patent,"11,978,268",0,2024,NA,MaiMEk8tZqMC,Geoffrey Hinton,JicYPdAAAAAJ
Training distilled machine learning models,"O Vinyals, JA Dean, GE Hinton",US Patent App.,"18/399,358",0,2024,NA,b9WrW9Envh0C,Geoffrey Hinton,JicYPdAAAAAJ
The Real-Time Decision Making in RPA: The Role of Predictive and Prescriptive AI,"G Hinton, Y LeCun",,,0,2024,NA,ziW8EwMpto0C,Geoffrey Hinton,JicYPdAAAAAJ
Neural network training using the soft nearest neighbor loss,"GE Hinton, NMW Frosst, NGR Papernot",US Patent,"11,941,867",0,2024,NA,-0tLmPFCw2kC,Geoffrey Hinton,JicYPdAAAAAJ
Will digital intelligence replace biological intelligence,G Hinton,"Romanes Lecture, Oxford, UK",19,12,2024,5043229857001891046,nOKOSwxqtg8C,Geoffrey Hinton,JicYPdAAAAAJ
System and method for addressing overfitting in a neural network,"GE Hinton, A Krizhevsky, I Sutskever, N Srivastava",US Patent,"11,829,882",0,2023,NA,WsFh9Szeq2wC,Geoffrey Hinton,JicYPdAAAAAJ
Capsule neural networks,"GE Hinton, NMW Frosst, SSR Aghdam",US Patent,"11,694,060",0,2023,NA,4p3FJGzxjgAC,Geoffrey Hinton,JicYPdAAAAAJ
Robust and data-efficient generalization of self-supervised machine learning for diagnostic imaging,"S Azizi, L Culp, J Freyberg, B Mustafa, S Baur, S Kornblith, T Chen, ...",Nature Biomedical Engineering,"7 (6), 756-779",184,2023,6997982099915579786,aJ-3-MYELVsC,Geoffrey Hinton,JicYPdAAAAAJ
How to represent part-whole hierarchies in a neural network,G Hinton,Neural Computation,"35 (3), 413-452",249,2023,9349129240390268564,OkrdTXRNpVkC,Geoffrey Hinton,JicYPdAAAAAJ
A simple framework for contrastive learning of visual representations. arXiv 2020,"T Chen, S Kornblith, M Norouzi, G Hinton",arXiv preprint arXiv:,:2002.05709,197,2023,"14703166768143728742,4168527771332245394",Sg-YnEhjH50C,Geoffrey Hinton,JicYPdAAAAAJ
A generalist framework for panoptic segmentation of images and videos,"T Chen, L Li, S Saxena, G Hinton, DJ Fleet",Proceedings of the IEEE/CVF international conference on computer vision,909-919,123,2023,8572382640931216424,yRRszJvrVdAC,Geoffrey Hinton,JicYPdAAAAAJ
ImageNet classification with deep convolutional neural networks (AlexNet) ImageNet classification with deep convolutional neural networks (AlexNet),"A Krizhevsky, I Sutskever, G Hinton",Actorsfit. Com,,5,2023,3775433902194277257,EmjvLWWcsQIC,Geoffrey Hinton,JicYPdAAAAAJ
The forward-forward algorithm: Some preliminary investigations,G Hinton,arXiv preprint arXiv:,":2212.13345 2 (3), 5",363,2022,14798852091887734587,2hlgnPHlchoC,Geoffrey Hinton,JicYPdAAAAAJ
A unified sequence interface for vision tasks,"T Chen, S Saxena, L Li, TY Lin, DJ Fleet, GE Hinton",Advances in Neural Information Processing Systems,"35, 31333-31346",155,2022,14680303082655356082,0dtNEdnCFDAC,Geoffrey Hinton,JicYPdAAAAAJ
Meta-learning fast weight language models,"K Clark, K Guu, MW Chang, P Pasupat, G Hinton, M Norouzi",arXiv preprint arXiv:,:2212.02475,12,2022,4610525434083018307,yqZeyBDMhiUC,Geoffrey Hinton,JicYPdAAAAAJ
Testing GLOM's ability to infer wholes from ambiguous parts,"L Culp, S Sabour, GE Hinton",arXiv preprint arXiv:,:2211.16564,5,2022,3863545805525823980,6_6x9JMR98MC,Geoffrey Hinton,JicYPdAAAAAJ
Gaussian-bernoulli rbms without tears,"R Liao, S Kornblith, M Ren, DJ Fleet, G Hinton",arXiv preprint arXiv:,:2210.10318,23,2022,393040939072800424,-Z8x4v2cOtkC,Geoffrey Hinton,JicYPdAAAAAJ
Scaling forward gradient with local losses,"M Ren, S Kornblith, R Liao, G Hinton",arXiv preprint arXiv:,:2210.03310,60,2022,10071267733783487147,8EvVLpklxGMC,Geoffrey Hinton,JicYPdAAAAAJ
Analog bits: Generating discrete data using diffusion models with self-conditioning,"T Chen, R Zhang, G Hinton",arXiv preprint arXiv:,:2208.04202,303,2022,13397791710550724105,ExBYd_ZNEOYC,Geoffrey Hinton,JicYPdAAAAAJ
Robust and efficient medical imaging with self-supervision,"S Azizi, L Culp, J Freyberg, B Mustafa, S Baur, S Kornblith, T Chen, ...",arXiv preprint arXiv:,:2205.09723,82,2022,14186105516899068468,H0nRGT7Dr7IC,Geoffrey Hinton,JicYPdAAAAAJ
The CIFAR-10 dataset,"K Alex, N Vinod, H Geoffrey",,2009-04-08)[2020-08-30]. http://www. cs. toronto. edu/~ kriz/cifar. html,33,2022,3324446087364942066,USX2HHcnDqcC,Geoffrey Hinton,JicYPdAAAAAJ
Canonical capsules: Self-supervised capsules in canonical pose,"W Sun, A Tagliasacchi, B Deng, S Sabour, S Yazdani, GE Hinton, KM Yi",Advances in Neural information processing systems,"34, 24993-25005",95,2021,8210427563278866334,f13iAvnbnnYC,Geoffrey Hinton,JicYPdAAAAAJ
Neural additive models: Interpretable machine learning with neural nets,"R Agarwal, L Melnick, N Frosst, X Zhang, B Lengerich, R Caruana, ...",Advances in neural information processing systems,"34, 4699-4711",586,2021,14127065231811177587,MSzX15-gZgkC,Geoffrey Hinton,JicYPdAAAAAJ
Pix2seq: A language modeling framework for object detection,"T Chen, S Saxena, L Li, DJ Fleet, G Hinton",arXiv preprint arXiv:,:2109.10852,400,2021,17102558257176551695,6YFk0eKgftsC,Geoffrey Hinton,JicYPdAAAAAJ
Unsupervised part representation by flow capsules,"S Sabour, A Tagliasacchi, S Yazdani, G Hinton, DJ Fleet",International Conference on Machine Learning,9213-9223,48,2021,14892811339910406288,RZBefGmQYygC,Geoffrey Hinton,JicYPdAAAAAJ
Processing text using neural networks,"JR Kiros, W Chan, GE Hinton",US Patent,"11,003,856",13,2021,8461037466924027136,oE_QS-WwsdAC,Geoffrey Hinton,JicYPdAAAAAJ
Cifar-10 (canadian institute for advanced research),"K Alex, N Vinod, H Geoffrey",URL http://www. cs. toronto. edu/~ kriz/cifar. html.[Google Scholar],,7,2021,14926313376507953505,Oc-rVwKPngoC,Geoffrey Hinton,JicYPdAAAAAJ
Neural Additive Models: Interpretable Machine Learning with Neural Networks,"R Agarwal, L Melnick, N Frosst, B Lengerich, X Zhang, R Caruana, ...",,,0,2021,NA,m03se8k-GH0C,Geoffrey Hinton,JicYPdAAAAAJ
Imputer: Sequence modelling via imputation and dynamic programming,"W Chan, C Saharia, G Hinton, M Norouzi, N Jaitly",International Conference on Machine Learning,1403-1413,134,2020,8040236294772363560,-w1eE4La9_EC,Geoffrey Hinton,JicYPdAAAAAJ
A simple framework for contrastive learning of visual representations,"T Chen, S Kornblith, M Norouzi, G Hinton",International conference on machine learning,1597-1607,23553,2020,13219652991368821610,G7txJ4jiatkC,Geoffrey Hinton,JicYPdAAAAAJ
Teaching with commentaries,"A Raghu, M Raghu, S Kornblith, D Duvenaud, G Hinton",arXiv preprint arXiv:,:2011.03037,31,2020,12512263277235607257,v7SMsomtfXcC,Geoffrey Hinton,JicYPdAAAAAJ
The next generation of neural networks,G Hinton,Proceedings of the,43rd International ACM SIGIR Conference on Research and …,9,2020,11092877184454685382,h168fVGZblEC,Geoffrey Hinton,JicYPdAAAAAJ
Backpropagation and the brain,"TP Lillicrap, A Santoro, L Marris, CJ Akerman, G Hinton",Nature Reviews Neuroscience,"21 (6), 335-346",1086,2020,12788341151196311554,O0MA3yP7Y3UC,Geoffrey Hinton,JicYPdAAAAAJ
Recurrent neural networks with rectified linear units,"QV Le, GE Hinton, N Jaitly",US Patent,"10,635,972",3,2020,11489253751526563225,lOG7zRu2uA8C,Geoffrey Hinton,JicYPdAAAAAJ
Deflecting adversarial attacks,"Y Qin, N Frosst, C Raffel, G Cottrell, G Hinton",arXiv preprint arXiv:,:2002.07405,24,2020,8519459590625216225,TY5xIG7f_2sC,Geoffrey Hinton,JicYPdAAAAAJ
Subclass distillation,"R Müller, S Kornblith, G Hinton",arXiv preprint arXiv:,:2002.03936,50,2020,17743216185517808865,beqBT5984LEC,Geoffrey Hinton,JicYPdAAAAAJ
A simple framework for contrastive learning of visual representations. In: International conference on machine learning. PMLR,"T Chen, S Kornblith, M Norouzi, G Hinton",,,5,2020,17967850232799928628,PbVfkCSoiPoC,Geoffrey Hinton,JicYPdAAAAAJ
ICML,"T Chen, S Kornblith, M Norouzi, G Hinton",ICML,,6,2020,16811500392700722651,njp6nI0QjqAC,Geoffrey Hinton,JicYPdAAAAAJ
A simple framework for contrastive learning of visual,"T Chen, S Kornblith, M Norouzi, G Hinton",,,16,2020,15131513549921410636,hEp1lTclR2YC,Geoffrey Hinton,JicYPdAAAAAJ
A Simple Framework for Contrastive Learning of Visual Representations. arXiv [cs. LG],"T Chen, S Kornblith, M Norouzi, G Hinton",February,,7,2020,18230898475865536524,6TexfgwXQfYC,Geoffrey Hinton,JicYPdAAAAAJ
Nasa: Neural articulated shape approximation,"T Jeruzalski, B Deng, M Norouzi, JP Lewis, G Hinton, A Tagliasacchi",Proc. of the European Conf. on Computer Vision (ECCV),3,16,2020,11098860057281202678,D_25heFg6JwC,Geoffrey Hinton,JicYPdAAAAAJ
A simple framework for contrastive learning of visual representations. ICML,"T Chen, S Kornblith, M Norouzi, G Hinton",arXiv preprint arXiv:,:2002.05709,11,2020,7366566018828506986,LpHykl0McycC,Geoffrey Hinton,JicYPdAAAAAJ
Scaling RBMs to High Dimensional Data with Invertible Neural Networks,"W Grathwohl, X Li, K Swersky, M Hashemi, JH Jacobsen, M Norouzi, ...","ICML Workshop on Invertible Neural Networks, Normalizing Flows, and Explicit …",,1,2020,8296983193408994728,QndmRo8phpgC,Geoffrey Hinton,JicYPdAAAAAJ
Rmsprop gradient optimization (2014),"T Tieleman, G Hinton",URL http://www. cs. toronto. edu/~ tijmen/csc,c321/slides/lecture_slides_lec6. pdf,6,2020,2841734105268223896,uqZYSrDi9MMC,Geoffrey Hinton,JicYPdAAAAAJ
The CIFAR-10 dataset (2014),"A Krizhevsky, V Nair, G Hinton",Online: http://www. cs. toronto. edu/kriz/cifar. html,55,93,2020,10149838758828836963,kcGNQN_anIUC,Geoffrey Hinton,JicYPdAAAAAJ
Big self-supervised models are strong semi-supervised learners,"T Chen, S Kornblith, K Swersky, M Norouzi, GE Hinton",Advances in neural information processing systems,"33, 22243-22255",2749,2020,18105628451996555050,pwA0zy_liR0C,Geoffrey Hinton,JicYPdAAAAAJ
Nasa neural articulated shape approximation,"B Deng, JP Lewis, T Jeruzalski, G Pons-Moll, G Hinton, M Norouzi, ...",Computer Vision–ECCV,"2020: 16th European Conference, Glasgow, UK, August 23 …",257,2020,11769893792660996926,VBDT71xRUdcC,Geoffrey Hinton,JicYPdAAAAAJ
Cvxnet: Learnable convex decomposition,"B Deng, K Genova, S Yazdani, S Bouaziz, G Hinton, A Tagliasacchi",Proceedings of the IEEE/CVF conference on computer vision and pattern …,,291,2020,304153207401152387,WTQy_8Ay2UsC,Geoffrey Hinton,JicYPdAAAAAJ
When does label smoothing help,"M Rafael, K Simon, H Geoffrey",Advances in neural information processing systems,32,36,2019,7863058151093250541,5AlGpL-oHpAC,Geoffrey Hinton,JicYPdAAAAAJ
Prediction of postoperative length of hospital stay based on differences in nursing narratives in elderly patients with epithelial ovarian cancer,"K Kim, Y Han, S Jeong, K Doh, HA Park, K Lee, M Cho, S Ahn",Methods of Information in Medicine,"58 (06), 222-228",11,2019,9230347454640427697,WMj-6b1RDO4C,Geoffrey Hinton,JicYPdAAAAAJ
From Photographic Image to Computer Vision,"SA Krizhevsky, I Sutskever, GE Hinton",Cambridge University Press,,2,2019,1449879835038517118,Pm-n7EBaiV4C,Geoffrey Hinton,JicYPdAAAAAJ
Separation of HCM and LQT cardiac diseases with machine learning of Ca2+ transient profiles,"H Joutsijoki, K Penttinen, M Juhola, K Aalto-Setälä",Methods of Information in Medicine,"58 (04/05), 167-178",13,2019,14686960247151281364,OP2qWFMeUpEC,Geoffrey Hinton,JicYPdAAAAAJ
Representing part-whole hierarchies in connectionist networks,GE Hinton,,"10th Annual Conference Cognitive Science Society Pod, 48-54",158,2019,11565039423201912716,lvd772isFD0C,Geoffrey Hinton,JicYPdAAAAAJ
Detecting and diagnosing adversarial images with class-conditional capsule reconstructions,"Y Qin, N Frosst, S Sabour, C Raffel, G Cottrell, G Hinton",arXiv preprint arXiv:,:1907.02957,105,2019,14694927821916150502,p-HGrieyzrAC,Geoffrey Hinton,JicYPdAAAAAJ
Learning sparse networks using targeted dropout,"AN Gomez, I Zhang, SR Kamalakara, D Madaan, K Swersky, Y Gal, ...",arXiv preprint arXiv:,:1905.13678,130,2019,2364523551915652763,3WNXLiBY60kC,Geoffrey Hinton,JicYPdAAAAAJ
Cerberus: A multi-headed derenderer,"B Deng, S Kornblith, G Hinton",arXiv preprint arXiv:,:1905.11940,8,2019,11320786984733286998,WGv8Og3F3KgC,Geoffrey Hinton,JicYPdAAAAAJ
Similarity of neural network representations revisited,"S Kornblith, M Norouzi, H Lee, G Hinton",International conference on machine learning,3519-3529,1655,2019,18357214027033370010,E2bRg1zSkIsC,Geoffrey Hinton,JicYPdAAAAAJ
Analyzing and improving representations with the soft nearest neighbor loss,"N Frosst, N Papernot, G Hinton",International conference on machine learning,2012-2020,187,2019,11092372353656200973,fF_gHTpLxhAC,Geoffrey Hinton,JicYPdAAAAAJ
"Imagenet classification with deep convolutional neural networks, 2012","A Krizhevsky, I Sutskever, GE Hinton",Advances in neural information processing systems,"25 (13), 770-778",155,2019,5553685929780707246,SFOYbPikdlgC,Geoffrey Hinton,JicYPdAAAAAJ
When does label smoothing help? arXiv preprint,"R Müller, S Kornblith, G Hinton",arXiv preprint arXiv:,:1906.02629,5,2019,5574598551916900718,5Klqo5HVOaoC,Geoffrey Hinton,JicYPdAAAAAJ
ImageNet classification with deep convolutional neural networks. 2012: 1097–1105,"A Krizhevsky, I Sutskever, GE Hinton",Last accessed Oct,1,12,2019,1580413435712970583,GjXqcohcbckC,Geoffrey Hinton,JicYPdAAAAAJ
"Lookahead Optimizer: k steps forward, 1 step back. arXiv","MR Zhang, J Lucas, G Hinton, J Ba",arXiv preprint arXiv:,:1907.08610,12,2019,16145430383569028843,j33aPA1ap8EC,Geoffrey Hinton,JicYPdAAAAAJ
The deep learning revolution,"G Hinton, Y LeCun",Turing Lecture at FCRC,,5,2019,8848009448349829475,lL5f5cZgq8MC,Geoffrey Hinton,JicYPdAAAAAJ
"Lookahead optimizer: k steps forward, 1 step back","M Zhang, J Lucas, J Ba, GE Hinton",Advances in neural information processing systems,32,887,2019,2599504418931364355,zfsRRabFVBUC,Geoffrey Hinton,JicYPdAAAAAJ
Stacked capsule autoencoders,"A Kosiorek, S Sabour, YW Teh, GE Hinton",Advances in neural information processing systems,32,348,2019,11062343480857665067,WHBERAHVdrEC,Geoffrey Hinton,JicYPdAAAAAJ
When does label smoothing help?,"R Müller, S Kornblith, GE Hinton",Advances in neural information processing systems,32,2588,2019,10766006721122931455,Kv9jytqXTosC,Geoffrey Hinton,JicYPdAAAAAJ
"Neural Networks for Machine Learning, Lecture 15a",G Hinton,,,84,2019,3563416480945736930,9tXw7Op4-u0C,Geoffrey Hinton,JicYPdAAAAAJ
Darccc: Detecting adversaries by reconstruction from class conditional capsules,"N Frosst, S Sabour, G Hinton",arXiv preprint arXiv:,:1811.06969,65,2018,5069061414517085169,bbjcffOLshcC,Geoffrey Hinton,JicYPdAAAAAJ
Deep learning—a technology with the potential to transform health care,G Hinton,Jama,"320 (11), 1101-1102",714,2018,10913799185087810497,oXKBmVzQOggC,Geoffrey Hinton,JicYPdAAAAAJ
Illustrative language understanding: Large-scale visual grounding with image search,"J Kiros, W Chan, G Hinton",Proceedings of the,56th Annual Meeting of the Association for Computational …,62,2018,8104781100317920723,SPgmg5JLkoEC,Geoffrey Hinton,JicYPdAAAAAJ
Who said what: Modeling individual labelers improves classification,"M Guan, V Gulshan, A Dai, G Hinton",Proceedings of the AAAI conference on artificial intelligence,32 (1),265,2018,13945082719471455398,vxA22ZmNLkoC,Geoffrey Hinton,JicYPdAAAAAJ
Large scale distributed neural network training through online distillation,"R Anil, G Pereyra, A Passos, R Ormandi, GE Dahl, GE Hinton",arXiv preprint arXiv:,:1804.03235,529,2018,1698767877858492764,XeErXHja3Z8C,Geoffrey Hinton,JicYPdAAAAAJ
"Rmsprop: Divide the gradient by a running average of its recent magnitude, 2012","T Tieleman, G Hinton",Coursera. Available online: https://es. coursera. org/learn/neural-networks …,,7,2018,8496585716925111257,polMJLZb0X8C,Geoffrey Hinton,JicYPdAAAAAJ
Gradient-based learning applied to document recognition,"A Krizhevsky, I Sutskever, GE Hinton",Commun. Acm,"60, 84-90",598,2017,8696083522368165572,v7LLNfYe7h0C,Geoffrey Hinton,JicYPdAAAAAJ
Glove-talk: A neural network interface between a data-glove and a speech synthesizer,"SS Fels, GE Hinton",IEEE transactions on Neural Networks,"4 (1), 2-8",597,1993,"8935008314166180244,160041096747381712",YOwf2qJgpHMC,Geoffrey Hinton,JicYPdAAAAAJ
Using very deep autoencoders for content-based image retrieval.,"A Krizhevsky, GE Hinton",ESANN,"1, 2",596,2011,3109204709248875528,KUbvn5osdkgC,Geoffrey Hinton,JicYPdAAAAAJ
Vocal tract length perturbation (VTLP) improves speech recognition,"N Jaitly, GE Hinton","Proc. ICML workshop on deep learning for audio, speech and language","117, 21",559,2013,3609281817488087941,NxmKEeNBbOMC,Geoffrey Hinton,JicYPdAAAAAJ
Products of experts,GE Hinton,,1999 ninth international conference on artificial neural networks ICANN 99 …,547,1999,7369153718395059597,eK4aujBuqBIC,Geoffrey Hinton,JicYPdAAAAAJ
SMEM algorithm for mixture models,"N Ueda, R Nakano, Z Ghahramani, GE Hinton",Neural computation,"12 (9), 2109-2128",531,2000,"17204916897097872730,3513851006482843932",L7vk9XBBNxgC,Geoffrey Hinton,JicYPdAAAAAJ
Factored conditional restricted Boltzmann machines for modeling motion style,"GW Taylor, GE Hinton",Proceedings of the,26th annual international conference on machine learning …,527,2009,2655378080090420128,nb7KW1ujOQ8C,Geoffrey Hinton,JicYPdAAAAAJ
A distributed connectionist production system,"DS Touretzky, GE Hinton",Cognitive science,"12 (3), 423-466",526,1988,6056437559710647638,MXK_kJrjxJIC,Geoffrey Hinton,JicYPdAAAAAJ
Parallel visual computation,"DH Ballard, GE Hinton, TJ Sejnowski",Nature,"306 (5938), 21-26",520,1983,6597679919135648217,kNdYIx-mwKoC,Geoffrey Hinton,JicYPdAAAAAJ
Learning to label aerial images from noisy data,"V Mnih, GE Hinton",Proceedings of the,29th International conference on machine learning (ICML …,518,2012,6063263286414556367,k_7cPK9k7w8C,Geoffrey Hinton,JicYPdAAAAAJ
"To recognize shapes, first learn to generate images",GE Hinton,Computational Neuroscience: Theoretical Insights into Brain Function,535-547,511,2007,1601509952678128790,lSLTfruPkqcC,Geoffrey Hinton,JicYPdAAAAAJ
Binary coding of speech spectrograms using a deep auto-encoder.,"L Deng, ML Seltzer, D Yu, A Acero, A Mohamed, GE Hinton",Interspeech,1692-1695,506,2010,11751390378439452975,sJsF-0ZLhtgC,Geoffrey Hinton,JicYPdAAAAAJ
Mapping part-whole hierarchies into connectionist networks,GE Hinton,Artificial Intelligence,"46 (1-2), 47-75",493,1990,8215370530277322748,4DMP91E08xMC,Geoffrey Hinton,JicYPdAAAAAJ
Modeling the manifolds of images of handwritten digits,"GE Hinton, P Dayan, M Revow",IEEE transactions on Neural Networks,"8 (1), 65-74",492,1997,9574975987229449389,8k81kl-MbHgC,Geoffrey Hinton,JicYPdAAAAAJ
Implementing semantic networks in parallel hardware,GE Hinton,Parallel models of associative memory,161-187,468,1981,6651808293286736286,_kc_bZDykSQC,Geoffrey Hinton,JicYPdAAAAAJ
3D object recognition with deep belief nets,"V Nair, GE Hinton",Advances in neural information processing systems,22,461,2009,7195800964875020038,abG-DnoFyZgC,Geoffrey Hinton,JicYPdAAAAAJ
Neuroanimator: Fast neural network emulation and control of physics-based models,"R Grzeszczuk, D Terzopoulos, G Hinton",Proceedings of the,25th annual conference on Computer graphics and …,455,1998,14335993882927091666,q-HalDI95KYC,Geoffrey Hinton,JicYPdAAAAAJ
Parallel distributed processing: Explorations in the microstructure of cognition,"GE Hinton, JL McClelland, DE Rumelhart, DE Rnmelhart",,,452,1986,5519208414398718871,Vch7EZszQGgC,Geoffrey Hinton,JicYPdAAAAAJ
Phone recognition with the mean-covariance restricted Boltzmann machine,"G Dahl, M Ranzato, A Mohamed, GE Hinton",Advances in neural information processing systems,23,450,2010,8615607536818380937,LPZeul_q3PIC,Geoffrey Hinton,JicYPdAAAAAJ
An alternative model for mixtures of experts,"L Xu, M Jordan, GE Hinton",Advances in neural information processing systems,7,443,1994,"3734915090429669736,12155503520424332855,12722578632052170924,10302335805446945151",QIV2ME_5wuYC,Geoffrey Hinton,JicYPdAAAAAJ
Learning translation invariant recognition in a massively parallel networks,GE Hinton,International conference on parallel architectures and languages Europe,1-13,436,1987,"2513213391384352006,10513273546730525703",-f6ydRqryjwC,Geoffrey Hinton,JicYPdAAAAAJ
Using fast weights to improve persistent contrastive divergence,"T Tieleman, G Hinton",Proceedings of the,26th annual international conference on machine learning …,431,2009,8681662426600814013,CHSYGLWDkRkC,Geoffrey Hinton,JicYPdAAAAAJ
Deep belief networks using discriminative features for phone recognition,"A Mohamed, TN Sainath, G Dahl, B Ramabhadran, GE Hinton, ...",,"2011 IEEE international conference on acoustics, speech and signal …",413,2011,17626864473966847045,NhqRSupF_l8C,Geoffrey Hinton,JicYPdAAAAAJ
Understanding how deep belief networks perform acoustic modelling,"A Mohamed, G Hinton, G Penn",,"2012 IEEE international conference on acoustics, speech and signal …",383,2012,2947995609102644825,kw52XkFRtyQC,Geoffrey Hinton,JicYPdAAAAAJ
Some demonstrations of the effects of structural descriptions in mental imagery,G Hinton,Cognitive Science,"3 (3), 231-250",382,1979,7758411917875661450,e5wmG9Sq2KIC,Geoffrey Hinton,JicYPdAAAAAJ
Using fast weights to deblur old memories,"GE Hinton, DC Plaut",Proceedings of the ninth annual conference of the Cognitive Science Society …,,363,1987,11125850161742617163,TFP_iSt0sucC,Geoffrey Hinton,JicYPdAAAAAJ
Visualizing non-metric similarities in multiple maps,"L Van der Maaten, G Hinton",Machine learning,"87, 33-55",342,2012,3783740809840469918,48xauSegjOkC,Geoffrey Hinton,JicYPdAAAAAJ
A parallel computation that assigns canonical object-based frames of reference,GE Hinton,Proceedings of the,7th international joint conference on Artificial …,339,1981,310337739874677065,fbc8zXXH2BUC,Geoffrey Hinton,JicYPdAAAAAJ
Generative models for discovering sparse distributed representations,"GE Hinton, Z Ghahramani",Philosophical Transactions of the Royal Society of London. Series B …,,337,1997,16199974609051888999,9ZlFYXVOiuMC,Geoffrey Hinton,JicYPdAAAAAJ
Models of information processing in the brain,"JA Anderson, GE Hinton",Parallel models of associative memory,23-62,336,2014,1684646148551076507,7PzlFSSx8tAC,Geoffrey Hinton,JicYPdAAAAAJ
Learning to represent spatial transformations with factored higher-order boltzmann machines,"R Memisevic, GE Hinton",Neural computation,"22 (6), 1473-1492",333,2010,11551947155347990217,uWQEDVKXjbEC,Geoffrey Hinton,JicYPdAAAAAJ
"& Kingsbury, B.(2012). Deep neural networks for acoustic modeling in speech recognition: The shared views of four research groups","G Hinton, L Deng, D Yu, GE Dahl, A Mohamed, N Jaitly",IEEE Signal processing magazine,"29 (6), 82-9",329,NA,10249414891481998562,KD63RgGzVVoC,Geoffrey Hinton,JicYPdAAAAAJ
Neurocomputing: Foundations of research,"DE Rumelhart, GE Hinton, RJ Williams","Cambridge, MA, USA: MIT Press","55, 696-699",328,1988,343198997852404094,wLxue7F8ec0C,Geoffrey Hinton,JicYPdAAAAAJ
Assessing the scalability of biologically-motivated deep learning algorithms and architectures,"S Bartunov, A Santoro, B Richards, L Marris, GE Hinton, T Lillicrap",Advances in neural information processing systems,31,326,2018,17862085183234087999,4E1Y8I9HL1wC,Geoffrey Hinton,JicYPdAAAAAJ
Proceedings of the 27th international conference on machine learning (ICML-10),"V Nair, GE Hinton",Rectified linear units improve restricted boltzmann machines,1-8,316,2010,9172445749533722661,CKf5m1HYVjMC,Geoffrey Hinton,JicYPdAAAAAJ
Symbols among the neurons: Details of a connectionist inference architecture,"DS Touretzky, GE Hinton",IJCAI,"85, 238-243",313,1985,5450711129814567268,L8Ckcad2t8MC,Geoffrey Hinton,JicYPdAAAAAJ
Frames of reference and mental imagery,"GE Hinton, LM Parsons",Attention and performance IX,261-277,313,1981,"18014580479241301502,10421898791938366617",bEWYMUwI8FkC,Geoffrey Hinton,JicYPdAAAAAJ
Global coordination of local linear models,"S Roweis, L Saul, GE Hinton",Advances in neural information processing systems,14,312,2001,4085684365904418224,hFOr9nPyWt4C,Geoffrey Hinton,JicYPdAAAAAJ
Distilling the knowledge in a neural network,"H Geoffrey, V Oriol, D Jeff",arXiv preprint arXiv:,:1503.02531 2 (7),307,2015,14413892239401413692,DxlTmyU89zoC,Geoffrey Hinton,JicYPdAAAAAJ
Deterministic Boltzmann learning performs steepest descent in weight-space,GE Hinton,Neural computation,"1 (1), 143-150",307,1989,18326518871310222255,hC7cP41nSMkC,Geoffrey Hinton,JicYPdAAAAAJ
Using deep belief nets to learn covariance kernels for Gaussian processes,"GE Hinton, RR Salakhutdinov",Advances in neural information processing systems,20,306,2007,1299878054477854748,5Ul4iDaHHb8C,Geoffrey Hinton,JicYPdAAAAAJ
Using fast weights to attend to the recent past,"J Ba, GE Hinton, V Mnih, JZ Leibo, C Ionescu",Advances in neural information processing systems,29,304,2016,15137024002549952693,DquSII9TDu4C,Geoffrey Hinton,JicYPdAAAAAJ
Modeling pixel means and covariances using factorized third-order Boltzmann machines,"MA Ranzato, GE Hinton",,2010 IEEE computer society conference on computer vision and pattern …,302,2010,18346790401264688727,pyW8ca7W8N0C,Geoffrey Hinton,JicYPdAAAAAJ
On deep generative models with applications to recognition,"MA Ranzato, J Susskind, V Mnih, G Hinton",CVPR,"2011, 2857-2864",301,2011,16984902519986524465,M7yex6snE4oC,Geoffrey Hinton,JicYPdAAAAAJ
Learning representations by back-propagating errors,"ER David, EH Geoffrey, JW Ronald",nature,"323 (6088), 533-536",301,1986,15102955340849148604,45AZ0Vt6gvEC,Geoffrey Hinton,JicYPdAAAAAJ
Factored 3-way restricted boltzmann machines for modeling natural images,"MA Ranzato, A Krizhevsky, G Hinton",Proceedings of the thirteenth international conference on artificial …,,299,2010,14413593275167682647,__bU50VfleQC,Geoffrey Hinton,JicYPdAAAAAJ
Lecture 6a overview of mini–batch gradient descent,"G Hinton, N Srivastava, K Swersky",Coursera Lecture slides https://class. coursera. org/neuralnets-,-2012-001 …,296,2012,14614781802384140841,UY3hNwcQ290C,Geoffrey Hinton,JicYPdAAAAAJ
Visualizing data using t-sne,"L Van, G Hinton",Journal of machine learning research,"9 (2579-2605), 85",294,2008,"14666634430892436215,16861962816791837094",tJ_1M1FLfZ0C,Geoffrey Hinton,JicYPdAAAAAJ
Learning multilevel distributed representations for high-dimensional sequences,"I Sutskever, G Hinton",Artificial intelligence and statistics,548-555,292,2007,4098732521181968210,KxtntwgDAa4C,Geoffrey Hinton,JicYPdAAAAAJ
Learning a better representation of speech soundwaves using restricted boltzmann machines,"N Jaitly, G Hinton",,"2011 IEEE International Conference on Acoustics, Speech and Signal …",290,2011,7549225993736779276,XD-gHx7UXLsC,Geoffrey Hinton,JicYPdAAAAAJ
Learning representations by recirculation,"GE Hinton, J McClelland",Neural information processing systems,,287,1987,8920871170136261152,r0BpntZqJG4C,Geoffrey Hinton,JicYPdAAAAAJ
Using expectation-maximization for reinforcement learning,"P Dayan, GE Hinton",Neural Computation,"9 (2), 271-278",276,1997,6347218543226385451,ldfaerwXgEUC,Geoffrey Hinton,JicYPdAAAAAJ
Boltzmann machine,GE Hinton,Scholarpedia,"2 (5), 1668",275,2007,2654226795367575564,kRWSkSYxWN8C,Geoffrey Hinton,JicYPdAAAAAJ
Energy-based models for sparse overcomplete representations,"YW Teh, M Welling, S Osindero, GE Hinton",Journal of Machine Learning Research,"4 (Dec), 1235-1260",275,2003,16466620495429533656,BqipwSGYUEgC,Geoffrey Hinton,JicYPdAAAAAJ
Using generative models for handwritten digit recognition,"M Revow, CKI Williams, GE Hinton",IEEE transactions on pattern analysis and machine intelligence,"18 (6), 592-606",271,1996,1428682951917660840,TQgYirikUcIC,Geoffrey Hinton,JicYPdAAAAAJ
Connectionist architectures for artificial intelligence,"SE Fahlman, GE Hinton",IEEE Computer,"20, 100-109",270,1987,10589640698989772759,HDshCWvjkbEC,Geoffrey Hinton,JicYPdAAAAAJ
Phoneme recognition: neural networks vs. hidden Markov models vs. hidden Markov models,"A Waibel, T Hanazawa, G Hinton, K Shikano, K Lang",ICASSP-,"-88., International Conference on Acoustics, Speech, and Signal …",262,1988,14152003116095757119,_Qo2XoVZTnwC,Geoffrey Hinton,JicYPdAAAAAJ
Unsupervised learning of image transformations,"R Memisevic, G Hinton",,"2007 IEEE Conference on Computer Vision and Pattern Recognition, 1-8",260,2007,6612274117743073590,P5F9QuxV20EC,Geoffrey Hinton,JicYPdAAAAAJ
Glove-TalkII-a neural-network interface which maps gestures to parallel formant speech synthesizer controls,"SS Fels, GE Hinton",IEEE transactions on neural networks,"9 (1), 205-212",253,1998,"6482497133088668480,5749764179668781553",iH-uZ7U-co4C,Geoffrey Hinton,JicYPdAAAAAJ
Reinforcement learning with factored states and actions,"B Sallans, GE Hinton",Journal of Machine Learning Research,"5 (Aug), 1063-1088",249,2004,16524984548698272659,p2g8aNsByqUC,Geoffrey Hinton,JicYPdAAAAAJ
Modeling documents with deep boltzmann machines,"N Srivastava, RR Salakhutdinov, GE Hinton",arXiv preprint arXiv:,:1309.6865,234,2013,4116084889597573395,-yGd096yOn8C,Geoffrey Hinton,JicYPdAAAAAJ
Robust boltzmann machines for recognition and denoising,"Y Tang, R Salakhutdinov, G Hinton",,"2012 IEEE conference on computer vision and pattern recognition, 2264-2271",230,2012,1550782262241352453,wKETBy42zhYC,Geoffrey Hinton,JicYPdAAAAAJ
Divide the gradient by a running average of its recent magnitude. coursera: Neural networks for machine learning,"T Tieleman, G Hinton",Technical report,,225,2017,17777770849597044109,3UHJKpZgG5wC,Geoffrey Hinton,JicYPdAAAAAJ
Rate-coded restricted Boltzmann machines for face recognition,"YW Teh, GE Hinton",Advances in neural information processing systems,13,218,2000,2053891185703460398,u_35RYKgDlwC,Geoffrey Hinton,JicYPdAAAAAJ
Mohamed,"G Hinton, L Deng, D Yu, GE Dahl","N. Jaitly, A. Senior, V. Vanhoucke, P. Nguyen, TN Sainath, and B. Kingsbury …",,209,2012,3630438782433881740,04dtUmz_MT0C,Geoffrey Hinton,JicYPdAAAAAJ
Varieties of Helmholtz machine,"P Dayan, GE Hinton",Neural Networks,"9 (8), 1385-1403",208,1996,17188065325925134545,70eg2SAEIzsC,Geoffrey Hinton,JicYPdAAAAAJ
Learning sparse topographic representations with products of student-t distributions,"M Welling, S Osindero, GE Hinton",Advances in neural information processing systems,15,203,2002,2931226442611737150,hMod-77fHWUC,Geoffrey Hinton,JicYPdAAAAAJ
The development of the time-delay neural network architecture for speech recognition,KJ Lang,Technical Report CMU-CS-,-88-152,203,1988,15935480033202790054,EBV337fEn3EC,Geoffrey Hinton,JicYPdAAAAAJ
ImageNet classification with deep convolutional neural networks,"A Kirzhevsky, I Sutskever, GE Hinton",Advances in neural information processing systems,"25, 1097-1105",200,2012,11076218007429227424,SQZOXlr1FBsC,Geoffrey Hinton,JicYPdAAAAAJ
Dynamical binary latent variable models for 3d human pose tracking,"GW Taylor, L Sigal, DJ Fleet, GE Hinton",,2010 IEEE Computer Society Conference on Computer Vision and Pattern …,199,2010,17577720534506601385,Y5dfb0dijaUC,Geoffrey Hinton,JicYPdAAAAAJ
Deep belief nets for natural language call-routing,"R Sarikaya, GE Hinton, B Ramabhadran",,"2011 IEEE International conference on acoustics, speech and signal …",198,2011,15003765548951473858,fFSKOagxvKUC,Geoffrey Hinton,JicYPdAAAAAJ
"Deep, narrow sigmoid belief networks are universal approximators","I Sutskever, GE Hinton",Neural computation,"20 (11), 2629-2636",198,2008,16666857800410501063,q3oQSFYPqjQC,Geoffrey Hinton,JicYPdAAAAAJ
Shape representation in parallel systems,GE Hinton,Proceedings of the,7th international joint conference on Artificial …,198,1981,13105665151336929392,5MTHONV0fEkC,Geoffrey Hinton,JicYPdAAAAAJ
A new learning algorithm for mean field Boltzmann machines,"M Welling, GE Hinton",International conference on artificial neural networks,351-357,197,2002,2945511279079679236,g5m5HwL7SMYC,Geoffrey Hinton,JicYPdAAAAAJ
Evaluation of adaptive mixtures of competing experts,"S Nowlan, GE Hinton",Advances in neural information processing systems,3,190,1990,16325542600062120151,M3NEmzRMIkIC,Geoffrey Hinton,JicYPdAAAAAJ
Learning sets of filters using back-propagation,"DC Plaut, GE Hinton",Computer Speech & Language,"2 (1), 35-61",190,1987,2724649742793055833,maZDTaKrznsC,Geoffrey Hinton,JicYPdAAAAAJ
Unsupervised discovery of nonlinear structure using contrastive backpropagation,"G Hinton, S Osindero, M Welling, YW Teh",Cognitive science,"30 (4), 725-731",189,2006,13214919954698687488,JoZmwDi-zQgC,Geoffrey Hinton,JicYPdAAAAAJ
A better way to pretrain deep boltzmann machines,"GE Hinton, RR Salakhutdinov",Advances in Neural Information Processing Systems,25,187,2012,9430001092226333900,HhcuHIWmDEUC,Geoffrey Hinton,JicYPdAAAAAJ
Adaptive elastic models for hand-printed character recognition,"GE Hinton, C Williams, MD Revow",Advances in neural information processing systems,4,187,1991,13760318759641929936,RHpTSmoSYBkC,Geoffrey Hinton,JicYPdAAAAAJ
Cifar-10 (canadian institute for advanced research). 2009,"A Krizhevsky, V Nair, G Hinton",URL http://www. cs. toronto. edu/kriz/cifar. html,"5 (4), 1",185,2009,13419785280548930294,5UUbrqTvKfUC,Geoffrey Hinton,JicYPdAAAAAJ
Conditional Restricted Boltzmann Machines for Structured Output Prediction,"V Mnih, H Larochelle, GE Hinton",Proc. Uncertainty in Artificial Intelligence,,180,2011,16316749990299616077,rmuvC79q63oC,Geoffrey Hinton,JicYPdAAAAAJ
Generating facial expressions with deep belief nets,"JM Susskind, GE Hinton, JR Movellan, AK Anderson","Affective computing, emotion modelling, synthesis and recognition",2008 (5 …,180,2008,5566171154711836410,dTyEYWd-f8wC,Geoffrey Hinton,JicYPdAAAAAJ
Analyzing cooperative computation,"GE Hinton, TJ Sejnowski",Proceedings of the Annual Meeting of the Cognitive Science Society,5,179,1983,13757308525846652393,M05iB0D1s5AC,Geoffrey Hinton,JicYPdAAAAAJ
Learning symmetry groups with hidden units: Beyond the perceptron,"TJ Sejnowski, PK Kienker, GE Hinton",Physica D: Nonlinear Phenomena,"22 (1-3), 260-275",170,1986,13977819717849509529,JV2RwH3_ST0C,Geoffrey Hinton,JicYPdAAAAAJ
Separating figure from ground with a parallel network,"PK Kienker, TJ Sejnowski, GE Hinton, LE Schumacher",Perception,"15 (2), 197-216",167,1986,4085202230298542073,blknAaTinKkC,Geoffrey Hinton,JicYPdAAAAAJ
Modeling image patches with a directed hierarchy of Markov random fields,"S Osindero, GE Hinton",Advances in neural information processing systems,20,164,2007,1291702162697075840,dfsIfKJdRG4C,Geoffrey Hinton,JicYPdAAAAAJ
Two Distributed-State Models For Generating High-Dimensional Time Series.,"GW Taylor, GE Hinton, ST Roweis",Journal of Machine Learning Research,12 (3),163,2011,15195721204248355551,kz9GbA2Ns4gC,Geoffrey Hinton,JicYPdAAAAAJ
Recognizing handwritten digits using mixtures of linear models,"GE Hinton, M Revow, P Dayan",Advances in neural information processing systems,7,158,1994,11359175056511972184,4JMBOYKVnBMC,Geoffrey Hinton,JicYPdAAAAAJ
Learning distributed representations of concepts using linear relational embedding,"A Paccanaro, GE Hinton",IEEE Transactions on Knowledge and Data Engineering,"13 (2), 232-244",157,2001,13273213197589782021,t6usbXjVLHcC,Geoffrey Hinton,JicYPdAAAAAJ
Visualizing similarity data with a mixture of maps,"J Cook, I Sutskever, A Mnih, G Hinton",Artificial intelligence and statistics,67-74,156,2007,3135110174238376753,N5tVd3kTz84C,Geoffrey Hinton,JicYPdAAAAAJ
Relaxation and its role in vision,GE Hinton,University of Edinburgh,,149,1978,11319612761385469481,nVrZBo8bIpAC,Geoffrey Hinton,JicYPdAAAAAJ
Phone recognition using restricted boltzmann machines,"A Mohamed, G Hinton",,"2010 IEEE International Conference on Acoustics, Speech and Signal …",148,2010,9872765256072666579,ye4kPcJQO24C,Geoffrey Hinton,JicYPdAAAAAJ
Learning to represent visual input,GE Hinton,Philosophical Transactions of the Royal Society B: Biological Sciences,365 …,148,2010,2171733367109901212,J-pR_7NvFogC,Geoffrey Hinton,JicYPdAAAAAJ
Gated softmax classification,"R Memisevic, C Zach, M Pollefeys, GE Hinton",Advances in neural information processing systems,23,148,2010,7290199501038970759,EkHepimYqZsC,Geoffrey Hinton,JicYPdAAAAAJ
Discovering binary codes for documents by learning deep generative models,"G Hinton, R Salakhutdinov",Topics in Cognitive Science,"3 (1), 74-91",146,2011,10099623389760921273,BUYA1_V_uYcC,Geoffrey Hinton,JicYPdAAAAAJ
How learning can guide evolution,"GE Hinton, SJ Nowlan",Adaptive individuals in evolving populations: models and algorithms,"26, 447-454",143,1996,9423968384192855796,KtrhGiDecpEC,Geoffrey Hinton,JicYPdAAAAAJ
Parallel computations for controlling an arm,G Hinton,Journal of motor behavior,"16 (2), 171-194",142,1984,12382851108943733841,YFjsv_pBGBYC,Geoffrey Hinton,JicYPdAAAAAJ
Dynamic routing between capsules,"S Sara, F Nicholas, EH Geoffrey",Advances in neural information processing systems,30,139,2017,6221172228025714915,Cd1N8iHLSCsC,Geoffrey Hinton,JicYPdAAAAAJ
Switching state-space models,"Z Ghahramani, GE Hinton",University of Toronto Technical Report CRG-TR-,"-96-3, Department of Computer …",139,1996,18396883452160780429,f2IySw72cVMC,Geoffrey Hinton,JicYPdAAAAAJ
Scene-based and viewer-centered representations for comparing shapes,"GE Hinton, LM Parsons",Cognition,"30 (1), 1-35",139,1988,7149105247272013137,NMxIlDl6LWMC,Geoffrey Hinton,JicYPdAAAAAJ
Simulating brain damage,"GE Hinton, DC Plaut, T Shallice",Scientific American,"268 (4), 76-82",138,1993,"7913825864252004647,14943276829020214714",NaGl4SEjCO4C,Geoffrey Hinton,JicYPdAAAAAJ
R. J. Williams;“,"DE Rumelhart, GE Hinton","Learning Internal Representations by Error Propagation,” in Parallel …",,138,1986,7857260866495834912,SkU8VjQp03IC,Geoffrey Hinton,JicYPdAAAAAJ
Learning in graphical models,"RM Neal, GE Hinton, MI Jordan",Dordrecht: Kluwer Academic Publishers,355-368,137,1998,13792682468181307505,0d9pApVQ-n0C,Geoffrey Hinton,JicYPdAAAAAJ
Does the wake-sleep algorithm produce good density estimators?,"BJ Frey, GE Hinton, P Dayan",Advances in neural information processing systems,8,135,1995,9434928095017396895,cFHS6HbyZ2cC,Geoffrey Hinton,JicYPdAAAAAJ
Shape recognition and illusory conjunctions.,"GE Hinton, KJ Lang",IJCAI,252-259,134,1985,15879909740709239947,pqnbT2bcN3wC,Geoffrey Hinton,JicYPdAAAAAJ
Topographic product models applied to natural scene statistics,"S Osindero, M Welling, GE Hinton",Neural Computation,"18 (2), 381-414",132,2006,5640967459804288532,vV6vV6tmYwMC,Geoffrey Hinton,JicYPdAAAAAJ
The EM algorithm for factor analyzers,"Z Ghahramani, GE Hinton",Technical Report CRG-TR-,-96-1,132,1997,2135090023154287457,cx97FdCJQX8C,Geoffrey Hinton,JicYPdAAAAAJ
Yee-Whye,"E Hinton, O Geoffrey, T Simon",A fast learning algorithm for deep belief nets,1527-54,128,2006,"17330177180122454852,17419015109753652610,5645922338387687302",GDem9OnCwu8C,Geoffrey Hinton,JicYPdAAAAAJ
Parallelizing neural networks during training,"A Krizhevsky, I Sutskever, GE Hinton",US Patent,"9,811,775",125,2017,14029134591055642240,DXE8ND7PrJAC,Geoffrey Hinton,JicYPdAAAAAJ
The toronto face database,"JM Susskind, AK Anderson, GE Hinton","Department of Computer Science, University of Toronto, Toronto, ON, Canada …",,123,2010,10957633046843900374,vD2iS2Kej30C,Geoffrey Hinton,JicYPdAAAAAJ
Where do features come from?,G Hinton,Cognitive science,"38 (6), 1078-1101",122,2014,1977854380276024110,L_l9e5I586QC,Geoffrey Hinton,JicYPdAAAAAJ
A comparison of statistical learning methods on the GUSTO database,"M Ennis, G Hinton, D Naylor, M Revow, R Tibshirani",Statistics in medicine,"17 (21), 2501-2508",122,1998,9584153618854541625,ZHo1McVdvXMC,Geoffrey Hinton,JicYPdAAAAAJ
Connectionist symbol processing,GE Hinton,MIT Press,,119,1991,6608068412174031164,WmQWPPBrFVcC,Geoffrey Hinton,JicYPdAAAAAJ
Ilya sutskever and ruslan% J journal of machine learning research salakhutdinov,"N Srivastava, G Hinton, A Krizhevsky",Dropout A Simple Way Prev. Neural Netw. Overfitting,"15 (1), 1929-1958",118,2014,15594089189815006285,lonyfjS0l_UC,Geoffrey Hinton,JicYPdAAAAAJ
Implicit mixtures of restricted Boltzmann machines,"V Nair, GE Hinton",Advances in neural information processing systems,21,116,2008,397368793517352830,VOx2b1Wkg3QC,Geoffrey Hinton,JicYPdAAAAAJ
Preface to the special issue on connectionist symbol processing,GE Hinton,Artificial Intelligence,"46 (1-2), 1-4",116,1990,2792697392625836894,isC4tDSrTZIC,Geoffrey Hinton,JicYPdAAAAAJ
Cifar-10,"A Krizhevsky, V Nair, G Hinton",Canadian Institute for Advanced Research,"5, 4",115,2009,977027640734179256,eG7oJ4UONFcC,Geoffrey Hinton,JicYPdAAAAAJ
Learning sequential structure in simple recurrent networks,"DE Rumelhart, G Hinton, R Williams",Parallel distributed processing: Experiments in the microstructure of …,,114,1986,1922308031387661294,jSAVyFp_754C,Geoffrey Hinton,JicYPdAAAAAJ
Split and merge EM algorithm for improving Gaussian mixture density estimates,"N Ueda, R Nakano, Z Ghahramani, GE Hinton","Journal of VLSI signal processing systems for signal, image and video …",,113,2000,5630117888339766976,AXPGKjj_ei8C,Geoffrey Hinton,JicYPdAAAAAJ
Recognizing hand-written digits using hierarchical products of experts,"G Mayraz, GE Hinton",Advances in neural information processing systems,13,111,2000,9272264145884360664,HoB7MX3m0LUC,Geoffrey Hinton,JicYPdAAAAAJ
The DELVE manual,"CE Rasmussen, RM Neal, GE Hinton, D van Camp, M Revow, ...","University of Toronto, Toronto Canada. http://www. cs. utoronto. ca/delve",,110,1996,12429903112335238789,xtRiw3GOFMkC,Geoffrey Hinton,JicYPdAAAAAJ
May. Speech recognition with deep recurrent neural networks,"A Graves, AR Mohamed, G Hinton",,"2013 IEEE international conference on acoustics, speech and signal …",109,2013,4747928656871114333,d4Uf0zfqV5IC,Geoffrey Hinton,JicYPdAAAAAJ
Introduction to the special section on deep learning for speech and language processing,"D Yu, G Hinton, N Morgan, JT Chien, S Sagayama","IEEE Transactions on Audio, Speech, and Language Processing","20 (1), 4-6",108,2011,7322267243119220561,BzfGm06jWhQC,Geoffrey Hinton,JicYPdAAAAAJ
Generative versus discriminative training of RBMs for classification of fMRI images,"T Schmah, GE Hinton, S Small, S Strother, R Zemel",Advances in neural information processing systems,21,107,2008,5609865305118554073,9vf0nzSNQJEC,Geoffrey Hinton,JicYPdAAAAAJ
Proceedings of the 7th International Joint Conference on Artificial Intelligence,"GE Hinton, A Drina",,,107,1981,"6499627686456465905,2739127657663347590",hEXC_dOfxuUC,Geoffrey Hinton,JicYPdAAAAAJ
Variational learning in nonlinear Gaussian belief networks,"BJ Frey, GE Hinton",Neural Computation,"11 (1), 193-213",106,1999,1121192613099454639,XiSMed-E-HIC,Geoffrey Hinton,JicYPdAAAAAJ
Generating more realistic images using gated mrf’s,"M Ranzato, V Mnih, GE Hinton",NIPS,"2858, 2859-2860",104,2010,1600711958642974704,LgRImbQfgY4C,Geoffrey Hinton,JicYPdAAAAAJ
Distinguishing text from graphics in on-line handwritten ink,"CM Bishop, M Svensen, GE Hinton",Ninth International Workshop on Frontiers in Handwriting Recognition,142-147,103,2004,4750879246815832263,SP6oXDckpogC,Geoffrey Hinton,JicYPdAAAAAJ
"Deep neural networks for acoustic modeling in speech recognition: the shared views of four research groups. IEEE Signal Process. Mag. 29 (6), 82–97 (2012)","G Hinton, L Deng, D Yu, GE Dahl, A Mohamed, N Jaitly, A Senior, ...",doi. org/,/10.1109/MSP,102,2012,8751911170641245653,UCVoGz2p8ukC,Geoffrey Hinton,JicYPdAAAAAJ
Deep lambertian networks,"Y Tang, R Salakhutdinov, G Hinton",arXiv preprint arXiv:,:1206.6445,101,2012,3507484024351649261,CB2v5VPnA5kC,Geoffrey Hinton,JicYPdAAAAAJ
Separating figure from ground with a Boltzmann machine,"TJ Sejnowski, GE Hinton",,,101,1987,11355937598399820455,O3NaXMp0MMsC,Geoffrey Hinton,JicYPdAAAAAJ
Glove-TalkII: an adaptive gesture-to-formant interface,"S Fels, G Hinton",Proceedings of the SIGCHI conference on Human factors in computing systems …,,100,1995,16318793438382119651,RYcK_YlVTxYC,Geoffrey Hinton,JicYPdAAAAAJ
Learning multiple layers of features from tiny images. Vol. 1,"A Krizhevsky, G Hinton",vol,"1, 7",99,2009,744582818248305376,PQ6BjWB6CiEC,Geoffrey Hinton,JicYPdAAAAAJ
Developing population codes by minimizing description length,"R Zemel, GE Hinton",Advances in neural information processing systems,6,98,1993,"11295182298415466072,15726704415426954968",J_g5lzvAfSwC,Geoffrey Hinton,JicYPdAAAAAJ
Parallel models of associative memory,"JA Feldman, GE Hinton, JA Anderson",,,98,1981,13613300985564310122,Jxw8hHINxX0C,Geoffrey Hinton,JicYPdAAAAAJ
A mobile robot that learns its place,"S Oore, GE Hinton, G Dudek",Neural Computation,"9 (3), 683-699",97,1997,15000986982567211149,ns9cj8rnVeAC,Geoffrey Hinton,JicYPdAAAAAJ
A soft decision-directed LMS algorithm for blind equalization,"SJ Nowlan, GE Hinton",IEEE Transactions on Communications,"41 (2), 275-279",94,1993,2908837319008411539,bFI3QPDXJZMC,Geoffrey Hinton,JicYPdAAAAAJ
What kind of graphical model is the brain?,GE Hinton,IJCAI,"5, 1765-1775",92,2005,14787298336637591274,W5xh706n7nkC,Geoffrey Hinton,JicYPdAAAAAJ
"2013 IEEE international conference on acoustics, speech and signal processing","A Graves, A Mohamed, G Hinton",Ieee,,91,2013,8937320710510503414,U_h31ocWZrQC,Geoffrey Hinton,JicYPdAAAAAJ
Learning to parse images,"GE Hinton, Z Ghahramani, YW Teh",Advances in neural information processing systems,12,91,1999,4139990718027630451,l7t_Zn2s7bgC,Geoffrey Hinton,JicYPdAAAAAJ
Deep mixtures of factor analysers,"Y Tang, R Salakhutdinov, G Hinton",arXiv preprint arXiv:,:1206.4635,90,2012,13678255539173415391,owLR8QvbtFgC,Geoffrey Hinton,JicYPdAAAAAJ
Inferring motor programs from images of handwritten digits,"V Nair, GE Hinton",Advances in neural information processing systems,18,88,2005,15772318861088476375,wbdj-CoPYUoC,Geoffrey Hinton,JicYPdAAAAAJ
Matrix capsules with EM routing,"S Sabour, N Frosst, G Hinton",,"6th international conference on learning representations, ICLR 115",87,2018,12671770557608427108,09LM3QYkMKUC,Geoffrey Hinton,JicYPdAAAAAJ
Layer normalization. CoRR abs/1607.06450 (2016),"LJ Ba, JR Kiros, GE Hinton",arXiv preprint arXiv:,:1607.06450 178,85,2016,509433928898618251,3ssty3PwuTgC,Geoffrey Hinton,JicYPdAAAAAJ
Proceedings of the national conference on artificial intelligence,"SE Fahlman, GE Hinton, TJ Sejnowski",,,85,1983,3684552335028918034,_AkkBXT-jcoC,Geoffrey Hinton,JicYPdAAAAAJ
A desktop input device and interface for interactive 3d character animation,"S Oore, D Terzopoulos, G Hinton",Graphics Interface,"2, 133-140",82,2002,12950520740713233299,OU6Ihb5iCvQC,Geoffrey Hinton,JicYPdAAAAAJ
GTM through time,"CM Bishop, GE Hinton, IGD Strachan",Fifth International Conference on Artificial Neural Networks (Conf. Publ. No …,,82,1997,13262597275337327103,EUQCXRtRnyEC,Geoffrey Hinton,JicYPdAAAAAJ
Modeling natural images using gated MRFs,"MA Ranzato, V Mnih, JM Susskind, GE Hinton",IEEE transactions on pattern analysis and machine intelligence,"35 (9), 2206-2222",80,2013,5098261211217939987,3bvyWxjaHKcC,Geoffrey Hinton,JicYPdAAAAAJ
Tensor analyzers,"Y Tang, R Salakhutdinov, G Hinton",International conference on machine learning,163-171,76,2013,2088491428224991733,LXmCCkuhhTsC,Geoffrey Hinton,JicYPdAAAAAJ
"(1986) David E. Rumelhart, Geoffrey E. Hinton, and Ronald J. Williams, Learning representations by back-propagating errors, Nature 323: 533-536","DE Rumelhart, GE Hinton, RJ Williams",,,76,1988,18435976803220704260,4DpXlaHga4wC,Geoffrey Hinton,JicYPdAAAAAJ
RMSprop gradient optimization,"T Tieleman, G Hinton",URL http://www. cs. toronto. edu/tijmen/csc,c321/slides/lecture_slides_lec6. pdf,74,2014,6477959195655988700,EfTNjLFZ3b0C,Geoffrey Hinton,JicYPdAAAAAJ
Building adaptive interfaces with neural networks: The glove-talk pilot study,"S Fels, GE Hinton",Proceedings of the IFIP TC,C13 Third Interational Conference on Human-Computer …,73,1990,9263002338291486928,SeFeTyx0c_EC,Geoffrey Hinton,JicYPdAAAAAJ
Distilling the knowledge in a neural network. CoRR abs/1503.02531 (2015),"GE Hinton, O Vinyals, J Dean",arXiv preprint arXiv:,:1503.02531,72,2015,10104273626963749767,tsQ8sfJ2mf4C,Geoffrey Hinton,JicYPdAAAAAJ
The bootstrap Widrow-Hoff rule as a cluster-formation algorithm,"GE Hinton, SJ Nowlan",Neural Computation,"2 (3), 355-362",71,1990,11916761105873094303,tS2w5q8j5-wC,Geoffrey Hinton,JicYPdAAAAAJ
The Toronto face dataset,"J Susskind, A Anderson, GE Hinton",Technical Report UTML TR,"2010-001, U. Toronto",70,2010,17396760066458691900,g9YHGIZn7mcC,Geoffrey Hinton,JicYPdAAAAAJ
2012 AlexNet,"A Krizhevsky, I Sutskever, GE Hinton",Adv. Neural Inf. Process. Syst,1-9,69,2012,14668977561691487040,kk7MRXTjMocC,Geoffrey Hinton,JicYPdAAAAAJ
Modeling the joint density of two images under a variety of transformations,"J Susskind, G Hinton, R Memisevic, M Pollefeys",CVPR,"2011, 2793-2800",69,2011,15158860151820536350,p__nRnzSRKYC,Geoffrey Hinton,JicYPdAAAAAJ
Mean field networks that learn to discriminate temporally distorted strings,"CKI Williams, GE Hinton",Connectionist models: Proceedings of the,"1990 summer school, 18-22",69,1991,16785360479321282750,3s1wT3WcHBgC,Geoffrey Hinton,JicYPdAAAAAJ
Dynamic routing between capsules. arXiv,"S Sabour, N Frosst, GE Hinton",arXiv preprint arXiv:,:1710.09829,68,2017,686740713952776690,fXCg-C-QWH4C,Geoffrey Hinton,JicYPdAAAAAJ
Cnn 实际训练的,"BA Krizhevsky, I Sutskever, GE Hinton",Commun. ACM,"60 (6), 84-90",68,2012,889673436967162906,FkBsMxS_Bp0C,Geoffrey Hinton,JicYPdAAAAAJ
G‐maximization: an unsupervised learning procedure for discovering regularities,"BA Pearlmutter, GE Hinton",AIP conference proceedings,"151 (1), 333-338",67,1986,14324448746936505711,1sJd4Hv_s6UC,Geoffrey Hinton,JicYPdAAAAAJ
Visualizing data using t-sne journal of machine learning research,"G Hinton, L Van Der Maaten",Journal of Machine Learning Research,"9 (2579-2605), 4",66,2008,17692275562031731394,BzPC9jo9PWgC,Geoffrey Hinton,JicYPdAAAAAJ
Deep Belief Nets.,GE Hinton,Encyclopedia of Machine Learning,267-269,64,2010,5934221829754594336,MIg0yeAD4ggC,Geoffrey Hinton,JicYPdAAAAAJ
Self supervised boosting,"M Welling, R Zemel, GE Hinton",Advances in neural information processing systems,15,64,2002,10510550065663996157,BrmTIyaxlBUC,Geoffrey Hinton,JicYPdAAAAAJ
Dynamic routing between capsules. arXiv 2017,"S Sabour, N Frosst, GE Hinton",arXiv preprint arXiv:,:1710.0982,64,NA,10680200095377474143,jg3FfqxSHJQC,Geoffrey Hinton,JicYPdAAAAAJ
Dark knowledge,"G Hinton, O Vinyals, J Dean",Presented as the keynote in BayLearn,"2 (2), 4",61,2014,15226174167163413459,M_lZXyI38BkC,Geoffrey Hinton,JicYPdAAAAAJ
Salakhutdinov RDropout: a simple way to prevent neural networks from overfittingJ,"N Srivastava, G Hinton, A Krizhevsky, I Sutskever",Mach. Learn. Res,20141511929-195832315921318.6815,60,NA,9555741207787712402,N0GlzNNR4l8C,Geoffrey Hinton,JicYPdAAAAAJ
Neighbourhood component analysis,"S Roweis, G Hinton, R Salakhutdinov",Adv. Neural Inf. Process. Syst.(NIPS),"17 (513-520), 4",59,2004,1525809523349385648,RXiHnyRawswC,Geoffrey Hinton,JicYPdAAAAAJ
Temporal-kernel recurrent neural networks,"I Sutskever, G Hinton",Neural Networks,"23 (2), 239-243",58,2010,9835701338067515037,tuHXwOkdijsC,Geoffrey Hinton,JicYPdAAAAAJ
How to do backpropagation in a brain,G Hinton,Invited talk at the NIPS’,"’2007 deep learning workshop 656, 1-16",58,2007,16104515181091058523,WWeOtg8bX_EC,Geoffrey Hinton,JicYPdAAAAAJ
Learning mixture models of spatial coherence,"S Becker, GE Hinton",Neural Computation,"5 (2), 267-277",58,1993,4845705080121318152,yD5IFk8b50cC,Geoffrey Hinton,JicYPdAAAAAJ
Adaptive soft weight tying using gaussian mixtures,"S Nowlan, GE Hinton",Advances in Neural Information Processing Systems,4,58,1991,3901467283878951743,tOudhMTPpwUC,Geoffrey Hinton,JicYPdAAAAAJ
Discovering viewpoint-invariant relationships that characterize objects,"R Zemel, GE Hinton",Advances in neural information processing systems,3,58,1990,7127819763326456855,b0M2c_1WBrUC,Geoffrey Hinton,JicYPdAAAAAJ
Spiking boltzmann machines,"GE Hinton, A Brown",Advances in neural information processing systems,12: proceedings of the …,57,2000,5794719817488395538,B3FOqHPlNUQC,Geoffrey Hinton,JicYPdAAAAAJ
"Lecture 6d-a separate, adaptive learning rate for each connection","G Hinton, N Srivastava, K Swersky",Slides of lecture neural networks for machine learning,"1, 1-31",56,2012,12156753592265461767,Xxrp-jDxsD4C,Geoffrey Hinton,JicYPdAAAAAJ
"Learning Multiple Layers of Features from Tiny Images. University of Toronto; Toronto, ON","A Krizhevsky, G Hinton",Canada:,2009. Technical Report.[Google Scholar],56,2009,18071756958395986545,uQyLbZAWguAC,Geoffrey Hinton,JicYPdAAAAAJ
A hierarchical community of experts,"GE Hinton, B Sallans, Z Ghahramani",Learning in graphical models,479-494,56,1998,"4982772903779943402,7505704280375398811",UxriW0iASnsC,Geoffrey Hinton,JicYPdAAAAAJ
Spatial Coherence as an Internal Teacher for a Neural Network,GE Hinton,"Backpropagation: theory, architectures, and applications",313,56,1995,18197608182979589198,uDGL6kOW6j0C,Geoffrey Hinton,JicYPdAAAAAJ
Dimensionality reduction and prior knowledge in e-set recognition,"K Lang, GE Hinton",Advances in neural information processing systems,2,56,1989,11933694272677489950,geHnlv5EZngC,Geoffrey Hinton,JicYPdAAAAAJ
Distilling the knowledge in a neural network. arXiv preprint arXiv: 150302531,"G Hinton, O Vinyals, J Dean",arXiv preprint arXiv:,:1503.02531 2 (7),55,2015,15700055920826360076,y7JhAc_VBLgC,Geoffrey Hinton,JicYPdAAAAAJ
Vinyals O Dean J Distilling the knowledge in a neural network,G Hinton,Computer Science,"14 (7), 38",54,2015,17857052915486402271,ZpfHopiqs50C,Geoffrey Hinton,JicYPdAAAAAJ
"others,“Deep Neural Networks for Accoustic Modelling in Speech Recognition”","G Hinton, L Deong, D Yu, G Dahl",IEEE Signal processing magazine,,54,2012,10942577329681135817,FnaCo-ypupUC,Geoffrey Hinton,JicYPdAAAAAJ
Comparing classification methods for longitudinal fMRI studies,"T Schmah, G Yourganov, RS Zemel, GE Hinton, SL Small, SC Strother",Neural computation,"22 (11), 2729-2762",53,2010,12136277268920620166,evX43VCCuoAC,Geoffrey Hinton,JicYPdAAAAAJ
Analysis-by-synthesis by learning to invert generative black boxes,"V Nair, J Susskind, GE Hinton",International conference on artificial neural networks,971-981,53,2008,10082543149272156458,MLfJN-KU85MC,Geoffrey Hinton,JicYPdAAAAAJ
Salakhutdinov,"GE Hinton, N Srivastava, A Krizhevsky, I Sutskever",Improving neural networks by preventing co-adaptation of feature detectors,,52,2012,"2454392840792204692,7835679306514806201",GO5CT2y9xrEC,Geoffrey Hinton,JicYPdAAAAAJ
Multiple relational embedding,"R Memisevic, GE Hinton",Advances in neural information processing systems,17,51,2004,12129612188893611066,5ugPr518TE4C,Geoffrey Hinton,JicYPdAAAAAJ
"Parallel distributed processing: Explorations in the microstructure of cognition, vol. 1. chap. Learning Internal Representations by Error Propagation","DE Rumelhart, GE Hinton, RJ Williams","MIT Press, Cambridge, MA, USA",,48,1986,14039034898215633952,C5mqfHIFIucC,Geoffrey Hinton,JicYPdAAAAAJ
Products of hidden markov models,"AD Brown, GE Hinton",International Workshop on Artificial Intelligence and Statistics,21-28,47,2001,1070836033653757009,WbkHhVStYXYC,Geoffrey Hinton,JicYPdAAAAAJ
Solving random-dot stereograms using the heat equation,"R Szeliski, G Hinton",IEEE Computer Society Conference on Computer Vision and Pattern Recognition …,,46,1985,6843585093966944537,738O_yMBCRsC,Geoffrey Hinton,JicYPdAAAAAJ
"Deep learning. nature 521, 7553 (2015), 436–444","Y LeCun, Y Bengio, G Hinton",Cited on,78,45,2015,2736263422916509507,Np1obAXpBq8C,Geoffrey Hinton,JicYPdAAAAAJ
The relative accuracy of a variety of medical diagnostic programs,"BS Todd, R Stamper",Methods of information in medicine,"33 (04), 402-416",45,1994,15929592627408187306,pZYLKkizsIQC,Geoffrey Hinton,JicYPdAAAAAJ
"RR Salakhutdinov Reducing the dimensionality of data with neural networks., 2006, 313",GE Hinton,DOI: https://doi. org/,"/10.1126/science 1127647, 504-50",44,NA,5507997178172333252,_WP0DvM6eX8C,Geoffrey Hinton,JicYPdAAAAAJ
Learning representations by back-propagation errors,"D Ruhmelhart, G Hinton, R Wiliams",Nature,"323 (533-536), 10",43,1986,17463981691177068419,FGHlONkF9GcC,Geoffrey Hinton,JicYPdAAAAAJ
Evaluating the interface of a document processor: a comparison of expert judgement and user observation,"N Hammond, G Hinton, P Barnard, A MacLean, J Long, A Whitefield",Human-Computer Interaction-INTERACT,84,43,1984,4160975493975718445,artPoR2Yc-kC,Geoffrey Hinton,JicYPdAAAAAJ
GEMINI: Gradient estimation through matrix inversion after noise injection,"Y Le Cun, C Galland, GE Hinton",Advances in neural information processing systems,1,42,1988,17993806492835719737,HE397vMXCloC,Geoffrey Hinton,JicYPdAAAAAJ
Distilling the knowledge in a neural network Comput,"G Hinton, O Vinyals, J Dean",Sci,"14 (7), 38",41,2015,15351559829349374678,renmPk63pRgC,Geoffrey Hinton,JicYPdAAAAAJ
Wie neuronale Netze aus Erfahrung lernen,GE Hinton,Spektrum der wissenschaft,"11 (1992), 134-143",41,1992,15465063127417587601,-ZoC36zw86wC,Geoffrey Hinton,JicYPdAAAAAJ
TRAFFIC: Recognizing objects using hierarchical reference frame transformations,"R Zemel, MC Mozer, GE Hinton",Advances in neural information processing systems,2,40,1989,18049562880621314509,sSrBHYA8nusC,Geoffrey Hinton,JicYPdAAAAAJ
"Learning representations by backpropagating errors. nature, 323 (6088), 533-536","DE Rumelhart, GE Hinton, RJ Williams",DOI: https://doi. org/,/10.1038/323533a0,40,1986,14107722595706920974,Rj7SuZOA3CsC,Geoffrey Hinton,JicYPdAAAAAJ
Discovering multiple constraints that are frequently approximately satisfied,"GE Hinton, YW Teh",arXiv preprint arXiv:,:1301.2278,39,2013,14844299339268700838,eJXPG6dFmWUC,Geoffrey Hinton,JicYPdAAAAAJ
The shared views of four research groups,GE Hinton,IEEE. Signal. Process. Mag,"29 (6), 82-97",39,2012,"11877872757936011630,12560324516592698760",mpaOjDK6XBIC,Geoffrey Hinton,JicYPdAAAAAJ
Why the islands move,"E Hutchins, GE Hinton",Perception,"13 (5), 629-632",39,1984,7141059087197545321,XiVPGOgt02cC,Geoffrey Hinton,JicYPdAAAAAJ
Some computational solutions to Bernstein's problems,G Hinton,Human Motor Actions—Bernstein Reassessed,413-438,39,1984,"1286678930768531506,1806195815934889482",tH6gc1N1XXoC,Geoffrey Hinton,JicYPdAAAAAJ
Evolution of artificial neural network architecture: prediction of depression after mania,"MF Jefferson, N Pendleton, CP Lucas, SB Lucas, MA Horan",Methods of information in medicine,"37 (03), 220-225",38,1998,2279722591110561425,_09KEOFGu60C,Geoffrey Hinton,JicYPdAAAAAJ
Hierarchical non-linear factor analysis and topographic maps,"Z Ghahramani, GE Hinton",Advances in neural information processing systems,10,37,1997,2235971061233893101,vRqMK49ujn8C,Geoffrey Hinton,JicYPdAAAAAJ
Proceedings of the Ninth Annual Cognitive Science Society Conference,"GE Hinton, DC Plaut",,,37,1987,10174464718199678497,1HYIo8DVeu0C,Geoffrey Hinton,JicYPdAAAAAJ
On the importance of momentum and initialization in deep learning,"I Sutskever, J Martens, G Dahl, G Hinton",,"30th International Conference on Machine Learning, 404-439",36,2013,8935610677147751568,mu2_AnMl8iYC,Geoffrey Hinton,JicYPdAAAAAJ
Learning generative texture models with extended Fields-of-Experts,"N Heess, CKI Williams, GE Hinton",Proceedings of the British Machine Vision Conference,115.1-115.11,36,2009,119176336441795484,uJ-U7cs_P_0C,Geoffrey Hinton,JicYPdAAAAAJ
Efficient stochastic source coding and an application to a Bayesian network source model,"BJ Frey, GE Hinton",The Computer Journal,"40 (2_and_3), 157-165",36,1997,5014072774107993024,hkOj_22Ku90C,Geoffrey Hinton,JicYPdAAAAAJ
An unsupervised learning procedure that discovers surfaces in random-dot stereograms,"GE Hinton, S Becker",Proceedings of the International Joint Conference on Neural Networks,"1, 218-222",36,1990,16198360166388464801,bnK-pcrLprsC,Geoffrey Hinton,JicYPdAAAAAJ
Using free energies to represent Q-values in a multiagent reinforcement learning task,"B Sallans, GE Hinton",Advances in Neural Information Processing Systems,13,35,2000,9235534049305198865,V3AGJWp-ZtQC,Geoffrey Hinton,JicYPdAAAAAJ
Guest editorial: Deep learning,"MA Ranzato, G Hinton, Y LeCun",International Journal of Computer Vision,"113 (1), 1-2",34,2015,7196244720375611512,tz746QTLzJkC,Geoffrey Hinton,JicYPdAAAAAJ
Artificial intelligence and statistics,"R Salakhutdinov, G Hinton",PMLR,,34,2009,1541987260803329128,0Kh4an1R61UC,Geoffrey Hinton,JicYPdAAAAAJ
Learning nonlinear constraints with contrastive backpropagation,"A Mnih, G Hinton",Proceedings.,2005 IEEE International Joint Conference on Neural Networks …,34,2005,18369456880318171045,ILKRHgRFtOwC,Geoffrey Hinton,JicYPdAAAAAJ
Learning causally linked markov random fields,"G Hinton, S Osindero, K Bao",International Workshop on Artificial Intelligence and Statistics,128-135,34,2005,8905461535179977440,fQNAKQ3IYiAC,Geoffrey Hinton,JicYPdAAAAAJ
A mode-hopping MCMC sampler,"C Sminchisescu, M Welling, G Hinton",Technical Report CSRG-,"-478, University of Toronto, submitted to Machine …",34,2003,1027197936564383155,tkaPQYYpVKoC,Geoffrey Hinton,JicYPdAAAAAJ
Entering the black box of neural networks,"PS Heckerling, BS Gerber, TG Tape, RS Wigton",Methods of information in medicine,"42 (03), 287-296",34,2003,10954348375519114061,AbS6eEh_b9AC,Geoffrey Hinton,JicYPdAAAAAJ
Local physical models for interactive character animation,"S Oore, D Terzopoulos, G Hinton",Computer Graphics Forum,"21 (3), 337-346",33,2002,"725734352209650488,12341980081457657761",8AbLer7MMksC,Geoffrey Hinton,JicYPdAAAAAJ
Parameter estimation for linear dynamical systems (Technical Report CRG-TR-96–2),"Z Ghahramani, GE Hinton","Toronto, ON: University of Toronto, Dept. of Computer Science",,33,1996,3427959372090429593,HJSXoJQnj-YC,Geoffrey Hinton,JicYPdAAAAAJ
Using relaxation to find a puppet,GE Hinton,Proc. of the AISB Summer Conference,148-157,32,1976,11941144578126172555,gVv57TyPmFsC,Geoffrey Hinton,JicYPdAAAAAJ
System and method for labelling aerial images,"V Mnih, GE Hinton",US Patent,"9,704,068",31,2017,"8075537258644527138,1724656216914850076",KWzIFqRkAKkC,Geoffrey Hinton,JicYPdAAAAAJ
"Distilling the knowledge in a neural network, arXiv preprint (2015)","G Hinton, O Vinyals, J Dean",arXiv preprint arXiv:,:1503.02531 10,31,2015,8277591104818850931,MRFs4rWx_PcC,Geoffrey Hinton,JicYPdAAAAAJ
Proceedings of the 1988 connectionist models summer school,GE Hinton,Morgan Kaufman,,31,1989,8503041365189089911,w9ZB08sdvuUC,Geoffrey Hinton,JicYPdAAAAAJ
Improving a statistical language model through non-linear prediction,"A Mnih, Z Yuecheng, G Hinton",Neurocomputing,"72 (7-9), 1414-1418",30,2009,3735163925988456068,epqYDVWIO7EC,Geoffrey Hinton,JicYPdAAAAAJ
Using matrices to model symbolic relationship,"I Sutskever, GE Hinton",Advances in neural information processing systems,21,30,2008,7602630775821085278,URolC5Kub84C,Geoffrey Hinton,JicYPdAAAAAJ
Free energy coding,"BJ Frey, GE Hinton",Proceedings of Data Compression Conference-DCC',"'96, 73-81",30,1996,15299312926189671559,Fu2w8maKXqMC,Geoffrey Hinton,JicYPdAAAAAJ
Delve data sets,"CE Rasmussen, RM Neal, G Hinton, D Camp, M Revow, Z Ghahramani, ...",,,30,1996,13168443833130392791,60iIaj97TE0C,Geoffrey Hinton,JicYPdAAAAAJ
Deterministic Boltzmann learning in networks with asymmetric connectivity,"CC Galland, GE Hinton",Connectionist Models: Proceedings of the,"1990 Summer School, 3-9",29,1991,13074078061600633912,vDZJ-YLwNdEC,Geoffrey Hinton,JicYPdAAAAAJ
Rumelhart,"DE Rumelhart, GE Hinton, RJ Williams",Parallel and Distributed Processing,,29,1977,1847620853866556307,lPDSu1ZU3VAC,Geoffrey Hinton,JicYPdAAAAAJ
When does label smoothing help? arXiv 2019,"R Müller, S Kornblith, G Hinton",arXiv preprint arXiv:,:1906.0262,29,NA,5290307368327300399,9PmR9Y676FQC,Geoffrey Hinton,JicYPdAAAAAJ
Deep learning for speech recognition and related applications,"L Deng, D Yu, G Hinton",NIPS workshop,,28,2009,1160846204246323630,LWqeokA2EBkC,Geoffrey Hinton,JicYPdAAAAAJ
Learning hierarchical structures with linear relational embedding,APGE Hinton,Advances in neural information processing systems,14: proceedings of the …,28,2002,3999853003368094439,Bg7qf7VwUHIC,Geoffrey Hinton,JicYPdAAAAAJ
Coaching variables for regression and classification,"R Tibshirani, G Hinton",Statistics and Computing,"8, 25-33",28,1998,10005178117204479225,eMMeJKvmdy0C,Geoffrey Hinton,JicYPdAAAAAJ
Proceedings of the Ninth International Joint Conference on Artificial Intelligence,"DS Touretzky, GE Hinton",,,28,1985,1280371586762736885,HygtOXotxAUC,Geoffrey Hinton,JicYPdAAAAAJ
An efficient learning procedure for deep Boltzmann machines,"G Hinton, R Salakhutdinov",Neural Comput,"24 (8), 1967-2006",27,2012,360329000693370896,5o6HiIVP414C,Geoffrey Hinton,JicYPdAAAAAJ
Computer-supported diagnosis of melanoma in profilometry,"H Handels, T Ross, J Kreusch, HH Wolff, SJ Pöppl",Methods of Information in Medicine,"38 (01), 43-49",27,1999,12021379069743319669,P_fFXc30I2UC,Geoffrey Hinton,JicYPdAAAAAJ
The ups and downs of Hebb synapses.,G Hinton,Canadian Psychology/Psychologie canadienne,"44 (1), 10",26,2003,15427183877826622932,0KyAp5RtaNEC,Geoffrey Hinton,JicYPdAAAAAJ
A new view of ICA,"GE Hinton, M Welling, YW Teh, S Osindero",Proceedings of,3rd International Conference on Independent Component …,26,2001,11047081671310129292,eflP2zaiRacC,Geoffrey Hinton,JicYPdAAAAAJ
Morgan-Kaufmann: Burlington,"DS Touretzky, G Hinton, T Sejnowski","MA, USA",2,26,1989,4604941437360454557,dQJM2trw0wsC,Geoffrey Hinton,JicYPdAAAAAJ
Imagery without arrays,G Hinton,Behavioral and Brain Sciences,"2 (4), 555-556",26,1979,13144553264004397070,otzGkya1bYkC,Geoffrey Hinton,JicYPdAAAAAJ
Using an autoencoder with deformable templates to discover features for automated speech recognition.,"N Jaitly, GE Hinton",INTERSPEECH,1737-1740,25,2013,5659098856943550952,zwpXiJ37cpgC,Geoffrey Hinton,JicYPdAAAAAJ
Computation by neural networks,GE Hinton,nature neuroscience,"3 (11), 1170-1170",25,2000,10050698565877160610,JQOojiI6XY0C,Geoffrey Hinton,JicYPdAAAAAJ
Proceedings of the connectionist models summer school,"PJB Hancock, D Touretzky, G Hinton, T Sejnowski",,,25,1989,2415802850062916126,lf0D1wPZyaoC,Geoffrey Hinton,JicYPdAAAAAJ
Does the brain do inverse graphics,"G Hinton, A Krizhevsky, N Jaitly, T Tieleman, Y Tang",Brain and Cognitive Sciences Fall Colloquium,2,24,2012,9008567295355267006,uoRD4RTSUPoC,Geoffrey Hinton,JicYPdAAAAAJ
Machine learning for neuroscience,GE Hinton,Neural systems & circuits,"1 (1), 12",24,2011,10350555389341678246,IRz6iEL74y4C,Geoffrey Hinton,JicYPdAAAAAJ
Deep boltzmann machines,"S Ruslan, H Geoffrey",J Mach Learn Res,"24 (5), 448-455",24,2009,17861190513180816206,zDhyt2jClVkC,Geoffrey Hinton,JicYPdAAAAAJ
Visualizing data using t-SNE. journal of Machine Learning Research 9,"L van der Maaten, G Hinton",Nov,(2008),24,2008,7331076022833803995,EGhj4itiAA0C,Geoffrey Hinton,JicYPdAAAAAJ
A simple algorithm that discovers efficient perceptual codes,"BJ Frey, P Dayan, GE Hinton",Computational and Psychophysical Mechanisms of Visual Coding. Cambridge …,,24,1997,11064739748221835832,SdhP9T11ey4C,Geoffrey Hinton,JicYPdAAAAAJ
Symbols among the neurons: of a connectionist inference architecture,"DS Touretzky, GE Hinton",Proceedings of the International Joint Conference on Artificial Intelligence …,,24,1985,14058162396654514780,AUmYgNQ2pq4C,Geoffrey Hinton,JicYPdAAAAAJ
System and method for generating training cases for image classification,"A Krizhevsky, I Sutskever, GE Hinton",US Patent,"9,251,437",23,2016,16353982566617636452,ymY9cBF3mdcC,Geoffrey Hinton,JicYPdAAAAAJ
Autoregressive product of multi-frame predictions can improve the accuracy of hybrid models.,"N Jaitly, V Vanhoucke, GE Hinton",INTERSPEECH,1905-1909,23,2014,11142934800340696753,pQTOvowfQioC,Geoffrey Hinton,JicYPdAAAAAJ
Learning multiple layers of features from tiny images (2009),"K Alex, H Geoffrey",Google Scholar Google Scholar Reference,1,23,2009,9521136932082614113,zG6RlwjYRPQC,Geoffrey Hinton,JicYPdAAAAAJ
Modeling pigeon behavior using a Conditional Restricted Boltzmann Machine.,"MD Zeiler, GW Taylor, NF Troje, GE Hinton",ESANN,,23,2009,6776102489863215669,ipzZ9siozwsC,Geoffrey Hinton,JicYPdAAAAAJ
Wormholes improve contrastive divergence,"M Welling, A Mnih, GE Hinton",Advances in Neural Information Processing Systems,16,23,2003,18005493299835231968,VL0QpB8kHFEC,Geoffrey Hinton,JicYPdAAAAAJ
Instantiating deformable models with a neural net,"CKI Williams, M Revow, GE Hinton",Computer vision and image understanding,"68 (1), 120-126",22,1997,11288443468067080556,PELIpwtuRlgC,Geoffrey Hinton,JicYPdAAAAAJ
Parallel Distrilmted Processing,"G Hinton, T Sejnowski, DE Rumelhart, JL McClelland",,,22,1986,8340514146690482117,1_W9tMSvGuwC,Geoffrey Hinton,JicYPdAAAAAJ
//Proc. Advances in Neural Inform.,"A Krizhevsky, I Sutskever, G Hinton",Proces. Systems.,"2012. V. 25. 25, 1090",21,2012,5614936233380913052,gxb_f1p9zx4C,Geoffrey Hinton,JicYPdAAAAAJ
"Learning Multiple Layers of Features from Tiny Images.(2009), 32–33","A Krizhevsky, G Hinton",URL: https://www. cs. toronto. edu/~ kriz/learning-features-,-2009-TR. pdf,21,2009,16987344176523027837,zCpYd49hD24C,Geoffrey Hinton,JicYPdAAAAAJ
Learning multiple layers of features from tiny images,"G Hinton, A Krizhevsky","Technical report, University of Toronto",,21,2009,16465799714489188772,gPamCmV4epEC,Geoffrey Hinton,JicYPdAAAAAJ
Improving dimensionality reduction with spectral gradient descent,"R Memisevic, G Hinton",Neural networks,"18 (5-6), 702-710",21,2005,11546953208720268034,LI9QrySNdTsC,Geoffrey Hinton,JicYPdAAAAAJ
Extracting distributed representations of concepts and relations from positive and negative propositions,"A Paccanaro, GE Hinton",Proceedings of the IEEE-INNS-ENNS International Joint Conference on Neural …,,21,2000,3033786016717757742,WqliGbK-hY8C,Geoffrey Hinton,JicYPdAAAAAJ
Using pairs of data-points to define splits for decision trees,"GE Hinton, M Revow",Advances in Neural Information Processing Systems,8,21,1995,11603201658364542790,_B80troHkn4C,Geoffrey Hinton,JicYPdAAAAAJ
A better way to learn features: technical perspective,GE Hinton,Communications of the ACM,"54 (10), 94-94",20,2011,5306671505825420838,GtLg2Ama23sC,Geoffrey Hinton,JicYPdAAAAAJ
Boltzmann machines,GE Hinton,Retrieved from Canada: https://www. cs. toronto. edu/~ hinton/csc,c321 …,20,2007,18105748963700516540,WzbvD7BMtBoC,Geoffrey Hinton,JicYPdAAAAAJ
Readings in cognitive science,"D Rumelhart, G Hinton, R Williams",California Univ San Diego La Jolla Inst for Cognitive Science,399-421,20,1988,13077398413563442915,s-mE-ZzancgC,Geoffrey Hinton,JicYPdAAAAAJ
Convolutional Deep Belief Networks on Cifar-10; 2010,"A Krizhevsky, G Hinton",,40p Unpublished wor,20,NA,17186825837604786961,7xtfDMUJqJkC,Geoffrey Hinton,JicYPdAAAAAJ
"University of Toronto: Toronto, ON","A Krizhevsky, G Hinton","ON, Canada",,19,2009,11612030810390159116,c6chOJGeGucC,Geoffrey Hinton,JicYPdAAAAAJ
Visualizing Data using t-SNE Laurens van der Maaten,"LVU Nl, G Hinton",J. Mach. Learn. Res,"1, 1-48",19,2008,12999438116943116700,1Lk_dUza_R0C,Geoffrey Hinton,JicYPdAAAAAJ
Glove-TalkII: Mapping hand gestures to speech using neural networks,"S Fels, GE Hinton",Advances in neural information processing systems,7,19,1994,11264409356224657862,WIXB4To3Tx4C,Geoffrey Hinton,JicYPdAAAAAJ
Une nouvelle approche de la cognition: le connexionnisme,"JL McClelland, DE Rumelhart, GE Hinton",Le débat,45-64,19,1987,16532051122446661830,5awf1xo2G04C,Geoffrey Hinton,JicYPdAAAAAJ
Learning semantic features,"GE Hinton, TJ Sejnowski",Proceedings of the Annual Meeting of the Cognitive Science Society,6,19,1984,10697762421004908985,KR6TXPE-FHQC,Geoffrey Hinton,JicYPdAAAAAJ
"Dropout: A simple way to prevent neural networks from overfitting, 2014","N Srivastava, G Hinton, A Krizhevsky, I Sutskever, R Salakhutdinov",URL: https://api. semanticscholar. org/CorpusID,6844431,18,2016,10728953027903007504,xpFxhiwfz1QC,Geoffrey Hinton,JicYPdAAAAAJ
Improving neural networks by preventing co-adaptation of feature detectors. arXiv preprint arXiv,"G Hinton, N Srivastava, A Krizhevsky, I Sutskever, R Salakhutdinov",arXiv preprint arXiv:,:1207.0580,18,2012,13375875139284595650,b8wqy9DyMDUC,Geoffrey Hinton,JicYPdAAAAAJ
Connectionist models summer school,"D Touretzky, G Hinton",Los Altos,,18,1988,"17549526734554125836,2026943613244614981",kQqwFFzsCTwC,Geoffrey Hinton,JicYPdAAAAAJ
The role of spatial working memory in shape perception,GE Hinton,Proceedings of the Annual Meeting of the Cognitive Science Society,3,18,1981,5923299397978560400,gKiMpY-AVTkC,Geoffrey Hinton,JicYPdAAAAAJ
Divide the gradient by a running average of its recent magnitude,"G Hinton, S Nitish, K Swersky",Neural Networks for Machine Learning,,17,2011,14387581862017751270,dhZ1Wuf5EGsC,Geoffrey Hinton,JicYPdAAAAAJ
A new way to learn acoustic events,"N Jaitly, GE Hinton",Advances in Neural Information Processing Systems,24,17,2011,9022250687499090024,FiDNX6EVdGUC,Geoffrey Hinton,JicYPdAAAAAJ
The EM algorithm for mixtures of factor analyzers Technical Report,"Z Ghahramani, GE Hinton",University of Toronto,,17,1997,10964443498037032386,2mikiJ1VBVsC,Geoffrey Hinton,JicYPdAAAAAJ
Hand-printed digit recognition using deformable models,"CKI Williams, MD Revow, GE Hinton",Spatial Vision in Humans and Robots,1-23,17,1993,14119229643563796409,7T2F9Uy0os0C,Geoffrey Hinton,JicYPdAAAAAJ
"Learning Internal Representations by Err~ r Propagation. Parallel Distributed Processing: Explorations in the Microstructures of Cognition, Vol. 1","D Rumelhart, GE Hinton, RJ Williams","MIT Press: Cambridge, MA",,17,1986,"16581483984619404999,11784337329318594705,9382596986495193311",M3zsPnPgUlUC,Geoffrey Hinton,JicYPdAAAAAJ
"PDP: Computational models of cognition and perception, I","DE Rumelhart, GE Hinton, RJ Williams","I, chapter Learning internal representations by error propagation",319-362,17,1986,5510264766256089435,sJPMR1oEGYQC,Geoffrey Hinton,JicYPdAAAAAJ
The Helmholtz machine through time,"G Hinton, P Dayan, A To, R Neal",ICANN-,"-95, 483-490",16,1995,12189993012805030575,yB1At4FlUx8C,Geoffrey Hinton,JicYPdAAAAAJ
TRAFFIC: A model of object recognition based on transformations of feature instances,"RS Zemel, MC Mozer, GE Hinton",Proc.,"1988 Connectionist Models Summer School, 452-461",16,1988,7450360865575292680,kzcSZmkxUKAC,Geoffrey Hinton,JicYPdAAAAAJ
"Lookahead optimizer: K steps forward, 1 step back. arXiv 2019","MR Zhang, J Lucas, G Hinton, J Ba",arXiv preprint arXiv:,:1907.0861,16,NA,2076685958030004546,RwQ8IgSj6xkC,Geoffrey Hinton,JicYPdAAAAAJ
Semantic hashing,"S Ruslan, H Geoffrey",International Journal of Approximate Reasoning,"50 (7), 969-978",15,2009,16282896440334545612,zmHQPunddckC,Geoffrey Hinton,JicYPdAAAAAJ
Minimizing description length in an unsupervised neural network,"GE Hinton, RS Zemel",Preprint,,15,1997,4240389047687785385,uWiczbcajpAC,Geoffrey Hinton,JicYPdAAAAAJ
Distilling the knowledge in a neural network [EB/OL],"G HINTON, O VINYALS, J DEAN",Distilling the knowledge in a neural network [EB/OL],3,14,2015,10102969454687655503,YnriW4MgZhwC,Geoffrey Hinton,JicYPdAAAAAJ
Proceedings of the Tenth International Workshop on Artificial Intelligence and Statistics,"MA Carreira-Perpinan, GE Hinton",Society for Artificial Intelligence and Statistics,,14,2005,2592763700574856082,WYleWgRJor0C,Geoffrey Hinton,JicYPdAAAAAJ
Relaxing the hyperplane assumption in the analysis and modification of back-propagation neural networks,"LY Pratt, AN Christensen",Cybernetics and Systems,"9, 1711-1718",14,1994,18368352405011308747,5uu-MYFt2EcC,Geoffrey Hinton,JicYPdAAAAAJ
Discovering high order features with mean field modules,"CC Galland, GE Hinton",Advances in neural information processing systems,"2, 509-515",14,1990,970394141819188784,1yQoGdGgb4wC,Geoffrey Hinton,JicYPdAAAAAJ
Using connectionist modules for decision support,G Hripcsak,Methods of information in medicine,"29 (03), 167-181",14,1990,8971443092759754000,Xtec1x7NZGAC,Geoffrey Hinton,JicYPdAAAAAJ
Neural network architectures for artificial intelligence,GE Hinton,American Association for Artificial Intelligence,,14,1988,4989912101564706810,z_wVstp3MssC,Geoffrey Hinton,JicYPdAAAAAJ
"Neurocomputing: Foundations of Research, Learning Representations by Back-propagating Errors","DE Rumelhart, GE Hinton, RJ Williams","MIT Press, Cambridge, MA, USA",,14,1988,8346329870672769236,it4f3qIuXWYC,Geoffrey Hinton,JicYPdAAAAAJ
"Parallel Distributed Processing. Exploration of the Microstructure of Cognition. vol. 1: Foundations, DE Rumelhart and JL McClelland","DE Rumelhart, GE Hinton, RJ Williams",MIT Press,,14,1986,5512744140660394475,hNSvKAmkeYkC,Geoffrey Hinton,JicYPdAAAAAJ
"Distilling the knowledge in a neural network, 2 (7)(2015)","G Hinton, O Vinyals, J Dean",arXiv preprint arXiv:,:1503.0253,14,NA,4573599337609125424,lAj_JhtUatoC,Geoffrey Hinton,JicYPdAAAAAJ
"Acoustics, speech and signal processing (icassp), 2013 ieee international conference on","A Graves, A Mohamed, G Hinton",Speech recognition with deep recurrent neural networks,6645-6649,13,2013,5187255529575998608,jODAHDUrbwUC,Geoffrey Hinton,JicYPdAAAAAJ
Imagenet,"A Krizhevsky, I Sutskever, H Geoffrey",Adv. Neural Inf. Process. Syst.,25,13,2012,11644954405066412928,fHS53ZCY-AEC,Geoffrey Hinton,JicYPdAAAAAJ
CSC321: introduction to neural networks and machine learning,"G Hinton, N Srivastava",Lecture,10,13,2010,5699908727323317615,pUxgyZctzPYC,Geoffrey Hinton,JicYPdAAAAAJ
Learning to make coherent predictions in domains with discontinuities,"S Becker, GE Hinton",Advances in Neural Information Processing Systems,4,13,1991,3902585368224226320,ZuybSZzF8UAC,Geoffrey Hinton,JicYPdAAAAAJ
Phoneme recognition using time-delay neural networks (Technical Report TR-I-0006),"A Waibel, T Hanazawa, G Hinton, K Shikano, K Lang",Japan: Advanced Telecommunications Research Institute,,13,1987,5072648046235760133,hGdtkIFZdKAC,Geoffrey Hinton,JicYPdAAAAAJ
Dropout: 509 A Simple Way to Prevent Neural Networks from Overfitting,"N Srivastava, G Hinton, A Krizhevsky, I Sutskever, R Salakhutdinov",The journal of machine learning,"451, 1929-195",13,NA,9571953213209954576,kyHTWmgVackC,Geoffrey Hinton,JicYPdAAAAAJ
Products of hidden Markov models: It takes N> 1 to tango,"GW Taylor, GE Hinton",arXiv preprint arXiv:,:1205.2614,12,2012,5326309058276298022,WZBGuue-350C,Geoffrey Hinton,JicYPdAAAAAJ
COURSERA: Neural Networks Mach,"T Tieleman, G Hinton",Learn,"4, 26",12,2012,4893354966222893479,zEYdoEEwLqEC,Geoffrey Hinton,JicYPdAAAAAJ
Neural networks for machine learning,"H Geoffrey, S Nitsh, S Kevin",Coursera. Video lectures,,12,2012,12584326208601287204,xMZGxf1v-3YC,Geoffrey Hinton,JicYPdAAAAAJ
"Neural Networks for Machine Learning, Lecture 6.5—RMSProp","T Tieleman, G Hinton",Coursera.[(accessed on,26 January 2019)],12,2012,2668004558456419690,wyoMR1qFDH8C,Geoffrey Hinton,JicYPdAAAAAJ
Probabilistic sequential independent components analysis,"M Welling, RS Zemel, GE Hinton",IEEE Transactions on Neural Networks,"15 (4), 838-849",12,2004,11119164865413660366,Z5m8FVwuT1cC,Geoffrey Hinton,JicYPdAAAAAJ
Data for evaluating learning in valid experiments (delve),"CE Rasmussen, R Neal, G Hinton, D Camp, M Revow, Z Ghahramani, ...","Univ. Toronto, Toronto, ON, Canada, Tech. Rep",1,12,2003,11293518581089889083,SAZ1SQo2q1kC,Geoffrey Hinton,JicYPdAAAAAJ
Using a neural net to instantiate a deformable model,"C Williams, M Revow, GE Hinton",Advances in neural information processing systems,7,12,1994,4652939310268806708,2KloaMYe4IUC,Geoffrey Hinton,JicYPdAAAAAJ
Pattern matching and variable binding in a stochastic neural network,"DS Touretzky, GE Hinton",Genetic Algorithms and  Simulated Annealing,155-169,12,1987,3802775394973122489,PVgj2kMGcgYC,Geoffrey Hinton,JicYPdAAAAAJ
Inferring the meaning of direct perception,GE Hinton,Behavioral and Brain Sciences,"3 (3), 387-388",12,1980,3665456639165175726,buQ7SEKw-1sC,Geoffrey Hinton,JicYPdAAAAAJ
"r Mohamed A, Jaitly N, Senior A, Vanhoucke V, Nguyen P, Sainath TN, Kingsbury B (2012) Deep neural networks for acoustic modeling in speech recognition: The shared views of …","GE Hinton, L Deng, D Yu, GE Dahl",IEEE Signal Process Mag,"29 (6), 82-9",12,NA,1661137290096125822,nnITTVbzT6kC,Geoffrey Hinton,JicYPdAAAAAJ
The EM Algorithm for Mixtures of Factor Analyzers. CRG; 1996,"Z Ghahramani, GE Hinton",CRG-TR-,-96-,12,NA,16716157597243821950,bkKuixW_xMkC,Geoffrey Hinton,JicYPdAAAAAJ
Matrix capsules with em routing,"EH Geoffrey, S Sara, F Nicholas",International conference on learning representations,,11,2018,9445023196526846803,vYYylRVofzEC,Geoffrey Hinton,JicYPdAAAAAJ
CIFAR-10 and CIFAR-100 datasets,"K Alex, N Vinod, H Geoffrey",Online]. Availalable: https://www. cs. toronto. edu/~ kriz/cifar. html …,,11,2009,2016922507850333944,BO8BTsX0K1AC,Geoffrey Hinton,JicYPdAAAAAJ
Visualizing data using t-SNE,"M van der L, G Hinton",J. Mach. Learn. Res.,9 (11),11,2008,10793320297626315520,Zp9IZb6oESQC,Geoffrey Hinton,JicYPdAAAAAJ
"Delve data for evaluating learning in valid experiments, 1995–1996","CE Rasmussen, RM Neal, G Hinton, D Van Camp, M Revow, ...",URL http://www. cs. toronto. edu/∼ delve,,11,2003,17228693844192264784,cK4Rrx0J3m0C,Geoffrey Hinton,JicYPdAAAAAJ
Training many small hidden markov models,"GE Hinton, AD Brown",WISP-,"-2001 Workshop on Innovation in Speech Processing, Proc. Institute of …",11,2001,"9095361226144630102,16751630920237765547",0CzhzZyukY4C,Geoffrey Hinton,JicYPdAAAAAJ
Fast neural network emulation of dynamical systems for computer animation,"R Grzeszczuk, D Terzopoulos, GE Hinton",Advances in neural information processing systems,11,11,1998,2293424367573369310,vDijr-p_gm4C,Geoffrey Hinton,JicYPdAAAAAJ
Technical report,"Z Ghahramani, GE Hinton",Technical Report CRG-TR-,"-96-2. University of Totronto, Dept of Computer Science",11,1996,13433173948814138169,Qy-rCirNo-8C,Geoffrey Hinton,JicYPdAAAAAJ
Lesioning a connectionist network: investigations of acquired dyslexia,"GE Hinton, T Shallice",Psychological Review,98,11,1990,4717592099885201266,BxcezVm2apwC,Geoffrey Hinton,JicYPdAAAAAJ
In DE Rumelhart & JL McClelland,"DE Rumelhart, GE Hinton, RJ Williams",Parallel Distributed Processing: Explorations in the Microstructure of Cognition,,11,1986,18023731316744579439,XUAslYVNQLQC,Geoffrey Hinton,JicYPdAAAAAJ
"Sejnows ki, TJ (1 9 85)","DH Ackley, GA Hinton",A learning algorithm for Bolt z mann machines. D og $ iti а,147-1,11,NA,6160353127254649756,G36d5HCDkJYC,Geoffrey Hinton,JicYPdAAAAAJ
Distilling the knowledge in a neural net-580 work,"G Hinton, O Vinyals, J Dean",NIPS Deep Learning Workshop,,10,2014,16108123933234592153,p7qoFRH4VUUC,Geoffrey Hinton,JicYPdAAAAAJ
"Lecture 6.5-RMSprop: Divide the gradient by a running average of its recent magnitude, COURSERA: Neural Networks for Machine Learning","G Hinton, N Srivastava, K Swersky",Lecture Slides,,10,2012,5662863469776767304,XK2cf6JOk9AC,Geoffrey Hinton,JicYPdAAAAAJ
RMSProp adaptive learning,"T Tieleman, G Hinton",Coursera: Neural networks for machine learning,,10,2012,4931489485546531296,Ef4XXjhdXvQC,Geoffrey Hinton,JicYPdAAAAAJ
Transforming auto-encoders,"EH Geoffrey, K Alex, DW Sida",International conference on artificial neural networks,44-51,10,2011,13981465419280960143,aK62MiYD7mUC,Geoffrey Hinton,JicYPdAAAAAJ
On contrastive divergence learning. 10th Int,"M Carreira-Perpinan, G Hinton",Workshop on Artificial Intelligence and Statistics (AISTATS’,’2005),10,2005,8238193326642514935,EcS_2O1c4Q0C,Geoffrey Hinton,JicYPdAAAAAJ
Stochastic neighbor embedding,"H Geoffrey, R Sam",Adv. Neural Inf. Process. Syst,"15, 857-864",10,2002,16731108936195244655,NRnkAyzcrGMC,Geoffrey Hinton,JicYPdAAAAAJ
Unsupervised Learning: Foundations of Neural Computation (Computational Neuroscience),"GE Hinton, TJ Sejnowski",MIT Press,,10,1999,5089313448880872303,W8gSVh4kTHQC,Geoffrey Hinton,JicYPdAAAAAJ
Parameter estimation for linear dynamical systems University of Toronto technical report,"Z Ghahramani, GE Hinton",CRG-TR-,-96-2,10,1996,4839915513911307407,8dzOF9BpDQoC,Geoffrey Hinton,JicYPdAAAAAJ
Using mixtures of deformable models to capture variations in hand printed digits,"M Revow, CKI Williams, GE Hinton",Proceedings of the Third International Workshop on Frontiers in Handwriting …,,10,1993,5166775036143772539,LjlpjdlvIbIC,Geoffrey Hinton,JicYPdAAAAAJ
by Error Propagation,"DE Rumelhart, GE Hinton, RJ Williams",Readings in Machine Learning,115,10,1990,17289385979849210608,svGagg1hbZMC,Geoffrey Hinton,JicYPdAAAAAJ
732 Dropout: A simple way to prevent neural networks from overfitting,"N Srivastava, G Hinton, A Krizhevsky, I Sutskever, R Salakhutdinov",The,"733, 1929-195",10,NA,4771200494403318523,pXiCqeVOhFwC,Geoffrey Hinton,JicYPdAAAAAJ
Layer normalization arxiv 1607.06450,"JL Ba, JR Kiros, GE Hinton",arXiv,,9,2016,14242576400991607108,AmQcmOVUwm0C,Geoffrey Hinton,JicYPdAAAAAJ
"Deep learning. Nat. 521, 7553 (2015), 436–444","Y LeCun, Y Bengio, GE Hinton","Crossref, Web of Science",,9,2015,13847923925192438728,tvutLEwYQz8C,Geoffrey Hinton,JicYPdAAAAAJ
Deep belief networks,"R Salakhutdinov, G Hinton",Scholarpedia,4 (5),9,2009,8573516142796750627,g3aElNc5_aQC,Geoffrey Hinton,JicYPdAAAAAJ
Visualizing Data using t-SNE,"L Gmail, G Hinton",,,9,2008,10844806855404689190,_IwLajd9sWMC,Geoffrey Hinton,JicYPdAAAAAJ
Learning Distributed Representations by Mapping Concepts and Relations into a Linear Space.,"A Paccanaro, GE Hinton",ICML,711-718,9,2000,6570010909677249304,t7zJ5fGR-2UC,Geoffrey Hinton,JicYPdAAAAAJ
Abductive machine learning for modeling and predicting the educational score in school health surveys,"RE Abdel-Aal, AM Mangoud",Methods of information in medicine,"35 (03), 265-271",9,1996,2389471741079463516,5s9rAH04UEoC,Geoffrey Hinton,JicYPdAAAAAJ
Potholes in the road to professionalism in medical informatics,"DA Giuse, RA Miller",Methods of information in medicine,"34 (05), 434-440",9,1995,2005417078532084865,StPPYsf1FV0C,Geoffrey Hinton,JicYPdAAAAAJ
Connectionist learning procedures (CMU-CS-87-115),GE Hinton,Department of Computer Science Technical Report,,9,1987,11281964550412035644,YiZc1oW-E3oC,Geoffrey Hinton,JicYPdAAAAAJ
"Learning Internal Representations by Error Propagation, Rumelhart, DE ve McClelland, JL JParallel Distributed Processing: Explorations in the Microstructure of Cognition","DE Rumelhart, GE Hinton, RJ Williams",MIT Press,,9,1986,13330334156412917441,VglVhKISWcQC,Geoffrey Hinton,JicYPdAAAAAJ
Novice use of interactive graph-plotting system,"N Hammond, A MacLean, G Hinton, J Long, P Barnard, IA Clark",IBM Hursley Human Factors Report# HF,"F083. IBM UK Laboratories Ltd., Hursley …",9,1983,214511760574711326,4X0JR2_MtJMC,Geoffrey Hinton,JicYPdAAAAAJ
Visualizing data using t-sne laurens van der maaten micc-ikat,G Hinton,J. Mach. Learn. Res,"9, 2579-2605",8,2017,14677949190473238559,MUocvVTjX6cC,Geoffrey Hinton,JicYPdAAAAAJ
Geoff Hinton: on Radiology,G Hinton,"Panel discussion, October",27,8,2016,5356592588475714579,6HoeAlFIZOwC,Geoffrey Hinton,JicYPdAAAAAJ
"Lecture 4a, Learning to predict the next word",G Hinton,"Neural Networks for Machine Learning, Fall",,8,2015,11725064553915625337,8moDcb_GFzgC,Geoffrey Hinton,JicYPdAAAAAJ
Krizhevsky A et al Improving neural networks by preventing co-adaptation of feature detectors,"G Hinton, N Srivastava",arXiv preprint arXiv:,:1207.0580,8,2012,4749545690009105630,DCYT7yIMjgYC,Geoffrey Hinton,JicYPdAAAAAJ
Lecture 6.5-rmsprop. COURSERA Neural Netw,"T Tieleman, G Hinton",Mach. Learn,"4, 26-31",8,2012,7020007403741577123,6DzZfY3qH5gC,Geoffrey Hinton,JicYPdAAAAAJ
Lecture 6.5-rmsprop,"T Tijmen, H Geoffrey",COURSERA: Neural networks for machine learning,,8,2012,14599376658783697280,rsrKZ8bNWIsC,Geoffrey Hinton,JicYPdAAAAAJ
"Deep belief networks, Scholarpedia 4 (5)(2009) 5947",GE Hinton,A computationally intelligent agent,"95, 96",8,2009,17370872310505409161,FmXltp8y-ZkC,Geoffrey Hinton,JicYPdAAAAAJ
J Mach Learn Res,"L van der Maaten, GE Hinton",J Mach Learn Res,9,8,2008,5273195384151455791,LHWLPdAD5FMC,Geoffrey Hinton,JicYPdAAAAAJ
Modeling high-dimensional data by combining simple experts,GE Hinton,AAAI/IAAI,1159-1164,8,2000,2981514857684161657,tzM49s52ZIMC,Geoffrey Hinton,JicYPdAAAAAJ
Learning in massively parallel nets,GE Hinton,Proceedings of the Fifth AAAI National Conference on Artificial Intelligence …,,8,1986,17145404166911212915,ZfRJV9d4-WMC,Geoffrey Hinton,JicYPdAAAAAJ
"Massively parallel architectures for Al: NETL, Thistle, and Boltzmann machines","SE Fahlman, GE Hinton, TJ Sejnowski",AAAI,,8,1983,"4756287141523333169,865451477632747952",dhFuZR0502QC,Geoffrey Hinton,JicYPdAAAAAJ
Representation and control in vision,"A Sloman, D Owen, G Hinton, F Birch, F O'Gorman",Proceedings of the,"1978 AISB/GI Conference on Artificial Intelligence, 309-314",8,1978,3710644334574545692,RfUwGJFMQ-0C,Geoffrey Hinton,JicYPdAAAAAJ
A simple framework for 666 contrastive learning of visual representations,"T Chen, S Kornblith, M Norouzi, G Hinton",International conference on machine,"868 learning, 1597-160",8,NA,11733956073445675211,r5yabEp13iMC,Geoffrey Hinton,JicYPdAAAAAJ
Rmsprop: Divide the gradient by a running average of its recent magnitude [COURSERA: Neural Networks for Machine Learning],"G Hinton, N Srivastava, K Swersky",,,7,2018,1340274699113062541,tUtwDVdCwjgC,Geoffrey Hinton,JicYPdAAAAAJ
"Deep learning, vol. 521, no. 7553","Y Lecun, Y Bengio, G Hinton",Nature Publishing Group,,7,2015,695776459500721401,lu5AzqVF4qYC,Geoffrey Hinton,JicYPdAAAAAJ
Dropoff: a imple ao pre en ne ral ne ork from o erfi ing,"N Srivastava, G Hinton, A Krizhevsky, I Sutskever, R Salakhutdinov",J. Mach. Learn. Res,"15 (1), 19291958",7,2014,6853873521578764422,in81wS_EFI4C,Geoffrey Hinton,JicYPdAAAAAJ
Taking inverse graphics seriously,G Hinton,,,7,2013,6256207693118562239,Oj-SLI0tZTcC,Geoffrey Hinton,JicYPdAAAAAJ
An efficient learning procedure for deep machines,"R Salakhutdinov, G Hinton",Neural computation,"24 (8), 1967-2006",7,2012,5301807855891644618,d3xjRt2Mi1YC,Geoffrey Hinton,JicYPdAAAAAJ
TEH Y WA fast learning alforithm for deep beliefnets [J],"G Hinton, S Osindero",Momentum,"9 (1), 1-20",7,2010,11524279254810724216,T0nwzvlCxs8C,Geoffrey Hinton,JicYPdAAAAAJ
Visualizing high-dimensional data using t-sne journal of machine learning research,"L Maaten, G Hinton",J Mach Learn Res,"9, 26",7,2008,1518048702571518768,jYy9R3AkpWgC,Geoffrey Hinton,JicYPdAAAAAJ
User’s Guide for t-SNE Software,"L van der Maaten, G Hinton",Structure,,7,2008,4600429971324102619,YTuZlYwrTOUC,Geoffrey Hinton,JicYPdAAAAAJ
Relative Density Nets: A New Way to Combine Backpropagation with HMM's,"A Brown, GE Hinton",Advances in Neural Information Processing Systems,14,7,2001,2487754433505879676,VLnqNzywnoUC,Geoffrey Hinton,JicYPdAAAAAJ
Neural networks for computer-human interfaces: Glove-TalkII,"SS Fels, G Hinton",Proceedings of the International Conference on Neural Information Processing …,,7,1996,2150480277859154616,_Re3VWB3Y0AC,Geoffrey Hinton,JicYPdAAAAAJ
El atractivo del procesamiento distribuido en paralelo,"JL McClelland, DE Rumelhart, GE Hinton","Rumelhart, DE; McClelland JL y el grupo PDP",39-80,7,1992,16784222623154159050,ndLnGcHYRF0C,Geoffrey Hinton,JicYPdAAAAAJ
Combining two methods of recognizing hand-printed digits,"GE Hinton, CKI Williams, MD Revow",Artificial Neural Networks,"2, 53-60",7,1992,14205718051193890588,35r97b3x0nAC,Geoffrey Hinton,JicYPdAAAAAJ
The horizontal—vertical delusion,GE Hinton,Perception,"16 (5), 677-680",7,1987,8833968644708212820,NJ774b8OgUMC,Geoffrey Hinton,JicYPdAAAAAJ
Similarity of Neural Network Representations Revisited. arXiv. 2019 doi: 10.48550,"S Kornblith, M Norouzi, H Lee, G Hinton",arXiv,,7,1905,1119658528557122287,mqcSLZKRP28C,Geoffrey Hinton,JicYPdAAAAAJ
Rectified linear units improve restricted boltzmann machines Proceedings of the 27th International Conference on International Conference on Machine Learning. 2010Last accesses …,"V Nair, GE Hinton",,,7,NA,10067780821184505255,b2v3RnpdjZkC,Geoffrey Hinton,JicYPdAAAAAJ
Distilling the knowledge in a neural network. arXiv,"H Geoffrey, V Oriol, D Jeff",arXiv preprint arXiv:,:1503.02531,6,2015,4818357924748703517,12nnf2f32iYC,Geoffrey Hinton,JicYPdAAAAAJ
Non-linear dimensionality reduction,G Hinton,Course CSC,2535,6,2013,2260992409685453450,u_mOZUIutIEC,Geoffrey Hinton,JicYPdAAAAAJ
"Neural networks for machine learning online course lecture 6a, Coursera",G Hinton,,,6,2012,11727330003746851124,RsqFu5Siv-AC,Geoffrey Hinton,JicYPdAAAAAJ
Neural networks for machine learning. Lecture slides,"G Hinton, N Srivastava, K Swersky",Toronto: University of Toronto,,6,2012,14985746660580550787,Es-9c2L5hKwC,Geoffrey Hinton,JicYPdAAAAAJ
RMSprop: Neural networks for machine learning,"T Tieleman, G Hinton","Univ. Toronto, Toronto, ON, Tech. Rep.",6a,6,2012,13790189904054843106,0kYikfLtzSYC,Geoffrey Hinton,JicYPdAAAAAJ
Training products of experts by minimizing contrastive divergence,"F Wood, GE Hinton","Technical report, Brown University","2012. 53, 143",6,2012,117942100792729556,b8m_4JuPjscC,Geoffrey Hinton,JicYPdAAAAAJ
"Deep belief networks. Scholarpedia, 4, 5947",GE Hinton,,,6,2009,8994793200760105614,o_fBUN_Or78C,Geoffrey Hinton,JicYPdAAAAAJ
Greedy layer-wise algorithm,G Hinton,Journal of Machine Learning Research,"1, 1-40",6,2009,8263914351253782783,gnsKu8c89wgC,Geoffrey Hinton,JicYPdAAAAAJ
Improving a statistical language model by modulating the effects of context words.,"Z Yuecheng, A Mnih, GE Hinton",ESANN,493-498,6,2008,13390885042051961747,VaXvl8Fpj5cC,Geoffrey Hinton,JicYPdAAAAAJ
"for Deep Belief Nets., 2006, 18","GE Hinton, S Osindero",DOI: https://doi. org/,"/10.1162/neco 7, 1527-1554",6,2006,16447373650916481686,SEmTV4UfSqwC,Geoffrey Hinton,JicYPdAAAAAJ
"Teh, Y2224485: A fast learning algorithm for deep belief nets. vol. 18, issue 3","GE Hinton, S Osindero",Neural Comput,1527-1554,6,2006,11861864650621992220,eHo_KFcuhuIC,Geoffrey Hinton,JicYPdAAAAAJ
Learning distributed representations of relational data using linear relational embedding,"A Paccanaro, GE Hinton",Neural Nets WIRN Vietri-,-01: Proceedings of the 12th Italian Workshop on …,6,2002,14411774081418069378,L7CI7m0gUJcC,Geoffrey Hinton,JicYPdAAAAAJ
Nonlinear dimensionality reduction using neural networks,R Salakhutdinov,RBM,"2, 1000",6,2000,14606723727081388937,6yz0xqPARnAC,Geoffrey Hinton,JicYPdAAAAAJ
Scaling in a hierarchical unsupervised network,"Z Ghahramani, AT Korenberg, GE Hinton",,1999 Ninth International Conference on Artificial Neural Networks ICANN 99 …,6,1999,18059154612783282255,nZcligLrVowC,Geoffrey Hinton,JicYPdAAAAAJ
La simulazione dei danni cerebrali,"GE Hinton, DC Plaut, T Shallice",Le scienze,,6,1993,14905371874731744350,I__7AI8a974C,Geoffrey Hinton,JicYPdAAAAAJ
Mental simulation,G Hinton,Nature,"347 (6294), 627-628",6,1990,8451893101555498990,XAp-VaTZjjwC,Geoffrey Hinton,JicYPdAAAAAJ
Generative back-propagation,GE Hinton,Abstracts,1st INNS,6,1988,4715992374012082077,3BvdIg-l-ZAC,Geoffrey Hinton,JicYPdAAAAAJ
Sejnowski,"D Ackley, G Hinton",Cognitive Science,"9, 147-169",6,1985,14540938059920870640,WgvcDLhf7hwC,Geoffrey Hinton,JicYPdAAAAAJ
Parallel computation and the mass-spring model of motor control,"GE Hinton, P Smolensky","Cognitive Science Laboratory, Center for Human Information Processing …",,6,1984,15888384602536714526,vbGhcppDl1QC,Geoffrey Hinton,JicYPdAAAAAJ
Parallel stochastic search in early vision,"TJ Sejnowski, GE Hinton",Johns Hopkins University. Electrical Engineering and Computer Science Department,,6,1984,7208589719220965902,j8SEvjWlNXcC,Geoffrey Hinton,JicYPdAAAAAJ
Visualizing high-dimensional data using t-sne. 2008,"LJP van der Maaten, GE Hinton",Journal of Machine Learning Research,"9, 257",6,NA,4550529150846790294,IaRkJ05COeQC,Geoffrey Hinton,JicYPdAAAAAJ
Efficient Parametric Projection Pursuit Density Estimation,"MWRSZ Geoffrey, E Hinton",,,6,NA,15375954603775040162,Ak0FvsSvgGUC,Geoffrey Hinton,JicYPdAAAAAJ
Grammar as a foreign language,"P Koo, S Petrov, I Sutskever, GE Hinton, O Vinyals, L Kaiser",Advances in Neural Information Processing Systems,,5,2015,3346294583078518221,z3pV1qEBaUAC,Geoffrey Hinton,JicYPdAAAAAJ
Coursera: Neural networks for machine learning: Lecture 6 (a)–overview of mini-batch gradient descent,"G Hinton, N Srivastava, K Swersky",,,5,2014,1013916668932226488,bcT4vkklUMwC,Geoffrey Hinton,JicYPdAAAAAJ
The rmsprop optimizer,G Hinton,,,5,2014,11780665223541182105,aFwNBOTKqaYC,Geoffrey Hinton,JicYPdAAAAAJ
RMSprop Gradient Optimization,"G Hinton, T Tieleman",Lecture,6e of his Coursera Class,5,2014,18366485362446569411,MbTKqoTs-1EC,Geoffrey Hinton,JicYPdAAAAAJ
"Speech recognition with deep recurrent neural networks. IEEE Int. Conf. on Acoustics, Speech and Signal Processing","A Graves, AR Mohamed, G Hinton",,,5,2013,8072991689003471533,C6rTQemI8T8C,Geoffrey Hinton,JicYPdAAAAAJ
Speech Recognition with Deep Recurrent Neural Networks. ICASSP 2013,"A Graves, A Mohamed, G Hinton",arXiv preprint arXiv:,:1303.5778,5,2013,5720467127100246950,8cBNEdFwSQkC,Geoffrey Hinton,JicYPdAAAAAJ
Neural Networks for Machine Learning Lecture 6a Overview of Mini-Batch Gradient Descent,"T Tieleman, G Hinton, K Swersky","Mountain View, CA, USA: COURSERA",,5,2012,5301474708750746448,EXDW3tg14iEC,Geoffrey Hinton,JicYPdAAAAAJ
Neural networks for machine learning: Lecture 6A overview of mini-batch gradient descent course,"G Hinton, N Srivastava, K Swersky","Video Lectures Coursera, Mountain View, CA, USA",,5,2012,7606858960289609979,c2LjitseEfMC,Geoffrey Hinton,JicYPdAAAAAJ
Imagenet classificationwith deep CNNs,"A Krizhevsky, I Sutskever, GE Hinton",Nips,,5,2012,8825307625554155388,1AS7WB7zg6gC,Geoffrey Hinton,JicYPdAAAAAJ
Optimization: How to make the learning go faster,GE Hinton,Coursera,"4, 26-31",5,2012,3442426109940666356,Usae8uB1euoC,Geoffrey Hinton,JicYPdAAAAAJ
Improving neural networks by preventing co-adaptation of feature detectors. arXiv: Neural and Evolutionary Computing,"GE Hinton, N Srivastava, A Krizhevsky, I Sutskever, R Salakhutdinov",,,5,2012,1628366915797615511,FKYJxdYMdFIC,Geoffrey Hinton,JicYPdAAAAAJ
Deep belief networks for phone recognition,"ARMG Dahl, GE Hinton",NIPS,22 workshop on deep learning for speech recognition,5,2009,14738265489313156762,hwlm9Y4obscC,Geoffrey Hinton,JicYPdAAAAAJ
International Conference on Artificial Intelligence and Statistics,"R Salakhutdinov, G Hinton",,,5,2009,9353330998867079693,m8MyhXdlT-4C,Geoffrey Hinton,JicYPdAAAAAJ
Recent developments in deep learning,G Hinton,"Lecture, The University of British Columbia",,5,2009,1137371424498935922,e0CZ6poB34oC,Geoffrey Hinton,JicYPdAAAAAJ
"A Fast Learning Algorithm for Deep Belief Nets, Neural Computing, 18 (7), 1527–1554","GE Hinton, S Osindero, YW Teh",DOI,,5,2006,4640251139219744857,A7-hzOuI2KQC,Geoffrey Hinton,JicYPdAAAAAJ
"A Simple Framework for Contrastive Learning of Visual Representations.” arXiv, Jun. 30, 2020. Accessed: Jan. 23, 2024","T Chen, S Kornblith, M Norouzi, G Hinton",,,5,2002,7389577376939542373,Oi-j_DTgP3cC,Geoffrey Hinton,JicYPdAAAAAJ
"The EM algorithm for mixtures of factor analyzers Univ. Toronto, Toronto, ON","Z Ghahramani, GE Hinton","Canada, Tech. Rep. CRG-TR-","-96-1, 1997,(revised)",5,1997,10290049285718606583,hKjooKYXoHIC,Geoffrey Hinton,JicYPdAAAAAJ
Using spatial coherence as an internal teacher for a neural network,"S Becker, GE Hinton","Advances in back-propagation. Erlbaum, Hillsdale, NJ",,5,1995,6902037692276296075,SgTKrLvt1DcC,Geoffrey Hinton,JicYPdAAAAAJ
Simplifying neural networks by soft weight sharing,"GE Hinton, S Nowlan",SANTA FE INSTITUTE STUDIES IN THE SCIENCES OF COMPLEXITY-PROCEEDINGS VOLUME …,,5,1994,95761849718075982,P-MJmu9ZMwQC,Geoffrey Hinton,JicYPdAAAAAJ
La simulation des lésions cérébrales,"GE Hinton, D Plaut, T Shallice",Pour la science,"194, 36-43",5,1993,11171424100745694252,eCFM_hdDfssC,Geoffrey Hinton,JicYPdAAAAAJ
Considerations in dynamic time warping algorithms for discrete word recognition,"A Waibel, T Hanazawa, G Hinton, K Shikano, KJ Lang","IEEE Transactions on Acoustics, Speech and Signal Processing","37 (3), 328-339",5,1989,335763798720782282,uWy0R8PweswC,Geoffrey Hinton,JicYPdAAAAAJ
Lang K,"A Waibel, T Hanazawa, G Hinton, K Shikano",Phoneme Recognition Using Time-Delay Neural Networks,,5,1987,9915952204046683358,h9G0ZmjYpDoC,Geoffrey Hinton,JicYPdAAAAAJ
Parallel distributed processing. Volume 1: Foundations,"GE Hinton, JL McClelland, DE Rumelhart","Cambridge, MA: MIT Press",,5,1986,5926038363700262643,TiIbgCYny7sC,Geoffrey Hinton,JicYPdAAAAAJ
Attention and performance IX,"GE Hinton, LM Parsons, J Long, A Baddeley",Erlbaum,,5,1981,10551541527099738463,1n-LKbgTOzoC,Geoffrey Hinton,JicYPdAAAAAJ
Similarity of neural network representations revisited. arXiv,"S Kornblith, M Norouzi, H Lee, G Hinton",,,5,1905,10037804007036390997,A5aiAONn640C,Geoffrey Hinton,JicYPdAAAAAJ
"E & Sejnowski, T, J.,(1985). A Learning Algorithm for Boltzmann Machines","DH Ackley, G Hinton",Cognitive Science,"9 (1), 14",5,NA,2659152049862966733,q2HS4OCVtYIC,Geoffrey Hinton,JicYPdAAAAAJ
PMLR; 2020,"T Chen, S Kornblith, M Norouzi, G Hinton",Google Scholar,1597-160,5,NA,11448130364273523246,Y20HiHuZk70C,Geoffrey Hinton,JicYPdAAAAAJ
"rahman Mohamed A, Jaitly N, Senior A, Vanhoucke V, Nguyen P, Sainath T, Kingsbury B (2012) Deep neural networks for acoustic modeling in speech recognition","G Hinton, L Deng, D Yu, G Dahl",Signal Processing Magazine,,5,NA,8168068250310609003,Agc8PWtS8JkC,Geoffrey Hinton,JicYPdAAAAAJ
"1., and Revow, MD (1992a). Adaptive elastic models for hand-printed character recognition","GE Hinton, CK Williams",Advances in Neural Information Processing Systems,,5,NA,12803980335191709195,KqnX2w3egDsC,Geoffrey Hinton,JicYPdAAAAAJ
K. Swersky,"G Hinton, N Srivastava",Neural networks for machine learning lecture,6a overview of mini-batch …,4,2012,7798758682610475511,kGbpvR7Ecy8C,Geoffrey Hinton,JicYPdAAAAAJ
University of Toronto,"T Tieleman, G Hinton",Technical Report,,4,2012,11488411084738890878,lRzkMCTRmMwC,Geoffrey Hinton,JicYPdAAAAAJ
Learning multiple layers of features from tiny images Technical Report TR-2009 University of Toronto,"A Krizhevsky, G Hinton",,,4,2009,12520148717249221902,i9B0nK2ie9AC,Geoffrey Hinton,JicYPdAAAAAJ
Caching and replay of place sequences in a Temporal Restricted Boltzmann Machine model of the hippocampus,"S Becker, GE Hinton","Cosyne (abstract only, Poster II-",-56),4,2007,17333478955570649462,E7VqQtBCVmcC,Geoffrey Hinton,JicYPdAAAAAJ
"andR. R. Salakhutdinov,“ReducingtheDimensionalityofDatawithNeuralNetG works”",GE Hinton,Science,"313, 5786",4,2006,7827355741861197635,PcT55Ow6fAIC,Geoffrey Hinton,JicYPdAAAAAJ
Embedding via clustering: using spectral information to guide dimensionality reduction,"R Memisevic, G Hinton",Proceedings.,2005 IEEE International Joint Conference on Neural Networks …,4,2005,146077437162060538,hMsQuOkrut0C,Geoffrey Hinton,JicYPdAAAAAJ
Cascaded redundancy reduction,"VR de Sa, GE Hinton",Network: Computation in Neural Systems,"9 (1), 73",4,1998,3217108124858075056,tYavs44e6CUC,Geoffrey Hinton,JicYPdAAAAAJ
Switching state-space models (Technical Report),"Z Ghahramani, GE Hinton","Toronto, Canada",,4,1998,10018232278140663558,rKYHOwt5kWwC,Geoffrey Hinton,JicYPdAAAAAJ
A Time-Delay Neural Network Architecture for Isolated Word Recognition,J Lang,"Artificial Neural Networks, Paradigms, Applications and Hardware",,4,1992,1922211976223891179,ziOE8S1-AIUC,Geoffrey Hinton,JicYPdAAAAAJ
Phoneme Recognition using Time-Delay Neural Network IEEE Trans,"A Waibel, T Hanazawa, G Hinton, K Shikano, K Lang",Vol. ASSP-,-37,4,1989,2146374673249311416,bYbwfsIO_fQC,Geoffrey Hinton,JicYPdAAAAAJ
Respectively Reconsidered,G Hinton,Pragmatics Microfiche,"3, 912-914",4,1978,16799619679390866905,5icHVeHT4IsC,Geoffrey Hinton,JicYPdAAAAAJ
A Simple Framework for Contrastive 2311 Learning of Visual Representations in,"T Chen, S Kornblith, M Norouzi, G Hinton",Proceedings of the,37th International Conference 2312 on Machine Learning,4,NA,10146405380227831085,3K1WWmVGZRgC,Geoffrey Hinton,JicYPdAAAAAJ
“A.% j a. in neural information processing systems krizhevsky” imagenet classification with deep convolutional neural networks,"A Sutskever, G Hinton",Adv. Neural Inf. Process. Syst,109,4,NA,5047953168497096992,D_YRMw8gybsC,Geoffrey Hinton,JicYPdAAAAAJ
Dropout: A Simple Way to Prevent Neural Network,"N Srivastava, G Hinton, A Kriszhevsky",Journal Conference Learning Research,19291958,3,2014,18432207465866828070,P7PM_jyRRcwC,Geoffrey Hinton,JicYPdAAAAAJ
Dropout: a 682 simple way to prevent neural networks from overfitting,"N Srivastava, G Hinton, A Krizhevsky, I Sutskever, R Salakhutdinov",The journal of machine learning,"683 research 15 (1929-1958), 684",3,2014,15019841928722624087,ie8Y0QrpMWAC,Geoffrey Hinton,JicYPdAAAAAJ
Fast inference and learning for modeling documents with a deep boltzmann machine,"N Srivastava, R Salakhutdinov, G Hinton",,,3,2013,6774290097792004792,65Yg0jNCQDAC,Geoffrey Hinton,JicYPdAAAAAJ
Artificial Intelligence: Neural Networks,G Hinton,Van Nostrand's Scientific Encyclopedia,,3,2005,5548423095895739058,FAceZFleit8C,Geoffrey Hinton,JicYPdAAAAAJ
15 Learning to Use Spike Timing in a Restricted Boltzmann Machine,"GE Hinton, AD Brown",Probabilistic Models of the Brain,285,3,2002,3595528584028129777,TIZ-Mc8IlK0C,Geoffrey Hinton,JicYPdAAAAAJ
Pattern classification using a mixture of factor analyzers,"N Ueda, R Nakano, Z Ghahramani, G Hinton",Neural Networks for Signal Processing IX: Proceedings of the,1999 IEEE …,3,1999,13284759858809157380,HtS1dXgVpQUC,Geoffrey Hinton,JicYPdAAAAAJ
The unity of consciousness: A connectionist account,GE Hinton,"Memories, Thoughts, and Emotions: Essays in Honor of George Mandler",245,3,1991,15115694643302552669,oi2SiIJ9l4AC,Geoffrey Hinton,JicYPdAAAAAJ
Morgan-Kaufmann,"DS Touretzky, G Hinton",Los Altos CA,,3,1990,18341773240164091550,cUMtEw7vMgQC,Geoffrey Hinton,JicYPdAAAAAJ
Phoneme recognition: neural networks vs hidden markov models,"G Hinton, IC Shikano, A Waibel, T Hanazawa, K Lang",ATR Interpreting Telephony Research Laboratories,07-110,3,1988,8877076668387758716,DTjSuSUbmXsC,Geoffrey Hinton,JicYPdAAAAAJ
Steps toward artificial intelligence,"D Rumelhart, G Hinton, R Williams",Nature,"6088 (323), 533-536",3,1986,1669240811201442199,l2sC-qQILUoC,Geoffrey Hinton,JicYPdAAAAAJ
"the PDP Research Group: Parallel Distributed Processing, 1","DE Runmelhart, GE Hinton",MIT Press,,3,1986,6184146275756846121,Gpwnp1kGG20C,Geoffrey Hinton,JicYPdAAAAAJ
"8L Williams, R.(1986)","DE Rumelhart, GE Hinton",Learning internal representations by error,,3,NA,13699816541271728036,x2hKVfJWtf0C,Geoffrey Hinton,JicYPdAAAAAJ
DELVE team members (1995). Assessing learning procedures using DELVE,"G Hinton, R Neal, R Tibshirani","Technical report, University of Toronto, Department of Computer Science",,3,NA,3381868215857759711,WAzi4Gm8nLoC,Geoffrey Hinton,JicYPdAAAAAJ
Preface to “Simplifying Neural Networks by Soft Weight Sharing”,"GE Hinton, S Nowlan",The Mathematics Of Generalization,369-371,2,2018,12322353395878716284,W1ZWpF0a3GIC,Geoffrey Hinton,JicYPdAAAAAJ
"Attend, infer, repeat: Fast scene understanding with generative models","N Heess, T Weber, Y Tassa, D Szepesvari, GE Hinton",Advances in,,2,2016,9389966021533308999,P--cqP0FnSgC,Geoffrey Hinton,JicYPdAAAAAJ
Introduction to the updated edition,"GE Hinton, JA Anderson",Parallel Models of Associative Memory,1-13,2,2014,3401407775378256539,MNNNGtAgD4EC,Geoffrey Hinton,JicYPdAAAAAJ
Visualizing Data using t-SNE Laurens,"L van der Maaten, H Geoffrey",Ann. Oper. Res,"219 (1), 187-202",2,2014,1660215304940740993,RmQ8dt0hH3oC,Geoffrey Hinton,JicYPdAAAAAJ
Restricted Boltzmann Machines,G Hinton,,,2,2013,15908836698291210366,BHd7YmozNHgC,Geoffrey Hinton,JicYPdAAAAAJ
International Conference on Neural Information Processing Systems,"K Alex, I Sutskever, GE Hinton",Curran Associates Inc.,,2,2012,13567026696562355905,oYc2ogjtvagC,Geoffrey Hinton,JicYPdAAAAAJ
Rmsprop: Divide the gradient by a running average of its recent magnitude. Coursera,"T Tieleman, G Hinton",Neural Networks for Machine Learning,31,2,2012,17670751423781933955,xyzrkeHX5M4C,Geoffrey Hinton,JicYPdAAAAAJ
A comparison of classification methods for longitudinal fmri studies,"T Schmah, G Yourganov, RS Zemel, GE Hinton, SL Small, S Strother",Neuroimage,"47, S57",2,2009,9160333759218717155,AvfA0Oy_GE0C,Geoffrey Hinton,JicYPdAAAAAJ
Journal of Machine Learning Research 9,"L van der Maaten, G Hinton",,,2,2008,2834709128399626623,23Hg5vt_rPQC,Geoffrey Hinton,JicYPdAAAAAJ
Modelling the statistics of natural images with topographic product of student-t models,"S Osindero, M Welling, GE Hinton",Neural Computation,18 (2),2,2006,6385889113315144778,kuK5TVdYjLIC,Geoffrey Hinton,JicYPdAAAAAJ
Learning Population Codes by Minimizing Description Length,"RS Zemel, GE Hinton",,,2,1999,17601758230797691007,PFhWnMnuT1QC,Geoffrey Hinton,JicYPdAAAAAJ
Using mixtures of factor analyzers for segmentation and pose estimation,"GE Hinton, M Revow",Unpublished,,2,1998,15099902086816533416,k8Z6L05lTy4C,Geoffrey Hinton,JicYPdAAAAAJ
E cient stochastic source coding and an application to a Bayesian network source model,"BJ Frey, GE Hinton",Computer Journal,4,2,1997,10614229886204793573,HGTzPopzzJcC,Geoffrey Hinton,JicYPdAAAAAJ
Neural networks for pattern recognition. Advanced texts in econometrics,"J Chris Bishop, C Bishop, G Hinton, P Bishop",Clarendon Press,,2,1995,8169001672505006452,6xXPb0EiZccC,Geoffrey Hinton,JicYPdAAAAAJ
Developing population codes for object instantiation parameters,"RS Zemel, GE Hinton",AAAI Fall Symposium Series: Machine Learning in Computer Vision Raleigh …,,2,1993,559961999584684103,RtRctb2lSbAC,Geoffrey Hinton,JicYPdAAAAAJ
Models of human inference,GE Hinton,Computational intelligence,"3 (3), 189-190",2,1987,1369116957147437181,QD3KBmkZPeQC,Geoffrey Hinton,JicYPdAAAAAJ
Parallel Distributed Emergence,"DE Rumelhart, P Smolensky, JL McClelland, GE Hinton",Parallel Distributed Processing: Explorations in the Microstructure of …,,2,1986,9733299570105603192,Vno172sVVMwC,Geoffrey Hinton,JicYPdAAAAAJ
191 Implementing Semantic Networks in Parallel Hardware,GE Hinton,Parallel Models of Associative Memory: Updated Edition,191-21,2,NA,215049850523474748,Z98IfIjqAwMC,Geoffrey Hinton,JicYPdAAAAAJ
"On importance of initialization and momentum in deep learning, Int. Conf","I Sutskever, J Martens, G Dahl, G Hinton","Machine Learning (Atlanta, USA","2013), 1139-114",2,NA,6206996805165061911,geVfx-PNG5EC,Geoffrey Hinton,JicYPdAAAAAJ
"8: McClel1and, JL (I986). A general framework for parallel distributed processing","DE Rumelhart, GE Hinton",Parallel distributed processing: Explorations in the microstructure of …,,2,NA,11420754417789615480,orDZ08hpP44C,Geoffrey Hinton,JicYPdAAAAAJ
Technical Perspective-A Better Way to Learn Features,GE Hinton,Communications of the ACM-Association for Computing Machinery-CACM,"54 (10), 94",1,2011,4845383847833594802,QZWLLlSfqgYC,Geoffrey Hinton,JicYPdAAAAAJ
Learning and Evaluaing Deep Bolztmann Machines,"R Salakhutdinov, G Hinton",,,1,2008,1119831102449703376,oi8PhiKYDwsC,Geoffrey Hinton,JicYPdAAAAAJ
Deep Generative Models for Modeling Animate Motion,"GW Taylor, GE Hinton, S Roweis",Proc.,4th Int. Symp. Adaptive Motion of Animals and Machines,1,2008,17733094867638808000,CaZNVDsoPx4C,Geoffrey Hinton,JicYPdAAAAAJ
Learning fast neural network emulators for physics-based models,"R Grzezczuk, D Terzopoulos, G Hinton",ACM SIGGRAPH,97 Visual Proceedings: The art and interdisciplinary programs …,1,1997,4145991481171502264,_axFR9aDTf0C,Geoffrey Hinton,JicYPdAAAAAJ
Using neural networks to monitor for rare failures,"GE Hinton, BJ Frey",MECHANICAL WORKING AND STEEL PROCESSING CONFERENCE PROCEEDINGS,545-548,1,1996,13150985467646680796,DJbcl8HfkQkC,Geoffrey Hinton,JicYPdAAAAAJ
Using neural networks to learn intractable generative models,"GE Hinton, P Dayan, RM Neal, RS Zemel",Annual Meeting of the American Statistical Association,,1,1994,17468497061925795515,F9fV5C73w3QC,Geoffrey Hinton,JicYPdAAAAAJ
Recursive distributed representations,G Hinton,MIT Press,,1,1991,732044438053383736,rQcm2j6_ZE8C,Geoffrey Hinton,JicYPdAAAAAJ
SCENE-BASED AND VIEWER-CENTERED REPRESENTATIONS FOR COMPARING SHAPE,"LM PARSONS, GE HINTON",BULLETIN OF THE PSYCHONOMIC SOCIETY,"26 (6), 510-510",1,1988,8767241857205016751,-uzm3Y7AvW0C,Geoffrey Hinton,JicYPdAAAAAJ
Technical Report CMU-Cs 84-119,"GE Hinton, DH Ackley","Carnegie Mellon University, Pittsburgh, PA",,1,1984,12733104112870462296,g_UdREhPGEoC,Geoffrey Hinton,JicYPdAAAAAJ
When does label smoothing help?[C]. When does label smoothing help,"R Müller, S Kornblith, GE Hinton",Advances in Neural Information Processing Systems,4694-470,1,NA,13271838604431246120,hXZnTIgIr50C,Geoffrey Hinton,JicYPdAAAAAJ
Illustrative Language Understanding: Large-Scale Visual Grounding with Google Image Search,"J Kiros, W Chan, G Hinton",,,0,2018,NA,k8to_Y4Q4_EC,Geoffrey Hinton,JicYPdAAAAAJ
THE PHYSICISTS ARRIVE,"GE Hinton, JA Anderson",Parallel Models of Associative Memory: Updated Edition,1,0,2014,NA,A1VvXmYcXXgC,Geoffrey Hinton,JicYPdAAAAAJ
Comments on Chapter 6,GE Hinton,Parallel Models of Associative Memory,187-189,0,2014,NA,69viAa4lnfgC,Geoffrey Hinton,JicYPdAAAAAJ
"Simulating brain damage (Scientific American, October 1993, 58–65)","GE Hinton, DC Plaut, T Shallice",Exploring Cognition: Damaged Brains and Neural Networks,423-436,0,2013,NA,MDQ-9Oe3GGUC,Geoffrey Hinton,JicYPdAAAAAJ
Modeling Semantic Similarities in Multiple Maps,"L van der Maaten, G Hinton",,,0,2009,NA,OR75R8vi5nAC,Geoffrey Hinton,JicYPdAAAAAJ
A practical computo example,"L van der Maaten TiCC, G Hinton",,,0,2008,NA,fXbrI0tPCuEC,Geoffrey Hinton,JicYPdAAAAAJ
"Relaxation, Optimization, and Weak Constraints. One way of","GE Hinton, TJ Sejnowski",Graphical Models: Foundations of Neural Computation,45,0,2001,NA,RfQ-KHj5eBsC,Geoffrey Hinton,JicYPdAAAAAJ
Descent in Weight-Space,GE Hinton,Graphical Models: Foundations of Neural Computation,89,0,2001,NA,x9HjRiAMpasC,Geoffrey Hinton,JicYPdAAAAAJ
The DELVE user manual,"C Rasmussen, RM Neal, GE Hinton, D van Camp, M Revow, ...",,,0,1996,NA,SrsqWtBqNIQC,Geoffrey Hinton,JicYPdAAAAAJ
"Alexander Waibel Computer Science Department, Carnegie Mellon University Toshiyuki Hanazawa ATR Interpreting Telephony Research Laboratories, Osaka, Japan","G Hinton, K Shikano, KJ Lang","Backpropagation: Theory, Architectures, and Applications",35,0,1995,NA,cG0OFEevkNgC,Geoffrey Hinton,JicYPdAAAAAJ
"The Fifteenth Annual Conference of the Cognitive Science Society Conference Chair Walter Kintsch Director, Institute of Cognitive Science (ICS)","ICS Martha Polson, NB Songer, G Hinton, D Rumelhart, J Greeno",Proceedings of the Fifteenth Annual Conference of the Cognitive Science …,,0,1993,NA,HNqp4bORoCIC,Geoffrey Hinton,JicYPdAAAAAJ
Learning spatially coherent properties of the visual world in connectionist networks,"S Becker, GE Hinton","Stochastic and Neural Methods in Signal Processing, Image Processing, and …",,0,1991,NA,HIFyuExEbWQC,Geoffrey Hinton,JicYPdAAAAAJ
The development of the time-delayed neural network architecture(Final Report),"G HINTON, J MCCLELLAND, K LANG",,,0,1990,NA,_FM0Bhl9EiAC,Geoffrey Hinton,JicYPdAAAAAJ
«S. SIDNEY FEIS,"L Schmidt-Atzert, SB Kohlhammer, A Waibel, T Hanazawa, G Hinton, ...",Signal Processing,"37 (3), 328-339",0,1989,NA,jW3pDOCzWhQC,Geoffrey Hinton,JicYPdAAAAAJ
Connectionist Models: Summer School: Selected Revised Papers,"D Touretzky, G Hinton, T Sejnowski",Morgan Kaufmann Publishers,,0,1989,NA,ipvhVhH6zQ8C,Geoffrey Hinton,JicYPdAAAAAJ
"(1985) David H. Ackley, Geoffrey E. Hinton, and Terrence J. Sejnowski, A learning algorithm for Boltzmann machines, Cognitive Science 9: 147-169","DH Ackley, GE Hinton, TJ Sejnowski",,,0,1988,NA,GfAJFcoWUJEC,Geoffrey Hinton,JicYPdAAAAAJ
DAVID H. ACKLEY,"GE HINTON, TJ SEJNOWSKI",Connectionist Models and Their Implications: Readings from Cognitive Science …,,0,1988,NA,MreiaWo1ERkC,Geoffrey Hinton,JicYPdAAAAAJ
Parallel Distributed Processing,"P de RumelhartSmolensky, J Mcclelland, G Hinton",,,0,1987,NA,0vYOBEH00j0C,Geoffrey Hinton,JicYPdAAAAAJ
A New Approach to Cognition—Connectionism,"JL McClelland, DE Rumelhart, GE Hinton",Le Debat,"47 (5), 45-64",0,1987,NA,oAywNP-vUhwC,Geoffrey Hinton,JicYPdAAAAAJ
List of Systems Comparative Problem Solving Systems 15-880: Advanced Topics in Al: Problem Solving Fall 1985,"G Hinton, T Mitchell, A Newell",,,0,1985,NA,54SpJiyHbzwC,Geoffrey Hinton,JicYPdAAAAAJ
Notes for Comparative Problem Solving Systems 15-880: Advanced Topics in Al: Problem Solving FalM 985,"G Hinton, T Mitchell, A Newell",,,0,1985,NA,Vxkav03X4woC,Geoffrey Hinton,JicYPdAAAAAJ
Three frames suffice,GE Hinton,Behavioral and Brain Sciences,"8 (2), 296-297",0,1985,NA,wMgC3FpKEyYC,Geoffrey Hinton,JicYPdAAAAAJ
Connectionism Versus Rules: The Nature of Theory on Cognitive Science,"A Collins, D Rumelhart, G Hinton, Z Pylyshyn, K van Lehn",Proceedings of the Annual Meeting of the Cognitive Science Society,6,0,1984,NA,lAfYOIClFDQC,Geoffrey Hinton,JicYPdAAAAAJ
"LOS ANGELES, CALIFORNIA",GA JOHNSTONE,Transactions of the American Association for the Study of Goiter,270,0,1947,NA,RW1BPcyHXiwC,Geoffrey Hinton,JicYPdAAAAAJ
On the Media-political Dimension of Artificial Intelligence Deep Learning as a Black Box and OpenAI1 Andreas Sudmann Neither machines nor programs are black boxes; they are …,"AK Toronto, I Sutskever, G Hinton",,,0,NA,NA,prvsfHNhuEoC,Geoffrey Hinton,JicYPdAAAAAJ
408 Simulating brain damage,"GE Hinton, DC Plaut, T Shallice",Exploring cognition: Damaged brains and neural networks: Readings in …,,0,NA,NA,OWslULmvb_UC,Geoffrey Hinton,JicYPdAAAAAJ
"Albawi, S., Mohammed, TA, & Al-Zawi, S.(2017). Understanding of a Convolutional Neural Network. International Conference on Engineering and Technology (ICET). Antalya, Turkey …","RC Gonzalez, RE Woods, SL Eddins, K He, X Zhang, S Ren, J Sun, ...",Data Engineering,"122, 12",0,NA,NA,ealulPZkXgsC,Geoffrey Hinton,JicYPdAAAAAJ
About the observatory,"G Hinton, D Learning",,,0,NA,NA,HfY9tUF4VgMC,Geoffrey Hinton,JicYPdAAAAAJ
The Origins of Artificial Intelligence: A Comprehensive Overview,"A Turing, J McCarthy, M Minsky, G Hinton, Y LeCun",,,0,NA,NA,yCEqH1SBpFUC,Geoffrey Hinton,JicYPdAAAAAJ
First workshop (1990): Eric B. Baum (NEC Research Labs); Thomas,"NJ Nilsson, G Hinton, D Haussler, G Wahba",,,0,NA,NA,xggF7591RyAC,Geoffrey Hinton,JicYPdAAAAAJ
"Geoffrey Hinton, The God Father of Deep Learning and Neural Network Innovator",G Hinton,,,0,NA,NA,YDt8mvgFZ2cC,Geoffrey Hinton,JicYPdAAAAAJ
Tim Kalman Marks,"T Sejnowski, G Cottrell, G Hinton",,,0,NA,NA,CzVmvSWNoUEC,Geoffrey Hinton,JicYPdAAAAAJ
首页> Web 开发> 详细,"A Krizhevsky, I Sutskever, GE Hinton",,,0,NA,NA,r5WMYYrv30cC,Geoffrey Hinton,JicYPdAAAAAJ
THE TENSIONS OF ALGORITHMIC THINKING,"A Delfanti, B Frey, Q DuPont, Z Elhanani, M Foucault, S Grossberg, ...",culture,"1, 11",0,NA,NA,bXvxhPDrUX0C,Geoffrey Hinton,JicYPdAAAAAJ
"AI> ML> deep> DNN supervised (regression, classification), unsupervised, reinforcement neuroscience diverge, converge Hasson, Uri, Samuel A. Nastase, and Ariel Goldstein …","TP Lillicrap, A Santoro, L Marris, CJ Akerman, G Hinton",International Journal of Automation and Computing,"14 (5), 503-51",0,NA,NA,R8TPKZP7usQC,Geoffrey Hinton,JicYPdAAAAAJ
373 Simplifying Neural Networks by Soft Weight Sharing,"SJ Nowlan, GE Hinton",The Mathematics of Generalization: The Proceedings of the SFI/CNLS Workshop …,,0,NA,NA,VFGfXyYpp08C,Geoffrey Hinton,JicYPdAAAAAJ
AlexNet 论文翻译-ImageNet Classification with Deep Convolutional Neural Networks,"A Krizhevsky, I Sutskever, GE Hinton",,,0,NA,NA,3q5vy9RXY8EC,Geoffrey Hinton,JicYPdAAAAAJ
Creative Commons BY License ISSN 2824-7795,"L van der Maaten, G Hinton",,,0,NA,NA,LGh1lRt-7sUC,Geoffrey Hinton,JicYPdAAAAAJ
"ican Society of Mechanical Engineers, ASME Press, 1992.","SJ Hanson, RP Lippmann, DE Rumelhart, GE Hinton, RJ Williams",,,0,NA,NA,eP5N1itS6b0C,Geoffrey Hinton,JicYPdAAAAAJ
Sequential Thought Processes in PDP Models,GE HINTON,,,0,NA,NA,QxlgOPrhsAcC,Geoffrey Hinton,JicYPdAAAAAJ
"Attend, Infer, Repeat: Fast Scene Understanding with Deep Generative Models","SMA Eslami, N Heess, T Weber, Y Tassa, D Szepesvari, K Kavukcuoglu, ...",,,0,NA,NA,X1xEhyGaivYC,Geoffrey Hinton,JicYPdAAAAAJ
AlexNet 论文翻译-ImageNet Classification with Deep Convolutional Neural Networks-程序员宅基地,"A Krizhevsky, I Sutskever, GE Hinton",,,0,NA,NA,8_tS2Vw13FcC,Geoffrey Hinton,JicYPdAAAAAJ
WJ CLANCEY,"A LC, S AMAREL, Y ANZAI, HG BARROW, H BERLINER, RS BOYER, ...",,,0,NA,NA,rAN7mHg6NlYC,Geoffrey Hinton,JicYPdAAAAAJ
深度卷积神经网络的 ImageNet 分类,"A Krizhevsky, I Sutskever, GE Hinton",,,0,NA,NA,4WewbtJKmRkC,Geoffrey Hinton,JicYPdAAAAAJ
Inverting Generative Black Boxes with Breeder Learning,"V Nair, JM Susskind, G Hinton",,,0,NA,NA,ZYLUaBFA95QC,Geoffrey Hinton,JicYPdAAAAAJ
THROUGH MATRIX INVERSION AFTER NOISE INJECTION,"Y Le Cun, CC Galland, GE Hinton",,,0,NA,NA,PYBJJbyH-FwC,Geoffrey Hinton,JicYPdAAAAAJ
